checkpoint,revid,ticker,company
2021-01-22,1001548988,AAPL,Apple Inc.
2021-01-22,1001548988,ABBV,AbbVie Inc.
2021-01-22,1001548988,ABT,Abbott Laboratories
2021-01-22,1001548988,ACN,Accenture
2021-01-22,1001548988,ADBE,Adobe Inc.
2021-01-22,1001548988,AIG,American International Group
2021-01-22,1001548988,ALL,Allstate
2021-01-22,1001548988,AMGN,Amgen Inc.
2021-01-22,1001548988,AMT,American Tower
2021-01-22,1001548988,AMZN,Amazon.com
2021-01-22,1001548988,AXP,American Express
2021-01-22,1001548988,BA,Boeing Co.
2021-01-22,1001548988,BAC,Bank of America Corp
2021-01-22,1001548988,BIIB,Biogen
2021-01-22,1001548988,BK,The Bank of New York Mellon
2021-01-22,1001548988,BKNG,Booking Holdings
2021-01-22,1001548988,BLK,BlackRock Inc
2021-01-22,1001548988,BMY,Bristol-Myers Squibb
2021-01-22,1001548988,C,Citigroup Inc
2021-01-22,1001548988,CAT,Caterpillar Inc.
2021-01-22,1001548988,CHTR,Charter Communications
2021-01-22,1001548988,CL,Colgate-Palmolive
2021-01-22,1001548988,CMCSA,Comcast Corp.
2021-01-22,1001548988,COF,Capital One Financial Corp.
2021-01-22,1001548988,COP,ConocoPhillips
2021-01-22,1001548988,COST,Costco Wholesale Corp.
2021-01-22,1001548988,CRM,salesforce.com
2021-01-22,1001548988,CSCO,Cisco Systems
2021-01-22,1001548988,CVS,CVS Health
2021-01-22,1001548988,CVX,Chevron Corporation
2021-01-22,1001548988,DD,DuPont de Nemours Inc
2021-01-22,1001548988,DHR,Danaher Corporation
2021-01-22,1001548988,DIS,The Walt Disney Company
2021-01-22,1001548988,DOW,Dow Inc.
2021-01-22,1001548988,DUK,Duke Energy
2021-01-22,1001548988,EMR,Emerson Electric Co.
2021-01-22,1001548988,EXC,Exelon
2021-01-22,1001548988,F,Ford Motor Company
2021-01-22,1001548988,FB,"Facebook, Inc."
2021-01-22,1001548988,FDX,FedEx
2021-01-22,1001548988,GD,General Dynamics
2021-01-22,1001548988,GE,General Electric
2021-01-22,1001548988,GILD,Gilead Sciences
2021-01-22,1001548988,GM,General Motors
2021-01-22,1001548988,GOOG,Alphabet Inc.(Class C)
2021-01-22,1001548988,GOOGL,Alphabet Inc.(Class A)
2021-01-22,1001548988,GS,Goldman Sachs
2021-01-22,1001548988,HD,The Home Depot
2021-01-22,1001548988,HON,Honeywell
2021-01-22,1001548988,IBM,International Business Machines
2021-01-22,1001548988,INTC,Intel Corp.
2021-01-22,1001548988,JNJ,Johnson & Johnson
2021-01-22,1001548988,JPM,JPMorgan Chase & Co.
2021-01-22,1001548988,KHC,Kraft Heinz
2021-01-22,1001548988,KMI,Kinder Morgan
2021-01-22,1001548988,KO,The Coca-Cola Company
2021-01-22,1001548988,LLY,Eli Lilly and Company
2021-01-22,1001548988,LMT,Lockheed Martin
2021-01-22,1001548988,LOW,Lowe's
2021-01-22,1001548988,MA,MasterCard Inc
2021-01-22,1001548988,MCD,McDonald's Corp
2021-01-22,1001548988,MDLZ,Mondelēz International
2021-01-22,1001548988,MDT,Medtronic plc
2021-01-22,1001548988,MET,MetLife Inc.
2021-01-22,1001548988,MMM,3M Company
2021-01-22,1001548988,MO,Altria Group
2021-01-22,1001548988,MRK,Merck & Co.
2021-01-22,1001548988,MS,Morgan Stanley
2021-01-22,1001548988,MSFT,Microsoft
2021-01-22,1001548988,NEE,NextEra Energy
2021-01-22,1001548988,NFLX,Netflix
2021-01-22,1001548988,NKE,"Nike, Inc."
2021-01-22,1001548988,NVDA,Nvidia Corporation
2021-01-22,1001548988,ORCL,Oracle Corporation
2021-01-22,1001548988,PEP,PepsiCo
2021-01-22,1001548988,PFE,Pfizer Inc
2021-01-22,1001548988,PG,Procter & Gamble
2021-01-22,1001548988,PM,Philip Morris International
2021-01-22,1001548988,PYPL,PayPal
2021-01-22,1001548988,QCOM,Qualcomm
2021-01-22,1001548988,RTX,Raytheon Technologies
2021-01-22,1001548988,SBUX,Starbucks Corp.
2021-01-22,1001548988,SLB,Schlumberger
2021-01-22,1001548988,SO,Southern Company
2021-01-22,1001548988,SPG,Simon Property Group
2021-01-22,1001548988,T,AT&T Inc
2021-01-22,1001548988,TGT,Target Corporation
2021-01-22,1001548988,TMO,Thermo Fisher Scientific
2021-01-22,1001548988,TSLA,"Tesla, Inc."
2021-01-22,1001548988,TXN,Texas Instruments
2021-01-22,1001548988,UNH,UnitedHealth Group
2021-01-22,1001548988,UNP,Union Pacific Corporation
2021-01-22,1001548988,UPS,United Parcel Service
2021-01-22,1001548988,USB,U.S. Bancorp
2021-01-22,1001548988,V,Visa Inc.
2021-01-22,1001548988,VZ,Verizon Communications
2021-01-22,1001548988,WBA,Walgreens Boots Alliance
2021-01-22,1001548988,WFC,Wells Fargo
2021-01-22,1001548988,WMT,Walmart
2021-01-22,1001548988,XOM,Exxon Mobil Corp.
2021-01-29,1002964260,AAPL,Apple Inc.
2021-01-29,1002964260,ABBV,AbbVie Inc.
2021-01-29,1002964260,ABT,Abbott Laboratories
2021-01-29,1002964260,ACN,Accenture
2021-01-29,1002964260,ADBE,Adobe Inc.
2021-01-29,1002964260,AIG,American International Group
2021-01-29,1002964260,ALL,Allstate
2021-01-29,1002964260,AMGN,Amgen Inc.
2021-01-29,1002964260,AMT,American Tower
2021-01-29,1002964260,AMZN,Amazon.com
2021-01-29,1002964260,AXP,American Express
2021-01-29,1002964260,BA,Boeing Co.
2021-01-29,1002964260,BAC,Bank of America Corp
2021-01-29,1002964260,BIIB,Biogen
2021-01-29,1002964260,BK,The Bank of New York Mellon
2021-01-29,1002964260,BKNG,Booking Holdings
2021-01-29,1002964260,BLK,BlackRock Inc
2021-01-29,1002964260,BMY,Bristol-Myers Squibb
2021-01-29,1002964260,C,Citigroup Inc
2021-01-29,1002964260,CAT,Caterpillar Inc.
2021-01-29,1002964260,CHTR,Charter Communications
2021-01-29,1002964260,CL,Colgate-Palmolive
2021-01-29,1002964260,CMCSA,Comcast Corp.
2021-01-29,1002964260,COF,Capital One Financial Corp.
2021-01-29,1002964260,COP,ConocoPhillips
2021-01-29,1002964260,COST,Costco Wholesale Corp.
2021-01-29,1002964260,CRM,salesforce.com
2021-01-29,1002964260,CSCO,Cisco Systems
2021-01-29,1002964260,CVS,CVS Health
2021-01-29,1002964260,CVX,Chevron Corporation
2021-01-29,1002964260,DD,DuPont de Nemours Inc
2021-01-29,1002964260,DHR,Danaher Corporation
2021-01-29,1002964260,DIS,The Walt Disney Company
2021-01-29,1002964260,DOW,Dow Inc.
2021-01-29,1002964260,DUK,Duke Energy
2021-01-29,1002964260,EMR,Emerson Electric Co.
2021-01-29,1002964260,EXC,Exelon
2021-01-29,1002964260,F,Ford Motor Company
2021-01-29,1002964260,FB,"Facebook, Inc."
2021-01-29,1002964260,FDX,FedEx
2021-01-29,1002964260,GD,General Dynamics
2021-01-29,1002964260,GE,General Electric
2021-01-29,1002964260,GILD,Gilead Sciences
2021-01-29,1002964260,GM,General Motors
2021-01-29,1002964260,GOOG,Alphabet Inc.(Class C)
2021-01-29,1002964260,GOOGL,Alphabet Inc.(Class A)
2021-01-29,1002964260,GS,Goldman Sachs
2021-01-29,1002964260,HD,The Home Depot
2021-01-29,1002964260,HON,Honeywell
2021-01-29,1002964260,IBM,International Business Machines
2021-01-29,1002964260,INTC,Intel Corp.
2021-01-29,1002964260,JNJ,Johnson & Johnson
2021-01-29,1002964260,JPM,JPMorgan Chase & Co.
2021-01-29,1002964260,KHC,Kraft Heinz
2021-01-29,1002964260,KMI,Kinder Morgan
2021-01-29,1002964260,KO,The Coca-Cola Company
2021-01-29,1002964260,LLY,Eli Lilly and Company
2021-01-29,1002964260,LMT,Lockheed Martin
2021-01-29,1002964260,LOW,Lowe's
2021-01-29,1002964260,MA,MasterCard Inc
2021-01-29,1002964260,MCD,McDonald's Corp
2021-01-29,1002964260,MDLZ,Mondelēz International
2021-01-29,1002964260,MDT,Medtronic plc
2021-01-29,1002964260,MET,MetLife Inc.
2021-01-29,1002964260,MMM,3M Company
2021-01-29,1002964260,MO,Altria Group
2021-01-29,1002964260,MRK,Merck & Co.
2021-01-29,1002964260,MS,Morgan Stanley
2021-01-29,1002964260,MSFT,Microsoft
2021-01-29,1002964260,NEE,NextEra Energy
2021-01-29,1002964260,NFLX,Netflix
2021-01-29,1002964260,NKE,"Nike, Inc."
2021-01-29,1002964260,NVDA,Nvidia Corporation
2021-01-29,1002964260,ORCL,Oracle Corporation
2021-01-29,1002964260,PEP,PepsiCo
2021-01-29,1002964260,PFE,Pfizer Inc
2021-01-29,1002964260,PG,Procter & Gamble
2021-01-29,1002964260,PM,Philip Morris International
2021-01-29,1002964260,PYPL,PayPal
2021-01-29,1002964260,QCOM,Qualcomm
2021-01-29,1002964260,RTX,Raytheon Technologies
2021-01-29,1002964260,SBUX,Starbucks Corp.
2021-01-29,1002964260,SLB,Schlumberger
2021-01-29,1002964260,SO,Southern Company
2021-01-29,1002964260,SPG,Simon Property Group
2021-01-29,1002964260,T,AT&T Inc
2021-01-29,1002964260,TGT,Target Corporation
2021-01-29,1002964260,TMO,Thermo Fisher Scientific
2021-01-29,1002964260,TSLA,"Tesla, Inc."
2021-01-29,1002964260,TXN,Texas Instruments
2021-01-29,1002964260,UNH,UnitedHealth Group
2021-01-29,1002964260,UNP,Union Pacific Corporation
2021-01-29,1002964260,UPS,United Parcel Service
2021-01-29,1002964260,USB,U.S. Bancorp
2021-01-29,1002964260,V,Visa Inc.
2021-01-29,1002964260,VZ,Verizon Communications
2021-01-29,1002964260,WBA,Walgreens Boots Alliance
2021-01-29,1002964260,WFC,Wells Fargo
2021-01-29,1002964260,WMT,Walmart
2021-01-29,1002964260,XOM,Exxon Mobil Corp.
2021-02-05,1004315100,AAPL,Apple Inc.
2021-02-05,1004315100,ABBV,AbbVie Inc.
2021-02-05,1004315100,ABT,Abbott Laboratories
2021-02-05,1004315100,ACN,Accenture
2021-02-05,1004315100,ADBE,Adobe Inc.
2021-02-05,1004315100,AIG,American International Group
2021-02-05,1004315100,ALL,Allstate
2021-02-05,1004315100,AMGN,Amgen Inc.
2021-02-05,1004315100,AMT,American Tower
2021-02-05,1004315100,AMZN,Amazon.com
2021-02-05,1004315100,AXP,American Express
2021-02-05,1004315100,BA,Boeing Co.
2021-02-05,1004315100,BAC,Bank of America Corp
2021-02-05,1004315100,BIIB,Biogen
2021-02-05,1004315100,BK,The Bank of New York Mellon
2021-02-05,1004315100,BKNG,Booking Holdings
2021-02-05,1004315100,BLK,BlackRock Inc
2021-02-05,1004315100,BMY,Bristol-Myers Squibb
2021-02-05,1004315100,C,Citigroup Inc
2021-02-05,1004315100,CAT,Caterpillar Inc.
2021-02-05,1004315100,CHTR,Charter Communications
2021-02-05,1004315100,CL,Colgate-Palmolive
2021-02-05,1004315100,CMCSA,Comcast Corp.
2021-02-05,1004315100,COF,Capital One Financial Corp.
2021-02-05,1004315100,COP,ConocoPhillips
2021-02-05,1004315100,COST,Costco Wholesale Corp.
2021-02-05,1004315100,CRM,salesforce.com
2021-02-05,1004315100,CSCO,Cisco Systems
2021-02-05,1004315100,CVS,CVS Health
2021-02-05,1004315100,CVX,Chevron Corporation
2021-02-05,1004315100,DD,DuPont de Nemours Inc
2021-02-05,1004315100,DHR,Danaher Corporation
2021-02-05,1004315100,DIS,The Walt Disney Company
2021-02-05,1004315100,DOW,Dow Inc.
2021-02-05,1004315100,DUK,Duke Energy
2021-02-05,1004315100,EMR,Emerson Electric Co.
2021-02-05,1004315100,EXC,Exelon
2021-02-05,1004315100,F,Ford Motor Company
2021-02-05,1004315100,FB,"Facebook, Inc."
2021-02-05,1004315100,FDX,FedEx
2021-02-05,1004315100,GD,General Dynamics
2021-02-05,1004315100,GE,General Electric
2021-02-05,1004315100,GILD,Gilead Sciences
2021-02-05,1004315100,GM,General Motors
2021-02-05,1004315100,GOOG,Alphabet Inc.(Class C)
2021-02-05,1004315100,GOOGL,Alphabet Inc.(Class A)
2021-02-05,1004315100,GS,Goldman Sachs
2021-02-05,1004315100,HD,The Home Depot
2021-02-05,1004315100,HON,Honeywell
2021-02-05,1004315100,IBM,International Business Machines
2021-02-05,1004315100,INTC,Intel Corp.
2021-02-05,1004315100,JNJ,Johnson & Johnson
2021-02-05,1004315100,JPM,JPMorgan Chase & Co.
2021-02-05,1004315100,KHC,Kraft Heinz
2021-02-05,1004315100,KMI,Kinder Morgan
2021-02-05,1004315100,KO,The Coca-Cola Company
2021-02-05,1004315100,LLY,Eli Lilly and Company
2021-02-05,1004315100,LMT,Lockheed Martin
2021-02-05,1004315100,LOW,Lowe's
2021-02-05,1004315100,MA,MasterCard Inc
2021-02-05,1004315100,MCD,McDonald's Corp
2021-02-05,1004315100,MDLZ,Mondelēz International
2021-02-05,1004315100,MDT,Medtronic plc
2021-02-05,1004315100,MET,MetLife Inc.
2021-02-05,1004315100,MMM,3M Company
2021-02-05,1004315100,MO,Altria Group
2021-02-05,1004315100,MRK,Merck & Co.
2021-02-05,1004315100,MS,Morgan Stanley
2021-02-05,1004315100,MSFT,Microsoft
2021-02-05,1004315100,NEE,NextEra Energy
2021-02-05,1004315100,NFLX,Netflix
2021-02-05,1004315100,NKE,"Nike, Inc."
2021-02-05,1004315100,NVDA,Nvidia Corporation
2021-02-05,1004315100,ORCL,Oracle Corporation
2021-02-05,1004315100,PEP,PepsiCo
2021-02-05,1004315100,PFE,Pfizer Inc
2021-02-05,1004315100,PG,Procter & Gamble
2021-02-05,1004315100,PM,Philip Morris International
2021-02-05,1004315100,PYPL,PayPal
2021-02-05,1004315100,QCOM,Qualcomm
2021-02-05,1004315100,RTX,Raytheon Technologies
2021-02-05,1004315100,SBUX,Starbucks Corp.
2021-02-05,1004315100,SLB,Schlumberger
2021-02-05,1004315100,SO,Southern Company
2021-02-05,1004315100,SPG,Simon Property Group
2021-02-05,1004315100,T,AT&T Inc
2021-02-05,1004315100,TGT,Target Corporation
2021-02-05,1004315100,TMO,Thermo Fisher Scientific
2021-02-05,1004315100,TSLA,"Tesla, Inc."
2021-02-05,1004315100,TXN,Texas Instruments
2021-02-05,1004315100,UNH,UnitedHealth Group
2021-02-05,1004315100,UNP,Union Pacific Corporation
2021-02-05,1004315100,UPS,United Parcel Service
2021-02-05,1004315100,USB,U.S. Bancorp
2021-02-05,1004315100,V,Visa Inc.
2021-02-05,1004315100,VZ,Verizon Communications
2021-02-05,1004315100,WBA,Walgreens Boots Alliance
2021-02-05,1004315100,WFC,Wells Fargo
2021-02-05,1004315100,WMT,Walmart
2021-02-05,1004315100,XOM,Exxon Mobil Corp.
2021-02-12,1004315100,AAPL,Apple Inc.
2021-02-12,1004315100,ABBV,AbbVie Inc.
2021-02-12,1004315100,ABT,Abbott Laboratories
2021-02-12,1004315100,ACN,Accenture
2021-02-12,1004315100,ADBE,Adobe Inc.
2021-02-12,1004315100,AIG,American International Group
2021-02-12,1004315100,ALL,Allstate
2021-02-12,1004315100,AMGN,Amgen Inc.
2021-02-12,1004315100,AMT,American Tower
2021-02-12,1004315100,AMZN,Amazon.com
2021-02-12,1004315100,AXP,American Express
2021-02-12,1004315100,BA,Boeing Co.
2021-02-12,1004315100,BAC,Bank of America Corp
2021-02-12,1004315100,BIIB,Biogen
2021-02-12,1004315100,BK,The Bank of New York Mellon
2021-02-12,1004315100,BKNG,Booking Holdings
2021-02-12,1004315100,BLK,BlackRock Inc
2021-02-12,1004315100,BMY,Bristol-Myers Squibb
2021-02-12,1004315100,C,Citigroup Inc
2021-02-12,1004315100,CAT,Caterpillar Inc.
2021-02-12,1004315100,CHTR,Charter Communications
2021-02-12,1004315100,CL,Colgate-Palmolive
2021-02-12,1004315100,CMCSA,Comcast Corp.
2021-02-12,1004315100,COF,Capital One Financial Corp.
2021-02-12,1004315100,COP,ConocoPhillips
2021-02-12,1004315100,COST,Costco Wholesale Corp.
2021-02-12,1004315100,CRM,salesforce.com
2021-02-12,1004315100,CSCO,Cisco Systems
2021-02-12,1004315100,CVS,CVS Health
2021-02-12,1004315100,CVX,Chevron Corporation
2021-02-12,1004315100,DD,DuPont de Nemours Inc
2021-02-12,1004315100,DHR,Danaher Corporation
2021-02-12,1004315100,DIS,The Walt Disney Company
2021-02-12,1004315100,DOW,Dow Inc.
2021-02-12,1004315100,DUK,Duke Energy
2021-02-12,1004315100,EMR,Emerson Electric Co.
2021-02-12,1004315100,EXC,Exelon
2021-02-12,1004315100,F,Ford Motor Company
2021-02-12,1004315100,FB,"Facebook, Inc."
2021-02-12,1004315100,FDX,FedEx
2021-02-12,1004315100,GD,General Dynamics
2021-02-12,1004315100,GE,General Electric
2021-02-12,1004315100,GILD,Gilead Sciences
2021-02-12,1004315100,GM,General Motors
2021-02-12,1004315100,GOOG,Alphabet Inc.(Class C)
2021-02-12,1004315100,GOOGL,Alphabet Inc.(Class A)
2021-02-12,1004315100,GS,Goldman Sachs
2021-02-12,1004315100,HD,The Home Depot
2021-02-12,1004315100,HON,Honeywell
2021-02-12,1004315100,IBM,International Business Machines
2021-02-12,1004315100,INTC,Intel Corp.
2021-02-12,1004315100,JNJ,Johnson & Johnson
2021-02-12,1004315100,JPM,JPMorgan Chase & Co.
2021-02-12,1004315100,KHC,Kraft Heinz
2021-02-12,1004315100,KMI,Kinder Morgan
2021-02-12,1004315100,KO,The Coca-Cola Company
2021-02-12,1004315100,LLY,Eli Lilly and Company
2021-02-12,1004315100,LMT,Lockheed Martin
2021-02-12,1004315100,LOW,Lowe's
2021-02-12,1004315100,MA,MasterCard Inc
2021-02-12,1004315100,MCD,McDonald's Corp
2021-02-12,1004315100,MDLZ,Mondelēz International
2021-02-12,1004315100,MDT,Medtronic plc
2021-02-12,1004315100,MET,MetLife Inc.
2021-02-12,1004315100,MMM,3M Company
2021-02-12,1004315100,MO,Altria Group
2021-02-12,1004315100,MRK,Merck & Co.
2021-02-12,1004315100,MS,Morgan Stanley
2021-02-12,1004315100,MSFT,Microsoft
2021-02-12,1004315100,NEE,NextEra Energy
2021-02-12,1004315100,NFLX,Netflix
2021-02-12,1004315100,NKE,"Nike, Inc."
2021-02-12,1004315100,NVDA,Nvidia Corporation
2021-02-12,1004315100,ORCL,Oracle Corporation
2021-02-12,1004315100,PEP,PepsiCo
2021-02-12,1004315100,PFE,Pfizer Inc
2021-02-12,1004315100,PG,Procter & Gamble
2021-02-12,1004315100,PM,Philip Morris International
2021-02-12,1004315100,PYPL,PayPal
2021-02-12,1004315100,QCOM,Qualcomm
2021-02-12,1004315100,RTX,Raytheon Technologies
2021-02-12,1004315100,SBUX,Starbucks Corp.
2021-02-12,1004315100,SLB,Schlumberger
2021-02-12,1004315100,SO,Southern Company
2021-02-12,1004315100,SPG,Simon Property Group
2021-02-12,1004315100,T,AT&T Inc
2021-02-12,1004315100,TGT,Target Corporation
2021-02-12,1004315100,TMO,Thermo Fisher Scientific
2021-02-12,1004315100,TSLA,"Tesla, Inc."
2021-02-12,1004315100,TXN,Texas Instruments
2021-02-12,1004315100,UNH,UnitedHealth Group
2021-02-12,1004315100,UNP,Union Pacific Corporation
2021-02-12,1004315100,UPS,United Parcel Service
2021-02-12,1004315100,USB,U.S. Bancorp
2021-02-12,1004315100,V,Visa Inc.
2021-02-12,1004315100,VZ,Verizon Communications
2021-02-12,1004315100,WBA,Walgreens Boots Alliance
2021-02-12,1004315100,WFC,Wells Fargo
2021-02-12,1004315100,WMT,Walmart
2021-02-12,1004315100,XOM,Exxon Mobil Corp.
2021-02-19,1006629845,AAPL,Apple Inc.
2021-02-19,1006629845,ABBV,AbbVie Inc.
2021-02-19,1006629845,ABT,Abbott Laboratories
2021-02-19,1006629845,ACN,Accenture
2021-02-19,1006629845,ADBE,Adobe Inc.
2021-02-19,1006629845,AIG,American International Group
2021-02-19,1006629845,ALL,Allstate
2021-02-19,1006629845,AMGN,Amgen Inc.
2021-02-19,1006629845,AMT,American Tower
2021-02-19,1006629845,AMZN,Amazon.com
2021-02-19,1006629845,AXP,American Express
2021-02-19,1006629845,BA,Boeing Co.
2021-02-19,1006629845,BAC,Bank of America Corp
2021-02-19,1006629845,BIIB,Biogen
2021-02-19,1006629845,BK,The Bank of New York Mellon
2021-02-19,1006629845,BKNG,Booking Holdings
2021-02-19,1006629845,BLK,BlackRock Inc
2021-02-19,1006629845,BMY,Bristol-Myers Squibb
2021-02-19,1006629845,C,Citigroup Inc
2021-02-19,1006629845,CAT,Caterpillar Inc.
2021-02-19,1006629845,CHTR,Charter Communications
2021-02-19,1006629845,CL,Colgate-Palmolive
2021-02-19,1006629845,CMCSA,Comcast Corp.
2021-02-19,1006629845,COF,Capital One Financial Corp.
2021-02-19,1006629845,COP,ConocoPhillips
2021-02-19,1006629845,COST,Costco Wholesale Corp.
2021-02-19,1006629845,CRM,Salesforce
2021-02-19,1006629845,CSCO,Cisco Systems
2021-02-19,1006629845,CVS,CVS Health
2021-02-19,1006629845,CVX,Chevron Corporation
2021-02-19,1006629845,DD,DuPont de Nemours Inc
2021-02-19,1006629845,DHR,Danaher Corporation
2021-02-19,1006629845,DIS,The Walt Disney Company
2021-02-19,1006629845,DOW,Dow Inc.
2021-02-19,1006629845,DUK,Duke Energy
2021-02-19,1006629845,EMR,Emerson Electric Co.
2021-02-19,1006629845,EXC,Exelon
2021-02-19,1006629845,F,Ford Motor Company
2021-02-19,1006629845,FB,"Facebook, Inc."
2021-02-19,1006629845,FDX,FedEx
2021-02-19,1006629845,GD,General Dynamics
2021-02-19,1006629845,GE,General Electric
2021-02-19,1006629845,GILD,Gilead Sciences
2021-02-19,1006629845,GM,General Motors
2021-02-19,1006629845,GOOG,Alphabet Inc.(Class C)
2021-02-19,1006629845,GOOGL,Alphabet Inc.(Class A)
2021-02-19,1006629845,GS,Goldman Sachs
2021-02-19,1006629845,HD,The Home Depot
2021-02-19,1006629845,HON,Honeywell
2021-02-19,1006629845,IBM,International Business Machines
2021-02-19,1006629845,INTC,Intel Corp.
2021-02-19,1006629845,JNJ,Johnson & Johnson
2021-02-19,1006629845,JPM,JPMorgan Chase & Co.
2021-02-19,1006629845,KHC,Kraft Heinz
2021-02-19,1006629845,KMI,Kinder Morgan
2021-02-19,1006629845,KO,The Coca-Cola Company
2021-02-19,1006629845,LLY,Eli Lilly and Company
2021-02-19,1006629845,LMT,Lockheed Martin
2021-02-19,1006629845,LOW,Lowe's
2021-02-19,1006629845,MA,Mastercard
2021-02-19,1006629845,MCD,McDonald's Corp
2021-02-19,1006629845,MDLZ,Mondelēz International
2021-02-19,1006629845,MDT,Medtronic plc
2021-02-19,1006629845,MET,MetLife Inc.
2021-02-19,1006629845,MMM,3M Company
2021-02-19,1006629845,MO,Altria Group
2021-02-19,1006629845,MRK,Merck & Co.
2021-02-19,1006629845,MS,Morgan Stanley
2021-02-19,1006629845,MSFT,Microsoft
2021-02-19,1006629845,NEE,NextEra Energy
2021-02-19,1006629845,NFLX,Netflix
2021-02-19,1006629845,NKE,"Nike, Inc."
2021-02-19,1006629845,NVDA,Nvidia Corporation
2021-02-19,1006629845,ORCL,Oracle Corporation
2021-02-19,1006629845,PEP,PepsiCo
2021-02-19,1006629845,PFE,Pfizer Inc
2021-02-19,1006629845,PG,Procter & Gamble
2021-02-19,1006629845,PM,Philip Morris International
2021-02-19,1006629845,PYPL,PayPal
2021-02-19,1006629845,QCOM,Qualcomm
2021-02-19,1006629845,RTX,Raytheon Technologies
2021-02-19,1006629845,SBUX,Starbucks Corp.
2021-02-19,1006629845,SLB,Schlumberger
2021-02-19,1006629845,SO,Southern Company
2021-02-19,1006629845,SPG,Simon Property Group
2021-02-19,1006629845,T,AT&T Inc
2021-02-19,1006629845,TGT,Target Corporation
2021-02-19,1006629845,TMO,Thermo Fisher Scientific
2021-02-19,1006629845,TSLA,"Tesla, Inc."
2021-02-19,1006629845,TXN,Texas Instruments
2021-02-19,1006629845,UNH,UnitedHealth Group
2021-02-19,1006629845,UNP,Union Pacific Corporation
2021-02-19,1006629845,UPS,United Parcel Service
2021-02-19,1006629845,USB,U.S. Bancorp
2021-02-19,1006629845,V,Visa Inc.
2021-02-19,1006629845,VZ,Verizon Communications
2021-02-19,1006629845,WBA,Walgreens Boots Alliance
2021-02-19,1006629845,WFC,Wells Fargo
2021-02-19,1006629845,WMT,Walmart
2021-02-19,1006629845,XOM,Exxon Mobil Corp.
2021-02-26,1006629845,AAPL,Apple Inc.
2021-02-26,1006629845,ABBV,AbbVie Inc.
2021-02-26,1006629845,ABT,Abbott Laboratories
2021-02-26,1006629845,ACN,Accenture
2021-02-26,1006629845,ADBE,Adobe Inc.
2021-02-26,1006629845,AIG,American International Group
2021-02-26,1006629845,ALL,Allstate
2021-02-26,1006629845,AMGN,Amgen Inc.
2021-02-26,1006629845,AMT,American Tower
2021-02-26,1006629845,AMZN,Amazon.com
2021-02-26,1006629845,AXP,American Express
2021-02-26,1006629845,BA,Boeing Co.
2021-02-26,1006629845,BAC,Bank of America Corp
2021-02-26,1006629845,BIIB,Biogen
2021-02-26,1006629845,BK,The Bank of New York Mellon
2021-02-26,1006629845,BKNG,Booking Holdings
2021-02-26,1006629845,BLK,BlackRock Inc
2021-02-26,1006629845,BMY,Bristol-Myers Squibb
2021-02-26,1006629845,C,Citigroup Inc
2021-02-26,1006629845,CAT,Caterpillar Inc.
2021-02-26,1006629845,CHTR,Charter Communications
2021-02-26,1006629845,CL,Colgate-Palmolive
2021-02-26,1006629845,CMCSA,Comcast Corp.
2021-02-26,1006629845,COF,Capital One Financial Corp.
2021-02-26,1006629845,COP,ConocoPhillips
2021-02-26,1006629845,COST,Costco Wholesale Corp.
2021-02-26,1006629845,CRM,Salesforce
2021-02-26,1006629845,CSCO,Cisco Systems
2021-02-26,1006629845,CVS,CVS Health
2021-02-26,1006629845,CVX,Chevron Corporation
2021-02-26,1006629845,DD,DuPont de Nemours Inc
2021-02-26,1006629845,DHR,Danaher Corporation
2021-02-26,1006629845,DIS,The Walt Disney Company
2021-02-26,1006629845,DOW,Dow Inc.
2021-02-26,1006629845,DUK,Duke Energy
2021-02-26,1006629845,EMR,Emerson Electric Co.
2021-02-26,1006629845,EXC,Exelon
2021-02-26,1006629845,F,Ford Motor Company
2021-02-26,1006629845,FB,"Facebook, Inc."
2021-02-26,1006629845,FDX,FedEx
2021-02-26,1006629845,GD,General Dynamics
2021-02-26,1006629845,GE,General Electric
2021-02-26,1006629845,GILD,Gilead Sciences
2021-02-26,1006629845,GM,General Motors
2021-02-26,1006629845,GOOG,Alphabet Inc.(Class C)
2021-02-26,1006629845,GOOGL,Alphabet Inc.(Class A)
2021-02-26,1006629845,GS,Goldman Sachs
2021-02-26,1006629845,HD,The Home Depot
2021-02-26,1006629845,HON,Honeywell
2021-02-26,1006629845,IBM,International Business Machines
2021-02-26,1006629845,INTC,Intel Corp.
2021-02-26,1006629845,JNJ,Johnson & Johnson
2021-02-26,1006629845,JPM,JPMorgan Chase & Co.
2021-02-26,1006629845,KHC,Kraft Heinz
2021-02-26,1006629845,KMI,Kinder Morgan
2021-02-26,1006629845,KO,The Coca-Cola Company
2021-02-26,1006629845,LLY,Eli Lilly and Company
2021-02-26,1006629845,LMT,Lockheed Martin
2021-02-26,1006629845,LOW,Lowe's
2021-02-26,1006629845,MA,Mastercard
2021-02-26,1006629845,MCD,McDonald's Corp
2021-02-26,1006629845,MDLZ,Mondelēz International
2021-02-26,1006629845,MDT,Medtronic plc
2021-02-26,1006629845,MET,MetLife Inc.
2021-02-26,1006629845,MMM,3M Company
2021-02-26,1006629845,MO,Altria Group
2021-02-26,1006629845,MRK,Merck & Co.
2021-02-26,1006629845,MS,Morgan Stanley
2021-02-26,1006629845,MSFT,Microsoft
2021-02-26,1006629845,NEE,NextEra Energy
2021-02-26,1006629845,NFLX,Netflix
2021-02-26,1006629845,NKE,"Nike, Inc."
2021-02-26,1006629845,NVDA,Nvidia Corporation
2021-02-26,1006629845,ORCL,Oracle Corporation
2021-02-26,1006629845,PEP,PepsiCo
2021-02-26,1006629845,PFE,Pfizer Inc
2021-02-26,1006629845,PG,Procter & Gamble
2021-02-26,1006629845,PM,Philip Morris International
2021-02-26,1006629845,PYPL,PayPal
2021-02-26,1006629845,QCOM,Qualcomm
2021-02-26,1006629845,RTX,Raytheon Technologies
2021-02-26,1006629845,SBUX,Starbucks Corp.
2021-02-26,1006629845,SLB,Schlumberger
2021-02-26,1006629845,SO,Southern Company
2021-02-26,1006629845,SPG,Simon Property Group
2021-02-26,1006629845,T,AT&T Inc
2021-02-26,1006629845,TGT,Target Corporation
2021-02-26,1006629845,TMO,Thermo Fisher Scientific
2021-02-26,1006629845,TSLA,"Tesla, Inc."
2021-02-26,1006629845,TXN,Texas Instruments
2021-02-26,1006629845,UNH,UnitedHealth Group
2021-02-26,1006629845,UNP,Union Pacific Corporation
2021-02-26,1006629845,UPS,United Parcel Service
2021-02-26,1006629845,USB,U.S. Bancorp
2021-02-26,1006629845,V,Visa Inc.
2021-02-26,1006629845,VZ,Verizon Communications
2021-02-26,1006629845,WBA,Walgreens Boots Alliance
2021-02-26,1006629845,WFC,Wells Fargo
2021-02-26,1006629845,WMT,Walmart
2021-02-26,1006629845,XOM,Exxon Mobil Corp.
2021-03-05,1006629845,AAPL,Apple Inc.
2021-03-05,1006629845,ABBV,AbbVie Inc.
2021-03-05,1006629845,ABT,Abbott Laboratories
2021-03-05,1006629845,ACN,Accenture
2021-03-05,1006629845,ADBE,Adobe Inc.
2021-03-05,1006629845,AIG,American International Group
2021-03-05,1006629845,ALL,Allstate
2021-03-05,1006629845,AMGN,Amgen Inc.
2021-03-05,1006629845,AMT,American Tower
2021-03-05,1006629845,AMZN,Amazon.com
2021-03-05,1006629845,AXP,American Express
2021-03-05,1006629845,BA,Boeing Co.
2021-03-05,1006629845,BAC,Bank of America Corp
2021-03-05,1006629845,BIIB,Biogen
2021-03-05,1006629845,BK,The Bank of New York Mellon
2021-03-05,1006629845,BKNG,Booking Holdings
2021-03-05,1006629845,BLK,BlackRock Inc
2021-03-05,1006629845,BMY,Bristol-Myers Squibb
2021-03-05,1006629845,C,Citigroup Inc
2021-03-05,1006629845,CAT,Caterpillar Inc.
2021-03-05,1006629845,CHTR,Charter Communications
2021-03-05,1006629845,CL,Colgate-Palmolive
2021-03-05,1006629845,CMCSA,Comcast Corp.
2021-03-05,1006629845,COF,Capital One Financial Corp.
2021-03-05,1006629845,COP,ConocoPhillips
2021-03-05,1006629845,COST,Costco Wholesale Corp.
2021-03-05,1006629845,CRM,Salesforce
2021-03-05,1006629845,CSCO,Cisco Systems
2021-03-05,1006629845,CVS,CVS Health
2021-03-05,1006629845,CVX,Chevron Corporation
2021-03-05,1006629845,DD,DuPont de Nemours Inc
2021-03-05,1006629845,DHR,Danaher Corporation
2021-03-05,1006629845,DIS,The Walt Disney Company
2021-03-05,1006629845,DOW,Dow Inc.
2021-03-05,1006629845,DUK,Duke Energy
2021-03-05,1006629845,EMR,Emerson Electric Co.
2021-03-05,1006629845,EXC,Exelon
2021-03-05,1006629845,F,Ford Motor Company
2021-03-05,1006629845,FB,"Facebook, Inc."
2021-03-05,1006629845,FDX,FedEx
2021-03-05,1006629845,GD,General Dynamics
2021-03-05,1006629845,GE,General Electric
2021-03-05,1006629845,GILD,Gilead Sciences
2021-03-05,1006629845,GM,General Motors
2021-03-05,1006629845,GOOG,Alphabet Inc.(Class C)
2021-03-05,1006629845,GOOGL,Alphabet Inc.(Class A)
2021-03-05,1006629845,GS,Goldman Sachs
2021-03-05,1006629845,HD,The Home Depot
2021-03-05,1006629845,HON,Honeywell
2021-03-05,1006629845,IBM,International Business Machines
2021-03-05,1006629845,INTC,Intel Corp.
2021-03-05,1006629845,JNJ,Johnson & Johnson
2021-03-05,1006629845,JPM,JPMorgan Chase & Co.
2021-03-05,1006629845,KHC,Kraft Heinz
2021-03-05,1006629845,KMI,Kinder Morgan
2021-03-05,1006629845,KO,The Coca-Cola Company
2021-03-05,1006629845,LLY,Eli Lilly and Company
2021-03-05,1006629845,LMT,Lockheed Martin
2021-03-05,1006629845,LOW,Lowe's
2021-03-05,1006629845,MA,Mastercard
2021-03-05,1006629845,MCD,McDonald's Corp
2021-03-05,1006629845,MDLZ,Mondelēz International
2021-03-05,1006629845,MDT,Medtronic plc
2021-03-05,1006629845,MET,MetLife Inc.
2021-03-05,1006629845,MMM,3M Company
2021-03-05,1006629845,MO,Altria Group
2021-03-05,1006629845,MRK,Merck & Co.
2021-03-05,1006629845,MS,Morgan Stanley
2021-03-05,1006629845,MSFT,Microsoft
2021-03-05,1006629845,NEE,NextEra Energy
2021-03-05,1006629845,NFLX,Netflix
2021-03-05,1006629845,NKE,"Nike, Inc."
2021-03-05,1006629845,NVDA,Nvidia Corporation
2021-03-05,1006629845,ORCL,Oracle Corporation
2021-03-05,1006629845,PEP,PepsiCo
2021-03-05,1006629845,PFE,Pfizer Inc
2021-03-05,1006629845,PG,Procter & Gamble
2021-03-05,1006629845,PM,Philip Morris International
2021-03-05,1006629845,PYPL,PayPal
2021-03-05,1006629845,QCOM,Qualcomm
2021-03-05,1006629845,RTX,Raytheon Technologies
2021-03-05,1006629845,SBUX,Starbucks Corp.
2021-03-05,1006629845,SLB,Schlumberger
2021-03-05,1006629845,SO,Southern Company
2021-03-05,1006629845,SPG,Simon Property Group
2021-03-05,1006629845,T,AT&T Inc
2021-03-05,1006629845,TGT,Target Corporation
2021-03-05,1006629845,TMO,Thermo Fisher Scientific
2021-03-05,1006629845,TSLA,"Tesla, Inc."
2021-03-05,1006629845,TXN,Texas Instruments
2021-03-05,1006629845,UNH,UnitedHealth Group
2021-03-05,1006629845,UNP,Union Pacific Corporation
2021-03-05,1006629845,UPS,United Parcel Service
2021-03-05,1006629845,USB,U.S. Bancorp
2021-03-05,1006629845,V,Visa Inc.
2021-03-05,1006629845,VZ,Verizon Communications
2021-03-05,1006629845,WBA,Walgreens Boots Alliance
2021-03-05,1006629845,WFC,Wells Fargo
2021-03-05,1006629845,WMT,Walmart
2021-03-05,1006629845,XOM,Exxon Mobil Corp.
2021-03-12,1006629845,AAPL,Apple Inc.
2021-03-12,1006629845,ABBV,AbbVie Inc.
2021-03-12,1006629845,ABT,Abbott Laboratories
2021-03-12,1006629845,ACN,Accenture
2021-03-12,1006629845,ADBE,Adobe Inc.
2021-03-12,1006629845,AIG,American International Group
2021-03-12,1006629845,ALL,Allstate
2021-03-12,1006629845,AMGN,Amgen Inc.
2021-03-12,1006629845,AMT,American Tower
2021-03-12,1006629845,AMZN,Amazon.com
2021-03-12,1006629845,AXP,American Express
2021-03-12,1006629845,BA,Boeing Co.
2021-03-12,1006629845,BAC,Bank of America Corp
2021-03-12,1006629845,BIIB,Biogen
2021-03-12,1006629845,BK,The Bank of New York Mellon
2021-03-12,1006629845,BKNG,Booking Holdings
2021-03-12,1006629845,BLK,BlackRock Inc
2021-03-12,1006629845,BMY,Bristol-Myers Squibb
2021-03-12,1006629845,C,Citigroup Inc
2021-03-12,1006629845,CAT,Caterpillar Inc.
2021-03-12,1006629845,CHTR,Charter Communications
2021-03-12,1006629845,CL,Colgate-Palmolive
2021-03-12,1006629845,CMCSA,Comcast Corp.
2021-03-12,1006629845,COF,Capital One Financial Corp.
2021-03-12,1006629845,COP,ConocoPhillips
2021-03-12,1006629845,COST,Costco Wholesale Corp.
2021-03-12,1006629845,CRM,Salesforce
2021-03-12,1006629845,CSCO,Cisco Systems
2021-03-12,1006629845,CVS,CVS Health
2021-03-12,1006629845,CVX,Chevron Corporation
2021-03-12,1006629845,DD,DuPont de Nemours Inc
2021-03-12,1006629845,DHR,Danaher Corporation
2021-03-12,1006629845,DIS,The Walt Disney Company
2021-03-12,1006629845,DOW,Dow Inc.
2021-03-12,1006629845,DUK,Duke Energy
2021-03-12,1006629845,EMR,Emerson Electric Co.
2021-03-12,1006629845,EXC,Exelon
2021-03-12,1006629845,F,Ford Motor Company
2021-03-12,1006629845,FB,"Facebook, Inc."
2021-03-12,1006629845,FDX,FedEx
2021-03-12,1006629845,GD,General Dynamics
2021-03-12,1006629845,GE,General Electric
2021-03-12,1006629845,GILD,Gilead Sciences
2021-03-12,1006629845,GM,General Motors
2021-03-12,1006629845,GOOG,Alphabet Inc.(Class C)
2021-03-12,1006629845,GOOGL,Alphabet Inc.(Class A)
2021-03-12,1006629845,GS,Goldman Sachs
2021-03-12,1006629845,HD,The Home Depot
2021-03-12,1006629845,HON,Honeywell
2021-03-12,1006629845,IBM,International Business Machines
2021-03-12,1006629845,INTC,Intel Corp.
2021-03-12,1006629845,JNJ,Johnson & Johnson
2021-03-12,1006629845,JPM,JPMorgan Chase & Co.
2021-03-12,1006629845,KHC,Kraft Heinz
2021-03-12,1006629845,KMI,Kinder Morgan
2021-03-12,1006629845,KO,The Coca-Cola Company
2021-03-12,1006629845,LLY,Eli Lilly and Company
2021-03-12,1006629845,LMT,Lockheed Martin
2021-03-12,1006629845,LOW,Lowe's
2021-03-12,1006629845,MA,Mastercard
2021-03-12,1006629845,MCD,McDonald's Corp
2021-03-12,1006629845,MDLZ,Mondelēz International
2021-03-12,1006629845,MDT,Medtronic plc
2021-03-12,1006629845,MET,MetLife Inc.
2021-03-12,1006629845,MMM,3M Company
2021-03-12,1006629845,MO,Altria Group
2021-03-12,1006629845,MRK,Merck & Co.
2021-03-12,1006629845,MS,Morgan Stanley
2021-03-12,1006629845,MSFT,Microsoft
2021-03-12,1006629845,NEE,NextEra Energy
2021-03-12,1006629845,NFLX,Netflix
2021-03-12,1006629845,NKE,"Nike, Inc."
2021-03-12,1006629845,NVDA,Nvidia Corporation
2021-03-12,1006629845,ORCL,Oracle Corporation
2021-03-12,1006629845,PEP,PepsiCo
2021-03-12,1006629845,PFE,Pfizer Inc
2021-03-12,1006629845,PG,Procter & Gamble
2021-03-12,1006629845,PM,Philip Morris International
2021-03-12,1006629845,PYPL,PayPal
2021-03-12,1006629845,QCOM,Qualcomm
2021-03-12,1006629845,RTX,Raytheon Technologies
2021-03-12,1006629845,SBUX,Starbucks Corp.
2021-03-12,1006629845,SLB,Schlumberger
2021-03-12,1006629845,SO,Southern Company
2021-03-12,1006629845,SPG,Simon Property Group
2021-03-12,1006629845,T,AT&T Inc
2021-03-12,1006629845,TGT,Target Corporation
2021-03-12,1006629845,TMO,Thermo Fisher Scientific
2021-03-12,1006629845,TSLA,"Tesla, Inc."
2021-03-12,1006629845,TXN,Texas Instruments
2021-03-12,1006629845,UNH,UnitedHealth Group
2021-03-12,1006629845,UNP,Union Pacific Corporation
2021-03-12,1006629845,UPS,United Parcel Service
2021-03-12,1006629845,USB,U.S. Bancorp
2021-03-12,1006629845,V,Visa Inc.
2021-03-12,1006629845,VZ,Verizon Communications
2021-03-12,1006629845,WBA,Walgreens Boots Alliance
2021-03-12,1006629845,WFC,Wells Fargo
2021-03-12,1006629845,WMT,Walmart
2021-03-12,1006629845,XOM,Exxon Mobil Corp.
2021-03-19,1006629845,AAPL,Apple Inc.
2021-03-19,1006629845,ABBV,AbbVie Inc.
2021-03-19,1006629845,ABT,Abbott Laboratories
2021-03-19,1006629845,ACN,Accenture
2021-03-19,1006629845,ADBE,Adobe Inc.
2021-03-19,1006629845,AIG,American International Group
2021-03-19,1006629845,ALL,Allstate
2021-03-19,1006629845,AMGN,Amgen Inc.
2021-03-19,1006629845,AMT,American Tower
2021-03-19,1006629845,AMZN,Amazon.com
2021-03-19,1006629845,AXP,American Express
2021-03-19,1006629845,BA,Boeing Co.
2021-03-19,1006629845,BAC,Bank of America Corp
2021-03-19,1006629845,BIIB,Biogen
2021-03-19,1006629845,BK,The Bank of New York Mellon
2021-03-19,1006629845,BKNG,Booking Holdings
2021-03-19,1006629845,BLK,BlackRock Inc
2021-03-19,1006629845,BMY,Bristol-Myers Squibb
2021-03-19,1006629845,C,Citigroup Inc
2021-03-19,1006629845,CAT,Caterpillar Inc.
2021-03-19,1006629845,CHTR,Charter Communications
2021-03-19,1006629845,CL,Colgate-Palmolive
2021-03-19,1006629845,CMCSA,Comcast Corp.
2021-03-19,1006629845,COF,Capital One Financial Corp.
2021-03-19,1006629845,COP,ConocoPhillips
2021-03-19,1006629845,COST,Costco Wholesale Corp.
2021-03-19,1006629845,CRM,Salesforce
2021-03-19,1006629845,CSCO,Cisco Systems
2021-03-19,1006629845,CVS,CVS Health
2021-03-19,1006629845,CVX,Chevron Corporation
2021-03-19,1006629845,DD,DuPont de Nemours Inc
2021-03-19,1006629845,DHR,Danaher Corporation
2021-03-19,1006629845,DIS,The Walt Disney Company
2021-03-19,1006629845,DOW,Dow Inc.
2021-03-19,1006629845,DUK,Duke Energy
2021-03-19,1006629845,EMR,Emerson Electric Co.
2021-03-19,1006629845,EXC,Exelon
2021-03-19,1006629845,F,Ford Motor Company
2021-03-19,1006629845,FB,"Facebook, Inc."
2021-03-19,1006629845,FDX,FedEx
2021-03-19,1006629845,GD,General Dynamics
2021-03-19,1006629845,GE,General Electric
2021-03-19,1006629845,GILD,Gilead Sciences
2021-03-19,1006629845,GM,General Motors
2021-03-19,1006629845,GOOG,Alphabet Inc.(Class C)
2021-03-19,1006629845,GOOGL,Alphabet Inc.(Class A)
2021-03-19,1006629845,GS,Goldman Sachs
2021-03-19,1006629845,HD,The Home Depot
2021-03-19,1006629845,HON,Honeywell
2021-03-19,1006629845,IBM,International Business Machines
2021-03-19,1006629845,INTC,Intel Corp.
2021-03-19,1006629845,JNJ,Johnson & Johnson
2021-03-19,1006629845,JPM,JPMorgan Chase & Co.
2021-03-19,1006629845,KHC,Kraft Heinz
2021-03-19,1006629845,KMI,Kinder Morgan
2021-03-19,1006629845,KO,The Coca-Cola Company
2021-03-19,1006629845,LLY,Eli Lilly and Company
2021-03-19,1006629845,LMT,Lockheed Martin
2021-03-19,1006629845,LOW,Lowe's
2021-03-19,1006629845,MA,Mastercard
2021-03-19,1006629845,MCD,McDonald's Corp
2021-03-19,1006629845,MDLZ,Mondelēz International
2021-03-19,1006629845,MDT,Medtronic plc
2021-03-19,1006629845,MET,MetLife Inc.
2021-03-19,1006629845,MMM,3M Company
2021-03-19,1006629845,MO,Altria Group
2021-03-19,1006629845,MRK,Merck & Co.
2021-03-19,1006629845,MS,Morgan Stanley
2021-03-19,1006629845,MSFT,Microsoft
2021-03-19,1006629845,NEE,NextEra Energy
2021-03-19,1006629845,NFLX,Netflix
2021-03-19,1006629845,NKE,"Nike, Inc."
2021-03-19,1006629845,NVDA,Nvidia Corporation
2021-03-19,1006629845,ORCL,Oracle Corporation
2021-03-19,1006629845,PEP,PepsiCo
2021-03-19,1006629845,PFE,Pfizer Inc
2021-03-19,1006629845,PG,Procter & Gamble
2021-03-19,1006629845,PM,Philip Morris International
2021-03-19,1006629845,PYPL,PayPal
2021-03-19,1006629845,QCOM,Qualcomm
2021-03-19,1006629845,RTX,Raytheon Technologies
2021-03-19,1006629845,SBUX,Starbucks Corp.
2021-03-19,1006629845,SLB,Schlumberger
2021-03-19,1006629845,SO,Southern Company
2021-03-19,1006629845,SPG,Simon Property Group
2021-03-19,1006629845,T,AT&T Inc
2021-03-19,1006629845,TGT,Target Corporation
2021-03-19,1006629845,TMO,Thermo Fisher Scientific
2021-03-19,1006629845,TSLA,"Tesla, Inc."
2021-03-19,1006629845,TXN,Texas Instruments
2021-03-19,1006629845,UNH,UnitedHealth Group
2021-03-19,1006629845,UNP,Union Pacific Corporation
2021-03-19,1006629845,UPS,United Parcel Service
2021-03-19,1006629845,USB,U.S. Bancorp
2021-03-19,1006629845,V,Visa Inc.
2021-03-19,1006629845,VZ,Verizon Communications
2021-03-19,1006629845,WBA,Walgreens Boots Alliance
2021-03-19,1006629845,WFC,Wells Fargo
2021-03-19,1006629845,WMT,Walmart
2021-03-19,1006629845,XOM,Exxon Mobil Corp.
2021-03-26,1013530193,AAPL,Apple Inc.
2021-03-26,1013530193,ABBV,AbbVie Inc.
2021-03-26,1013530193,ABT,Abbott Laboratories
2021-03-26,1013530193,ACN,Accenture
2021-03-26,1013530193,ADBE,Adobe Inc.
2021-03-26,1013530193,AIG,American International Group
2021-03-26,1013530193,AMGN,Amgen Inc.
2021-03-26,1013530193,AMT,American Tower
2021-03-26,1013530193,AMZN,Amazon.com
2021-03-26,1013530193,AVGO,Broadcom Inc.
2021-03-26,1013530193,AXP,American Express
2021-03-26,1013530193,BA,Boeing Co.
2021-03-26,1013530193,BAC,Bank of America Corp
2021-03-26,1013530193,BIIB,Biogen
2021-03-26,1013530193,BK,The Bank of New York Mellon
2021-03-26,1013530193,BKNG,Booking Holdings
2021-03-26,1013530193,BLK,BlackRock Inc
2021-03-26,1013530193,BMY,Bristol-Myers Squibb
2021-03-26,1013530193,C,Citigroup Inc
2021-03-26,1013530193,CAT,Caterpillar Inc.
2021-03-26,1013530193,CHTR,Charter Communications
2021-03-26,1013530193,CL,Colgate-Palmolive
2021-03-26,1013530193,CMCSA,Comcast Corp.
2021-03-26,1013530193,COF,Capital One Financial Corp.
2021-03-26,1013530193,COP,ConocoPhillips
2021-03-26,1013530193,COST,Costco Wholesale Corp.
2021-03-26,1013530193,CRM,Salesforce
2021-03-26,1013530193,CSCO,Cisco Systems
2021-03-26,1013530193,CVS,CVS Health
2021-03-26,1013530193,CVX,Chevron Corporation
2021-03-26,1013530193,DD,DuPont de Nemours Inc
2021-03-26,1013530193,DHR,Danaher Corporation
2021-03-26,1013530193,DIS,The Walt Disney Company
2021-03-26,1013530193,DOW,Dow Inc.
2021-03-26,1013530193,DUK,Duke Energy
2021-03-26,1013530193,EMR,Emerson Electric Co.
2021-03-26,1013530193,EXC,Exelon
2021-03-26,1013530193,F,Ford Motor Company
2021-03-26,1013530193,FB,"Facebook, Inc."
2021-03-26,1013530193,FDX,FedEx
2021-03-26,1013530193,GD,General Dynamics
2021-03-26,1013530193,GE,General Electric
2021-03-26,1013530193,GILD,Gilead Sciences
2021-03-26,1013530193,GM,General Motors
2021-03-26,1013530193,GOOG,Alphabet Inc.(Class C)
2021-03-26,1013530193,GOOGL,Alphabet Inc.(Class A)
2021-03-26,1013530193,GS,Goldman Sachs
2021-03-26,1013530193,HD,The Home Depot
2021-03-26,1013530193,HON,Honeywell
2021-03-26,1013530193,IBM,International Business Machines
2021-03-26,1013530193,INTC,Intel Corp.
2021-03-26,1013530193,JNJ,Johnson & Johnson
2021-03-26,1013530193,JPM,JPMorgan Chase & Co.
2021-03-26,1013530193,KHC,Kraft Heinz
2021-03-26,1013530193,KO,The Coca-Cola Company
2021-03-26,1013530193,LIN,Linde plc
2021-03-26,1013530193,LLY,Eli Lilly and Company
2021-03-26,1013530193,LMT,Lockheed Martin
2021-03-26,1013530193,LOW,Lowe's
2021-03-26,1013530193,MA,Mastercard
2021-03-26,1013530193,MCD,McDonald's Corp
2021-03-26,1013530193,MDLZ,Mondelēz International
2021-03-26,1013530193,MDT,Medtronic plc
2021-03-26,1013530193,MET,MetLife Inc.
2021-03-26,1013530193,MMM,3M Company
2021-03-26,1013530193,MO,Altria Group
2021-03-26,1013530193,MRK,Merck & Co.
2021-03-26,1013530193,MS,Morgan Stanley
2021-03-26,1013530193,MSFT,Microsoft
2021-03-26,1013530193,NEE,NextEra Energy
2021-03-26,1013530193,NFLX,Netflix
2021-03-26,1013530193,NKE,"Nike, Inc."
2021-03-26,1013530193,NVDA,Nvidia Corporation
2021-03-26,1013530193,ORCL,Oracle Corporation
2021-03-26,1013530193,PEP,PepsiCo
2021-03-26,1013530193,PFE,Pfizer Inc
2021-03-26,1013530193,PG,Procter & Gamble
2021-03-26,1013530193,PM,Philip Morris International
2021-03-26,1013530193,PYPL,PayPal
2021-03-26,1013530193,QCOM,Qualcomm
2021-03-26,1013530193,RTX,Raytheon Technologies
2021-03-26,1013530193,SBUX,Starbucks Corp.
2021-03-26,1013530193,SO,Southern Company
2021-03-26,1013530193,SPG,Simon Property Group
2021-03-26,1013530193,T,AT&T Inc
2021-03-26,1013530193,TGT,Target Corporation
2021-03-26,1013530193,TMO,Thermo Fisher Scientific
2021-03-26,1013530193,TMUS,T-Mobile US
2021-03-26,1013530193,TSLA,"Tesla, Inc."
2021-03-26,1013530193,TXN,Texas Instruments
2021-03-26,1013530193,UNH,UnitedHealth Group
2021-03-26,1013530193,UNP,Union Pacific Corporation
2021-03-26,1013530193,UPS,United Parcel Service
2021-03-26,1013530193,USB,U.S. Bancorp
2021-03-26,1013530193,V,Visa Inc.
2021-03-26,1013530193,VZ,Verizon Communications
2021-03-26,1013530193,WBA,Walgreens Boots Alliance
2021-03-26,1013530193,WFC,Wells Fargo
2021-03-26,1013530193,WMT,Walmart
2021-03-26,1013530193,XOM,Exxon Mobil Corp.
2021-04-02,1014605708,AAPL,Apple Inc.
2021-04-02,1014605708,ABBV,AbbVie Inc.
2021-04-02,1014605708,ABT,Abbott Laboratories
2021-04-02,1014605708,ACN,Accenture
2021-04-02,1014605708,ADBE,Adobe Inc.
2021-04-02,1014605708,AIG,American International Group
2021-04-02,1014605708,AMGN,Amgen Inc.
2021-04-02,1014605708,AMT,American Tower
2021-04-02,1014605708,AMZN,Amazon.com
2021-04-02,1014605708,AVGO,Broadcom Inc.
2021-04-02,1014605708,AXP,American Express
2021-04-02,1014605708,BA,Boeing Co.
2021-04-02,1014605708,BAC,Bank of America Corp
2021-04-02,1014605708,BIIB,Biogen
2021-04-02,1014605708,BK,The Bank of New York Mellon
2021-04-02,1014605708,BKNG,Booking Holdings
2021-04-02,1014605708,BLK,BlackRock Inc
2021-04-02,1014605708,BMY,Bristol-Myers Squibb
2021-04-02,1014605708,C,Citigroup Inc
2021-04-02,1014605708,CAT,Caterpillar Inc.
2021-04-02,1014605708,CHTR,Charter Communications
2021-04-02,1014605708,CL,Colgate-Palmolive
2021-04-02,1014605708,CMCSA,Comcast Corp.
2021-04-02,1014605708,COF,Capital One Financial Corp.
2021-04-02,1014605708,COP,ConocoPhillips
2021-04-02,1014605708,COST,Costco Wholesale Corp.
2021-04-02,1014605708,CRM,Salesforce
2021-04-02,1014605708,CSCO,Cisco Systems
2021-04-02,1014605708,CVS,CVS Health
2021-04-02,1014605708,CVX,Chevron Corporation
2021-04-02,1014605708,DD,DuPont de Nemours Inc
2021-04-02,1014605708,DHR,Danaher Corporation
2021-04-02,1014605708,DIS,The Walt Disney Company
2021-04-02,1014605708,DOW,Dow Inc.
2021-04-02,1014605708,DUK,Duke Energy
2021-04-02,1014605708,EMR,Emerson Electric Co.
2021-04-02,1014605708,EXC,Exelon
2021-04-02,1014605708,F,Ford Motor Company
2021-04-02,1014605708,FB,"Facebook, Inc."
2021-04-02,1014605708,FDX,FedEx
2021-04-02,1014605708,GD,General Dynamics
2021-04-02,1014605708,GE,General Electric
2021-04-02,1014605708,GILD,Gilead Sciences
2021-04-02,1014605708,GM,General Motors
2021-04-02,1014605708,GOOG,Alphabet Inc.(Class C)
2021-04-02,1014605708,GOOGL,Alphabet Inc.(Class A)
2021-04-02,1014605708,GS,Goldman Sachs
2021-04-02,1014605708,HD,The Home Depot
2021-04-02,1014605708,HON,Honeywell
2021-04-02,1014605708,IBM,International Business Machines
2021-04-02,1014605708,INTC,Intel Corp.
2021-04-02,1014605708,JNJ,Johnson & Johnson
2021-04-02,1014605708,JPM,JPMorgan Chase & Co.
2021-04-02,1014605708,KHC,Kraft Heinz
2021-04-02,1014605708,KO,The Coca-Cola Company
2021-04-02,1014605708,LIN,Linde plc
2021-04-02,1014605708,LLY,Eli Lilly and Company
2021-04-02,1014605708,LMT,Lockheed Martin
2021-04-02,1014605708,LOW,Lowe's
2021-04-02,1014605708,MA,Mastercard
2021-04-02,1014605708,MCD,McDonald's Corp
2021-04-02,1014605708,MDLZ,Mondelēz International
2021-04-02,1014605708,MDT,Medtronic plc
2021-04-02,1014605708,MET,MetLife Inc.
2021-04-02,1014605708,MMM,3M Company
2021-04-02,1014605708,MO,Altria Group
2021-04-02,1014605708,MRK,Merck & Co.
2021-04-02,1014605708,MS,Morgan Stanley
2021-04-02,1014605708,MSFT,Microsoft
2021-04-02,1014605708,NEE,NextEra Energy
2021-04-02,1014605708,NFLX,Netflix
2021-04-02,1014605708,NKE,"Nike, Inc."
2021-04-02,1014605708,NVDA,Nvidia Corporation
2021-04-02,1014605708,ORCL,Oracle Corporation
2021-04-02,1014605708,PEP,PepsiCo
2021-04-02,1014605708,PFE,Pfizer Inc
2021-04-02,1014605708,PG,Procter & Gamble
2021-04-02,1014605708,PM,Philip Morris International
2021-04-02,1014605708,PYPL,PayPal
2021-04-02,1014605708,QCOM,Qualcomm
2021-04-02,1014605708,RTX,Raytheon Technologies
2021-04-02,1014605708,SBUX,Starbucks Corp.
2021-04-02,1014605708,SO,Southern Company
2021-04-02,1014605708,SPG,Simon Property Group
2021-04-02,1014605708,T,AT&T Inc
2021-04-02,1014605708,TGT,Target Corporation
2021-04-02,1014605708,TMO,Thermo Fisher Scientific
2021-04-02,1014605708,TMUS,T-Mobile US
2021-04-02,1014605708,TSLA,"Tesla, Inc."
2021-04-02,1014605708,TXN,Texas Instruments
2021-04-02,1014605708,UNH,UnitedHealth Group
2021-04-02,1014605708,UNP,Union Pacific Corporation
2021-04-02,1014605708,UPS,United Parcel Service
2021-04-02,1014605708,USB,U.S. Bancorp
2021-04-02,1014605708,V,Visa Inc.
2021-04-02,1014605708,VZ,Verizon Communications
2021-04-02,1014605708,WBA,Walgreens Boots Alliance
2021-04-02,1014605708,WFC,Wells Fargo
2021-04-02,1014605708,WMT,Walmart
2021-04-02,1014605708,XOM,Exxon Mobil Corp.
2021-04-09,1014605708,AAPL,Apple Inc.
2021-04-09,1014605708,ABBV,AbbVie Inc.
2021-04-09,1014605708,ABT,Abbott Laboratories
2021-04-09,1014605708,ACN,Accenture
2021-04-09,1014605708,ADBE,Adobe Inc.
2021-04-09,1014605708,AIG,American International Group
2021-04-09,1014605708,AMGN,Amgen Inc.
2021-04-09,1014605708,AMT,American Tower
2021-04-09,1014605708,AMZN,Amazon.com
2021-04-09,1014605708,AVGO,Broadcom Inc.
2021-04-09,1014605708,AXP,American Express
2021-04-09,1014605708,BA,Boeing Co.
2021-04-09,1014605708,BAC,Bank of America Corp
2021-04-09,1014605708,BIIB,Biogen
2021-04-09,1014605708,BK,The Bank of New York Mellon
2021-04-09,1014605708,BKNG,Booking Holdings
2021-04-09,1014605708,BLK,BlackRock Inc
2021-04-09,1014605708,BMY,Bristol-Myers Squibb
2021-04-09,1014605708,C,Citigroup Inc
2021-04-09,1014605708,CAT,Caterpillar Inc.
2021-04-09,1014605708,CHTR,Charter Communications
2021-04-09,1014605708,CL,Colgate-Palmolive
2021-04-09,1014605708,CMCSA,Comcast Corp.
2021-04-09,1014605708,COF,Capital One Financial Corp.
2021-04-09,1014605708,COP,ConocoPhillips
2021-04-09,1014605708,COST,Costco Wholesale Corp.
2021-04-09,1014605708,CRM,Salesforce
2021-04-09,1014605708,CSCO,Cisco Systems
2021-04-09,1014605708,CVS,CVS Health
2021-04-09,1014605708,CVX,Chevron Corporation
2021-04-09,1014605708,DD,DuPont de Nemours Inc
2021-04-09,1014605708,DHR,Danaher Corporation
2021-04-09,1014605708,DIS,The Walt Disney Company
2021-04-09,1014605708,DOW,Dow Inc.
2021-04-09,1014605708,DUK,Duke Energy
2021-04-09,1014605708,EMR,Emerson Electric Co.
2021-04-09,1014605708,EXC,Exelon
2021-04-09,1014605708,F,Ford Motor Company
2021-04-09,1014605708,FB,"Facebook, Inc."
2021-04-09,1014605708,FDX,FedEx
2021-04-09,1014605708,GD,General Dynamics
2021-04-09,1014605708,GE,General Electric
2021-04-09,1014605708,GILD,Gilead Sciences
2021-04-09,1014605708,GM,General Motors
2021-04-09,1014605708,GOOG,Alphabet Inc.(Class C)
2021-04-09,1014605708,GOOGL,Alphabet Inc.(Class A)
2021-04-09,1014605708,GS,Goldman Sachs
2021-04-09,1014605708,HD,The Home Depot
2021-04-09,1014605708,HON,Honeywell
2021-04-09,1014605708,IBM,International Business Machines
2021-04-09,1014605708,INTC,Intel Corp.
2021-04-09,1014605708,JNJ,Johnson & Johnson
2021-04-09,1014605708,JPM,JPMorgan Chase & Co.
2021-04-09,1014605708,KHC,Kraft Heinz
2021-04-09,1014605708,KO,The Coca-Cola Company
2021-04-09,1014605708,LIN,Linde plc
2021-04-09,1014605708,LLY,Eli Lilly and Company
2021-04-09,1014605708,LMT,Lockheed Martin
2021-04-09,1014605708,LOW,Lowe's
2021-04-09,1014605708,MA,Mastercard
2021-04-09,1014605708,MCD,McDonald's Corp
2021-04-09,1014605708,MDLZ,Mondelēz International
2021-04-09,1014605708,MDT,Medtronic plc
2021-04-09,1014605708,MET,MetLife Inc.
2021-04-09,1014605708,MMM,3M Company
2021-04-09,1014605708,MO,Altria Group
2021-04-09,1014605708,MRK,Merck & Co.
2021-04-09,1014605708,MS,Morgan Stanley
2021-04-09,1014605708,MSFT,Microsoft
2021-04-09,1014605708,NEE,NextEra Energy
2021-04-09,1014605708,NFLX,Netflix
2021-04-09,1014605708,NKE,"Nike, Inc."
2021-04-09,1014605708,NVDA,Nvidia Corporation
2021-04-09,1014605708,ORCL,Oracle Corporation
2021-04-09,1014605708,PEP,PepsiCo
2021-04-09,1014605708,PFE,Pfizer Inc
2021-04-09,1014605708,PG,Procter & Gamble
2021-04-09,1014605708,PM,Philip Morris International
2021-04-09,1014605708,PYPL,PayPal
2021-04-09,1014605708,QCOM,Qualcomm
2021-04-09,1014605708,RTX,Raytheon Technologies
2021-04-09,1014605708,SBUX,Starbucks Corp.
2021-04-09,1014605708,SO,Southern Company
2021-04-09,1014605708,SPG,Simon Property Group
2021-04-09,1014605708,T,AT&T Inc
2021-04-09,1014605708,TGT,Target Corporation
2021-04-09,1014605708,TMO,Thermo Fisher Scientific
2021-04-09,1014605708,TMUS,T-Mobile US
2021-04-09,1014605708,TSLA,"Tesla, Inc."
2021-04-09,1014605708,TXN,Texas Instruments
2021-04-09,1014605708,UNH,UnitedHealth Group
2021-04-09,1014605708,UNP,Union Pacific Corporation
2021-04-09,1014605708,UPS,United Parcel Service
2021-04-09,1014605708,USB,U.S. Bancorp
2021-04-09,1014605708,V,Visa Inc.
2021-04-09,1014605708,VZ,Verizon Communications
2021-04-09,1014605708,WBA,Walgreens Boots Alliance
2021-04-09,1014605708,WFC,Wells Fargo
2021-04-09,1014605708,WMT,Walmart
2021-04-09,1014605708,XOM,Exxon Mobil Corp.
2021-04-16,1014605708,AAPL,Apple Inc.
2021-04-16,1014605708,ABBV,AbbVie Inc.
2021-04-16,1014605708,ABT,Abbott Laboratories
2021-04-16,1014605708,ACN,Accenture
2021-04-16,1014605708,ADBE,Adobe Inc.
2021-04-16,1014605708,AIG,American International Group
2021-04-16,1014605708,AMGN,Amgen Inc.
2021-04-16,1014605708,AMT,American Tower
2021-04-16,1014605708,AMZN,Amazon.com
2021-04-16,1014605708,AVGO,Broadcom Inc.
2021-04-16,1014605708,AXP,American Express
2021-04-16,1014605708,BA,Boeing Co.
2021-04-16,1014605708,BAC,Bank of America Corp
2021-04-16,1014605708,BIIB,Biogen
2021-04-16,1014605708,BK,The Bank of New York Mellon
2021-04-16,1014605708,BKNG,Booking Holdings
2021-04-16,1014605708,BLK,BlackRock Inc
2021-04-16,1014605708,BMY,Bristol-Myers Squibb
2021-04-16,1014605708,C,Citigroup Inc
2021-04-16,1014605708,CAT,Caterpillar Inc.
2021-04-16,1014605708,CHTR,Charter Communications
2021-04-16,1014605708,CL,Colgate-Palmolive
2021-04-16,1014605708,CMCSA,Comcast Corp.
2021-04-16,1014605708,COF,Capital One Financial Corp.
2021-04-16,1014605708,COP,ConocoPhillips
2021-04-16,1014605708,COST,Costco Wholesale Corp.
2021-04-16,1014605708,CRM,Salesforce
2021-04-16,1014605708,CSCO,Cisco Systems
2021-04-16,1014605708,CVS,CVS Health
2021-04-16,1014605708,CVX,Chevron Corporation
2021-04-16,1014605708,DD,DuPont de Nemours Inc
2021-04-16,1014605708,DHR,Danaher Corporation
2021-04-16,1014605708,DIS,The Walt Disney Company
2021-04-16,1014605708,DOW,Dow Inc.
2021-04-16,1014605708,DUK,Duke Energy
2021-04-16,1014605708,EMR,Emerson Electric Co.
2021-04-16,1014605708,EXC,Exelon
2021-04-16,1014605708,F,Ford Motor Company
2021-04-16,1014605708,FB,"Facebook, Inc."
2021-04-16,1014605708,FDX,FedEx
2021-04-16,1014605708,GD,General Dynamics
2021-04-16,1014605708,GE,General Electric
2021-04-16,1014605708,GILD,Gilead Sciences
2021-04-16,1014605708,GM,General Motors
2021-04-16,1014605708,GOOG,Alphabet Inc.(Class C)
2021-04-16,1014605708,GOOGL,Alphabet Inc.(Class A)
2021-04-16,1014605708,GS,Goldman Sachs
2021-04-16,1014605708,HD,The Home Depot
2021-04-16,1014605708,HON,Honeywell
2021-04-16,1014605708,IBM,International Business Machines
2021-04-16,1014605708,INTC,Intel Corp.
2021-04-16,1014605708,JNJ,Johnson & Johnson
2021-04-16,1014605708,JPM,JPMorgan Chase & Co.
2021-04-16,1014605708,KHC,Kraft Heinz
2021-04-16,1014605708,KO,The Coca-Cola Company
2021-04-16,1014605708,LIN,Linde plc
2021-04-16,1014605708,LLY,Eli Lilly and Company
2021-04-16,1014605708,LMT,Lockheed Martin
2021-04-16,1014605708,LOW,Lowe's
2021-04-16,1014605708,MA,Mastercard
2021-04-16,1014605708,MCD,McDonald's Corp
2021-04-16,1014605708,MDLZ,Mondelēz International
2021-04-16,1014605708,MDT,Medtronic plc
2021-04-16,1014605708,MET,MetLife Inc.
2021-04-16,1014605708,MMM,3M Company
2021-04-16,1014605708,MO,Altria Group
2021-04-16,1014605708,MRK,Merck & Co.
2021-04-16,1014605708,MS,Morgan Stanley
2021-04-16,1014605708,MSFT,Microsoft
2021-04-16,1014605708,NEE,NextEra Energy
2021-04-16,1014605708,NFLX,Netflix
2021-04-16,1014605708,NKE,"Nike, Inc."
2021-04-16,1014605708,NVDA,Nvidia Corporation
2021-04-16,1014605708,ORCL,Oracle Corporation
2021-04-16,1014605708,PEP,PepsiCo
2021-04-16,1014605708,PFE,Pfizer Inc
2021-04-16,1014605708,PG,Procter & Gamble
2021-04-16,1014605708,PM,Philip Morris International
2021-04-16,1014605708,PYPL,PayPal
2021-04-16,1014605708,QCOM,Qualcomm
2021-04-16,1014605708,RTX,Raytheon Technologies
2021-04-16,1014605708,SBUX,Starbucks Corp.
2021-04-16,1014605708,SO,Southern Company
2021-04-16,1014605708,SPG,Simon Property Group
2021-04-16,1014605708,T,AT&T Inc
2021-04-16,1014605708,TGT,Target Corporation
2021-04-16,1014605708,TMO,Thermo Fisher Scientific
2021-04-16,1014605708,TMUS,T-Mobile US
2021-04-16,1014605708,TSLA,"Tesla, Inc."
2021-04-16,1014605708,TXN,Texas Instruments
2021-04-16,1014605708,UNH,UnitedHealth Group
2021-04-16,1014605708,UNP,Union Pacific Corporation
2021-04-16,1014605708,UPS,United Parcel Service
2021-04-16,1014605708,USB,U.S. Bancorp
2021-04-16,1014605708,V,Visa Inc.
2021-04-16,1014605708,VZ,Verizon Communications
2021-04-16,1014605708,WBA,Walgreens Boots Alliance
2021-04-16,1014605708,WFC,Wells Fargo
2021-04-16,1014605708,WMT,Walmart
2021-04-16,1014605708,XOM,Exxon Mobil Corp.
2021-04-23,1014605708,AAPL,Apple Inc.
2021-04-23,1014605708,ABBV,AbbVie Inc.
2021-04-23,1014605708,ABT,Abbott Laboratories
2021-04-23,1014605708,ACN,Accenture
2021-04-23,1014605708,ADBE,Adobe Inc.
2021-04-23,1014605708,AIG,American International Group
2021-04-23,1014605708,AMGN,Amgen Inc.
2021-04-23,1014605708,AMT,American Tower
2021-04-23,1014605708,AMZN,Amazon.com
2021-04-23,1014605708,AVGO,Broadcom Inc.
2021-04-23,1014605708,AXP,American Express
2021-04-23,1014605708,BA,Boeing Co.
2021-04-23,1014605708,BAC,Bank of America Corp
2021-04-23,1014605708,BIIB,Biogen
2021-04-23,1014605708,BK,The Bank of New York Mellon
2021-04-23,1014605708,BKNG,Booking Holdings
2021-04-23,1014605708,BLK,BlackRock Inc
2021-04-23,1014605708,BMY,Bristol-Myers Squibb
2021-04-23,1014605708,C,Citigroup Inc
2021-04-23,1014605708,CAT,Caterpillar Inc.
2021-04-23,1014605708,CHTR,Charter Communications
2021-04-23,1014605708,CL,Colgate-Palmolive
2021-04-23,1014605708,CMCSA,Comcast Corp.
2021-04-23,1014605708,COF,Capital One Financial Corp.
2021-04-23,1014605708,COP,ConocoPhillips
2021-04-23,1014605708,COST,Costco Wholesale Corp.
2021-04-23,1014605708,CRM,Salesforce
2021-04-23,1014605708,CSCO,Cisco Systems
2021-04-23,1014605708,CVS,CVS Health
2021-04-23,1014605708,CVX,Chevron Corporation
2021-04-23,1014605708,DD,DuPont de Nemours Inc
2021-04-23,1014605708,DHR,Danaher Corporation
2021-04-23,1014605708,DIS,The Walt Disney Company
2021-04-23,1014605708,DOW,Dow Inc.
2021-04-23,1014605708,DUK,Duke Energy
2021-04-23,1014605708,EMR,Emerson Electric Co.
2021-04-23,1014605708,EXC,Exelon
2021-04-23,1014605708,F,Ford Motor Company
2021-04-23,1014605708,FB,"Facebook, Inc."
2021-04-23,1014605708,FDX,FedEx
2021-04-23,1014605708,GD,General Dynamics
2021-04-23,1014605708,GE,General Electric
2021-04-23,1014605708,GILD,Gilead Sciences
2021-04-23,1014605708,GM,General Motors
2021-04-23,1014605708,GOOG,Alphabet Inc.(Class C)
2021-04-23,1014605708,GOOGL,Alphabet Inc.(Class A)
2021-04-23,1014605708,GS,Goldman Sachs
2021-04-23,1014605708,HD,The Home Depot
2021-04-23,1014605708,HON,Honeywell
2021-04-23,1014605708,IBM,International Business Machines
2021-04-23,1014605708,INTC,Intel Corp.
2021-04-23,1014605708,JNJ,Johnson & Johnson
2021-04-23,1014605708,JPM,JPMorgan Chase & Co.
2021-04-23,1014605708,KHC,Kraft Heinz
2021-04-23,1014605708,KO,The Coca-Cola Company
2021-04-23,1014605708,LIN,Linde plc
2021-04-23,1014605708,LLY,Eli Lilly and Company
2021-04-23,1014605708,LMT,Lockheed Martin
2021-04-23,1014605708,LOW,Lowe's
2021-04-23,1014605708,MA,Mastercard
2021-04-23,1014605708,MCD,McDonald's Corp
2021-04-23,1014605708,MDLZ,Mondelēz International
2021-04-23,1014605708,MDT,Medtronic plc
2021-04-23,1014605708,MET,MetLife Inc.
2021-04-23,1014605708,MMM,3M Company
2021-04-23,1014605708,MO,Altria Group
2021-04-23,1014605708,MRK,Merck & Co.
2021-04-23,1014605708,MS,Morgan Stanley
2021-04-23,1014605708,MSFT,Microsoft
2021-04-23,1014605708,NEE,NextEra Energy
2021-04-23,1014605708,NFLX,Netflix
2021-04-23,1014605708,NKE,"Nike, Inc."
2021-04-23,1014605708,NVDA,Nvidia Corporation
2021-04-23,1014605708,ORCL,Oracle Corporation
2021-04-23,1014605708,PEP,PepsiCo
2021-04-23,1014605708,PFE,Pfizer Inc
2021-04-23,1014605708,PG,Procter & Gamble
2021-04-23,1014605708,PM,Philip Morris International
2021-04-23,1014605708,PYPL,PayPal
2021-04-23,1014605708,QCOM,Qualcomm
2021-04-23,1014605708,RTX,Raytheon Technologies
2021-04-23,1014605708,SBUX,Starbucks Corp.
2021-04-23,1014605708,SO,Southern Company
2021-04-23,1014605708,SPG,Simon Property Group
2021-04-23,1014605708,T,AT&T Inc
2021-04-23,1014605708,TGT,Target Corporation
2021-04-23,1014605708,TMO,Thermo Fisher Scientific
2021-04-23,1014605708,TMUS,T-Mobile US
2021-04-23,1014605708,TSLA,"Tesla, Inc."
2021-04-23,1014605708,TXN,Texas Instruments
2021-04-23,1014605708,UNH,UnitedHealth Group
2021-04-23,1014605708,UNP,Union Pacific Corporation
2021-04-23,1014605708,UPS,United Parcel Service
2021-04-23,1014605708,USB,U.S. Bancorp
2021-04-23,1014605708,V,Visa Inc.
2021-04-23,1014605708,VZ,Verizon Communications
2021-04-23,1014605708,WBA,Walgreens Boots Alliance
2021-04-23,1014605708,WFC,Wells Fargo
2021-04-23,1014605708,WMT,Walmart
2021-04-23,1014605708,XOM,Exxon Mobil Corp.
2021-04-30,1014605708,AAPL,Apple Inc.
2021-04-30,1014605708,ABBV,AbbVie Inc.
2021-04-30,1014605708,ABT,Abbott Laboratories
2021-04-30,1014605708,ACN,Accenture
2021-04-30,1014605708,ADBE,Adobe Inc.
2021-04-30,1014605708,AIG,American International Group
2021-04-30,1014605708,AMGN,Amgen Inc.
2021-04-30,1014605708,AMT,American Tower
2021-04-30,1014605708,AMZN,Amazon.com
2021-04-30,1014605708,AVGO,Broadcom Inc.
2021-04-30,1014605708,AXP,American Express
2021-04-30,1014605708,BA,Boeing Co.
2021-04-30,1014605708,BAC,Bank of America Corp
2021-04-30,1014605708,BIIB,Biogen
2021-04-30,1014605708,BK,The Bank of New York Mellon
2021-04-30,1014605708,BKNG,Booking Holdings
2021-04-30,1014605708,BLK,BlackRock Inc
2021-04-30,1014605708,BMY,Bristol-Myers Squibb
2021-04-30,1014605708,C,Citigroup Inc
2021-04-30,1014605708,CAT,Caterpillar Inc.
2021-04-30,1014605708,CHTR,Charter Communications
2021-04-30,1014605708,CL,Colgate-Palmolive
2021-04-30,1014605708,CMCSA,Comcast Corp.
2021-04-30,1014605708,COF,Capital One Financial Corp.
2021-04-30,1014605708,COP,ConocoPhillips
2021-04-30,1014605708,COST,Costco Wholesale Corp.
2021-04-30,1014605708,CRM,Salesforce
2021-04-30,1014605708,CSCO,Cisco Systems
2021-04-30,1014605708,CVS,CVS Health
2021-04-30,1014605708,CVX,Chevron Corporation
2021-04-30,1014605708,DD,DuPont de Nemours Inc
2021-04-30,1014605708,DHR,Danaher Corporation
2021-04-30,1014605708,DIS,The Walt Disney Company
2021-04-30,1014605708,DOW,Dow Inc.
2021-04-30,1014605708,DUK,Duke Energy
2021-04-30,1014605708,EMR,Emerson Electric Co.
2021-04-30,1014605708,EXC,Exelon
2021-04-30,1014605708,F,Ford Motor Company
2021-04-30,1014605708,FB,"Facebook, Inc."
2021-04-30,1014605708,FDX,FedEx
2021-04-30,1014605708,GD,General Dynamics
2021-04-30,1014605708,GE,General Electric
2021-04-30,1014605708,GILD,Gilead Sciences
2021-04-30,1014605708,GM,General Motors
2021-04-30,1014605708,GOOG,Alphabet Inc.(Class C)
2021-04-30,1014605708,GOOGL,Alphabet Inc.(Class A)
2021-04-30,1014605708,GS,Goldman Sachs
2021-04-30,1014605708,HD,The Home Depot
2021-04-30,1014605708,HON,Honeywell
2021-04-30,1014605708,IBM,International Business Machines
2021-04-30,1014605708,INTC,Intel Corp.
2021-04-30,1014605708,JNJ,Johnson & Johnson
2021-04-30,1014605708,JPM,JPMorgan Chase & Co.
2021-04-30,1014605708,KHC,Kraft Heinz
2021-04-30,1014605708,KO,The Coca-Cola Company
2021-04-30,1014605708,LIN,Linde plc
2021-04-30,1014605708,LLY,Eli Lilly and Company
2021-04-30,1014605708,LMT,Lockheed Martin
2021-04-30,1014605708,LOW,Lowe's
2021-04-30,1014605708,MA,Mastercard
2021-04-30,1014605708,MCD,McDonald's Corp
2021-04-30,1014605708,MDLZ,Mondelēz International
2021-04-30,1014605708,MDT,Medtronic plc
2021-04-30,1014605708,MET,MetLife Inc.
2021-04-30,1014605708,MMM,3M Company
2021-04-30,1014605708,MO,Altria Group
2021-04-30,1014605708,MRK,Merck & Co.
2021-04-30,1014605708,MS,Morgan Stanley
2021-04-30,1014605708,MSFT,Microsoft
2021-04-30,1014605708,NEE,NextEra Energy
2021-04-30,1014605708,NFLX,Netflix
2021-04-30,1014605708,NKE,"Nike, Inc."
2021-04-30,1014605708,NVDA,Nvidia Corporation
2021-04-30,1014605708,ORCL,Oracle Corporation
2021-04-30,1014605708,PEP,PepsiCo
2021-04-30,1014605708,PFE,Pfizer Inc
2021-04-30,1014605708,PG,Procter & Gamble
2021-04-30,1014605708,PM,Philip Morris International
2021-04-30,1014605708,PYPL,PayPal
2021-04-30,1014605708,QCOM,Qualcomm
2021-04-30,1014605708,RTX,Raytheon Technologies
2021-04-30,1014605708,SBUX,Starbucks Corp.
2021-04-30,1014605708,SO,Southern Company
2021-04-30,1014605708,SPG,Simon Property Group
2021-04-30,1014605708,T,AT&T Inc
2021-04-30,1014605708,TGT,Target Corporation
2021-04-30,1014605708,TMO,Thermo Fisher Scientific
2021-04-30,1014605708,TMUS,T-Mobile US
2021-04-30,1014605708,TSLA,"Tesla, Inc."
2021-04-30,1014605708,TXN,Texas Instruments
2021-04-30,1014605708,UNH,UnitedHealth Group
2021-04-30,1014605708,UNP,Union Pacific Corporation
2021-04-30,1014605708,UPS,United Parcel Service
2021-04-30,1014605708,USB,U.S. Bancorp
2021-04-30,1014605708,V,Visa Inc.
2021-04-30,1014605708,VZ,Verizon Communications
2021-04-30,1014605708,WBA,Walgreens Boots Alliance
2021-04-30,1014605708,WFC,Wells Fargo
2021-04-30,1014605708,WMT,Walmart
2021-04-30,1014605708,XOM,Exxon Mobil Corp.
2021-05-07,1014605708,AAPL,Apple Inc.
2021-05-07,1014605708,ABBV,AbbVie Inc.
2021-05-07,1014605708,ABT,Abbott Laboratories
2021-05-07,1014605708,ACN,Accenture
2021-05-07,1014605708,ADBE,Adobe Inc.
2021-05-07,1014605708,AIG,American International Group
2021-05-07,1014605708,AMGN,Amgen Inc.
2021-05-07,1014605708,AMT,American Tower
2021-05-07,1014605708,AMZN,Amazon.com
2021-05-07,1014605708,AVGO,Broadcom Inc.
2021-05-07,1014605708,AXP,American Express
2021-05-07,1014605708,BA,Boeing Co.
2021-05-07,1014605708,BAC,Bank of America Corp
2021-05-07,1014605708,BIIB,Biogen
2021-05-07,1014605708,BK,The Bank of New York Mellon
2021-05-07,1014605708,BKNG,Booking Holdings
2021-05-07,1014605708,BLK,BlackRock Inc
2021-05-07,1014605708,BMY,Bristol-Myers Squibb
2021-05-07,1014605708,C,Citigroup Inc
2021-05-07,1014605708,CAT,Caterpillar Inc.
2021-05-07,1014605708,CHTR,Charter Communications
2021-05-07,1014605708,CL,Colgate-Palmolive
2021-05-07,1014605708,CMCSA,Comcast Corp.
2021-05-07,1014605708,COF,Capital One Financial Corp.
2021-05-07,1014605708,COP,ConocoPhillips
2021-05-07,1014605708,COST,Costco Wholesale Corp.
2021-05-07,1014605708,CRM,Salesforce
2021-05-07,1014605708,CSCO,Cisco Systems
2021-05-07,1014605708,CVS,CVS Health
2021-05-07,1014605708,CVX,Chevron Corporation
2021-05-07,1014605708,DD,DuPont de Nemours Inc
2021-05-07,1014605708,DHR,Danaher Corporation
2021-05-07,1014605708,DIS,The Walt Disney Company
2021-05-07,1014605708,DOW,Dow Inc.
2021-05-07,1014605708,DUK,Duke Energy
2021-05-07,1014605708,EMR,Emerson Electric Co.
2021-05-07,1014605708,EXC,Exelon
2021-05-07,1014605708,F,Ford Motor Company
2021-05-07,1014605708,FB,"Facebook, Inc."
2021-05-07,1014605708,FDX,FedEx
2021-05-07,1014605708,GD,General Dynamics
2021-05-07,1014605708,GE,General Electric
2021-05-07,1014605708,GILD,Gilead Sciences
2021-05-07,1014605708,GM,General Motors
2021-05-07,1014605708,GOOG,Alphabet Inc.(Class C)
2021-05-07,1014605708,GOOGL,Alphabet Inc.(Class A)
2021-05-07,1014605708,GS,Goldman Sachs
2021-05-07,1014605708,HD,The Home Depot
2021-05-07,1014605708,HON,Honeywell
2021-05-07,1014605708,IBM,International Business Machines
2021-05-07,1014605708,INTC,Intel Corp.
2021-05-07,1014605708,JNJ,Johnson & Johnson
2021-05-07,1014605708,JPM,JPMorgan Chase & Co.
2021-05-07,1014605708,KHC,Kraft Heinz
2021-05-07,1014605708,KO,The Coca-Cola Company
2021-05-07,1014605708,LIN,Linde plc
2021-05-07,1014605708,LLY,Eli Lilly and Company
2021-05-07,1014605708,LMT,Lockheed Martin
2021-05-07,1014605708,LOW,Lowe's
2021-05-07,1014605708,MA,Mastercard
2021-05-07,1014605708,MCD,McDonald's Corp
2021-05-07,1014605708,MDLZ,Mondelēz International
2021-05-07,1014605708,MDT,Medtronic plc
2021-05-07,1014605708,MET,MetLife Inc.
2021-05-07,1014605708,MMM,3M Company
2021-05-07,1014605708,MO,Altria Group
2021-05-07,1014605708,MRK,Merck & Co.
2021-05-07,1014605708,MS,Morgan Stanley
2021-05-07,1014605708,MSFT,Microsoft
2021-05-07,1014605708,NEE,NextEra Energy
2021-05-07,1014605708,NFLX,Netflix
2021-05-07,1014605708,NKE,"Nike, Inc."
2021-05-07,1014605708,NVDA,Nvidia Corporation
2021-05-07,1014605708,ORCL,Oracle Corporation
2021-05-07,1014605708,PEP,PepsiCo
2021-05-07,1014605708,PFE,Pfizer Inc
2021-05-07,1014605708,PG,Procter & Gamble
2021-05-07,1014605708,PM,Philip Morris International
2021-05-07,1014605708,PYPL,PayPal
2021-05-07,1014605708,QCOM,Qualcomm
2021-05-07,1014605708,RTX,Raytheon Technologies
2021-05-07,1014605708,SBUX,Starbucks Corp.
2021-05-07,1014605708,SO,Southern Company
2021-05-07,1014605708,SPG,Simon Property Group
2021-05-07,1014605708,T,AT&T Inc
2021-05-07,1014605708,TGT,Target Corporation
2021-05-07,1014605708,TMO,Thermo Fisher Scientific
2021-05-07,1014605708,TMUS,T-Mobile US
2021-05-07,1014605708,TSLA,"Tesla, Inc."
2021-05-07,1014605708,TXN,Texas Instruments
2021-05-07,1014605708,UNH,UnitedHealth Group
2021-05-07,1014605708,UNP,Union Pacific Corporation
2021-05-07,1014605708,UPS,United Parcel Service
2021-05-07,1014605708,USB,U.S. Bancorp
2021-05-07,1014605708,V,Visa Inc.
2021-05-07,1014605708,VZ,Verizon Communications
2021-05-07,1014605708,WBA,Walgreens Boots Alliance
2021-05-07,1014605708,WFC,Wells Fargo
2021-05-07,1014605708,WMT,Walmart
2021-05-07,1014605708,XOM,Exxon Mobil Corp.
2021-05-14,1014605708,AAPL,Apple Inc.
2021-05-14,1014605708,ABBV,AbbVie Inc.
2021-05-14,1014605708,ABT,Abbott Laboratories
2021-05-14,1014605708,ACN,Accenture
2021-05-14,1014605708,ADBE,Adobe Inc.
2021-05-14,1014605708,AIG,American International Group
2021-05-14,1014605708,AMGN,Amgen Inc.
2021-05-14,1014605708,AMT,American Tower
2021-05-14,1014605708,AMZN,Amazon.com
2021-05-14,1014605708,AVGO,Broadcom Inc.
2021-05-14,1014605708,AXP,American Express
2021-05-14,1014605708,BA,Boeing Co.
2021-05-14,1014605708,BAC,Bank of America Corp
2021-05-14,1014605708,BIIB,Biogen
2021-05-14,1014605708,BK,The Bank of New York Mellon
2021-05-14,1014605708,BKNG,Booking Holdings
2021-05-14,1014605708,BLK,BlackRock Inc
2021-05-14,1014605708,BMY,Bristol-Myers Squibb
2021-05-14,1014605708,C,Citigroup Inc
2021-05-14,1014605708,CAT,Caterpillar Inc.
2021-05-14,1014605708,CHTR,Charter Communications
2021-05-14,1014605708,CL,Colgate-Palmolive
2021-05-14,1014605708,CMCSA,Comcast Corp.
2021-05-14,1014605708,COF,Capital One Financial Corp.
2021-05-14,1014605708,COP,ConocoPhillips
2021-05-14,1014605708,COST,Costco Wholesale Corp.
2021-05-14,1014605708,CRM,Salesforce
2021-05-14,1014605708,CSCO,Cisco Systems
2021-05-14,1014605708,CVS,CVS Health
2021-05-14,1014605708,CVX,Chevron Corporation
2021-05-14,1014605708,DD,DuPont de Nemours Inc
2021-05-14,1014605708,DHR,Danaher Corporation
2021-05-14,1014605708,DIS,The Walt Disney Company
2021-05-14,1014605708,DOW,Dow Inc.
2021-05-14,1014605708,DUK,Duke Energy
2021-05-14,1014605708,EMR,Emerson Electric Co.
2021-05-14,1014605708,EXC,Exelon
2021-05-14,1014605708,F,Ford Motor Company
2021-05-14,1014605708,FB,"Facebook, Inc."
2021-05-14,1014605708,FDX,FedEx
2021-05-14,1014605708,GD,General Dynamics
2021-05-14,1014605708,GE,General Electric
2021-05-14,1014605708,GILD,Gilead Sciences
2021-05-14,1014605708,GM,General Motors
2021-05-14,1014605708,GOOG,Alphabet Inc.(Class C)
2021-05-14,1014605708,GOOGL,Alphabet Inc.(Class A)
2021-05-14,1014605708,GS,Goldman Sachs
2021-05-14,1014605708,HD,The Home Depot
2021-05-14,1014605708,HON,Honeywell
2021-05-14,1014605708,IBM,International Business Machines
2021-05-14,1014605708,INTC,Intel Corp.
2021-05-14,1014605708,JNJ,Johnson & Johnson
2021-05-14,1014605708,JPM,JPMorgan Chase & Co.
2021-05-14,1014605708,KHC,Kraft Heinz
2021-05-14,1014605708,KO,The Coca-Cola Company
2021-05-14,1014605708,LIN,Linde plc
2021-05-14,1014605708,LLY,Eli Lilly and Company
2021-05-14,1014605708,LMT,Lockheed Martin
2021-05-14,1014605708,LOW,Lowe's
2021-05-14,1014605708,MA,Mastercard
2021-05-14,1014605708,MCD,McDonald's Corp
2021-05-14,1014605708,MDLZ,Mondelēz International
2021-05-14,1014605708,MDT,Medtronic plc
2021-05-14,1014605708,MET,MetLife Inc.
2021-05-14,1014605708,MMM,3M Company
2021-05-14,1014605708,MO,Altria Group
2021-05-14,1014605708,MRK,Merck & Co.
2021-05-14,1014605708,MS,Morgan Stanley
2021-05-14,1014605708,MSFT,Microsoft
2021-05-14,1014605708,NEE,NextEra Energy
2021-05-14,1014605708,NFLX,Netflix
2021-05-14,1014605708,NKE,"Nike, Inc."
2021-05-14,1014605708,NVDA,Nvidia Corporation
2021-05-14,1014605708,ORCL,Oracle Corporation
2021-05-14,1014605708,PEP,PepsiCo
2021-05-14,1014605708,PFE,Pfizer Inc
2021-05-14,1014605708,PG,Procter & Gamble
2021-05-14,1014605708,PM,Philip Morris International
2021-05-14,1014605708,PYPL,PayPal
2021-05-14,1014605708,QCOM,Qualcomm
2021-05-14,1014605708,RTX,Raytheon Technologies
2021-05-14,1014605708,SBUX,Starbucks Corp.
2021-05-14,1014605708,SO,Southern Company
2021-05-14,1014605708,SPG,Simon Property Group
2021-05-14,1014605708,T,AT&T Inc
2021-05-14,1014605708,TGT,Target Corporation
2021-05-14,1014605708,TMO,Thermo Fisher Scientific
2021-05-14,1014605708,TMUS,T-Mobile US
2021-05-14,1014605708,TSLA,"Tesla, Inc."
2021-05-14,1014605708,TXN,Texas Instruments
2021-05-14,1014605708,UNH,UnitedHealth Group
2021-05-14,1014605708,UNP,Union Pacific Corporation
2021-05-14,1014605708,UPS,United Parcel Service
2021-05-14,1014605708,USB,U.S. Bancorp
2021-05-14,1014605708,V,Visa Inc.
2021-05-14,1014605708,VZ,Verizon Communications
2021-05-14,1014605708,WBA,Walgreens Boots Alliance
2021-05-14,1014605708,WFC,Wells Fargo
2021-05-14,1014605708,WMT,Walmart
2021-05-14,1014605708,XOM,Exxon Mobil Corp.
2021-05-21,1024257034,AAPL,Apple Inc.
2021-05-21,1024257034,ABBV,AbbVie Inc.
2021-05-21,1024257034,ABT,Abbott Laboratories
2021-05-21,1024257034,ACN,Accenture
2021-05-21,1024257034,ADBE,Adobe Inc.
2021-05-21,1024257034,AIG,American International Group
2021-05-21,1024257034,AMGN,Amgen Inc.
2021-05-21,1024257034,AMT,American Tower
2021-05-21,1024257034,AMZN,Amazon.com
2021-05-21,1024257034,AVGO,Broadcom Inc.
2021-05-21,1024257034,AXP,American Express
2021-05-21,1024257034,BA,Boeing Co.
2021-05-21,1024257034,BAC,Bank of America Corp
2021-05-21,1024257034,BIIB,Biogen
2021-05-21,1024257034,BK,The Bank of New York Mellon
2021-05-21,1024257034,BKNG,Booking Holdings
2021-05-21,1024257034,BLK,BlackRock Inc.
2021-05-21,1024257034,BMY,Bristol-Myers Squibb
2021-05-21,1024257034,C,Citigroup Inc.
2021-05-21,1024257034,CAT,Caterpillar Inc.
2021-05-21,1024257034,CHTR,Charter Communications
2021-05-21,1024257034,CL,Colgate-Palmolive
2021-05-21,1024257034,CMCSA,Comcast Corp.
2021-05-21,1024257034,COF,Capital One Financial Corp.
2021-05-21,1024257034,COP,ConocoPhillips
2021-05-21,1024257034,COST,Costco Wholesale Corp.
2021-05-21,1024257034,CRM,Salesforce
2021-05-21,1024257034,CSCO,Cisco Systems
2021-05-21,1024257034,CVS,CVS Health
2021-05-21,1024257034,CVX,Chevron Corporation
2021-05-21,1024257034,DD,DuPont de Nemours Inc.
2021-05-21,1024257034,DHR,Danaher Corporation
2021-05-21,1024257034,DIS,The Walt Disney Company
2021-05-21,1024257034,DOW,Dow Inc.
2021-05-21,1024257034,DUK,Duke Energy
2021-05-21,1024257034,EMR,Emerson Electric Co.
2021-05-21,1024257034,EXC,Exelon
2021-05-21,1024257034,F,Ford Motor Company
2021-05-21,1024257034,FB,"Facebook, Inc."
2021-05-21,1024257034,FDX,FedEx
2021-05-21,1024257034,GD,General Dynamics
2021-05-21,1024257034,GE,General Electric
2021-05-21,1024257034,GILD,Gilead Sciences
2021-05-21,1024257034,GM,General Motors
2021-05-21,1024257034,GOOG,Alphabet Inc.(Class C)
2021-05-21,1024257034,GOOGL,Alphabet Inc.(Class A)
2021-05-21,1024257034,GS,Goldman Sachs
2021-05-21,1024257034,HD,The Home Depot
2021-05-21,1024257034,HON,Honeywell
2021-05-21,1024257034,IBM,International Business Machines
2021-05-21,1024257034,INTC,Intel Corp.
2021-05-21,1024257034,JNJ,Johnson & Johnson
2021-05-21,1024257034,JPM,JPMorgan Chase & Co.
2021-05-21,1024257034,KHC,Kraft Heinz
2021-05-21,1024257034,KO,The Coca-Cola Company
2021-05-21,1024257034,LIN,Linde plc
2021-05-21,1024257034,LLY,Eli Lilly and Company
2021-05-21,1024257034,LMT,Lockheed Martin
2021-05-21,1024257034,LOW,Lowe's
2021-05-21,1024257034,MA,Mastercard
2021-05-21,1024257034,MCD,McDonald's Corp
2021-05-21,1024257034,MDLZ,Mondelēz International
2021-05-21,1024257034,MDT,Medtronic plc
2021-05-21,1024257034,MET,MetLife Inc.
2021-05-21,1024257034,MMM,3M Company
2021-05-21,1024257034,MO,Altria Group
2021-05-21,1024257034,MRK,Merck & Co.
2021-05-21,1024257034,MS,Morgan Stanley
2021-05-21,1024257034,MSFT,Microsoft
2021-05-21,1024257034,NEE,NextEra Energy
2021-05-21,1024257034,NFLX,Netflix
2021-05-21,1024257034,NKE,"Nike, Inc."
2021-05-21,1024257034,NVDA,Nvidia Corporation
2021-05-21,1024257034,ORCL,Oracle Corporation
2021-05-21,1024257034,PEP,PepsiCo
2021-05-21,1024257034,PFE,Pfizer Inc.
2021-05-21,1024257034,PG,Procter & Gamble
2021-05-21,1024257034,PM,Philip Morris International
2021-05-21,1024257034,PYPL,PayPal
2021-05-21,1024257034,QCOM,Qualcomm
2021-05-21,1024257034,RTX,Raytheon Technologies
2021-05-21,1024257034,SBUX,Starbucks Corp.
2021-05-21,1024257034,SO,Southern Company
2021-05-21,1024257034,SPG,Simon Property Group
2021-05-21,1024257034,T,AT&T Inc.
2021-05-21,1024257034,TGT,Target Corporation
2021-05-21,1024257034,TMO,Thermo Fisher Scientific
2021-05-21,1024257034,TMUS,T-Mobile US
2021-05-21,1024257034,TSLA,"Tesla, Inc."
2021-05-21,1024257034,TXN,Texas Instruments
2021-05-21,1024257034,UNH,UnitedHealth Group
2021-05-21,1024257034,UNP,Union Pacific Corporation
2021-05-21,1024257034,UPS,United Parcel Service
2021-05-21,1024257034,USB,U.S. Bancorp
2021-05-21,1024257034,V,Visa Inc.
2021-05-21,1024257034,VZ,Verizon Communications
2021-05-21,1024257034,WBA,Walgreens Boots Alliance
2021-05-21,1024257034,WFC,Wells Fargo
2021-05-21,1024257034,WMT,Walmart
2021-05-21,1024257034,XOM,Exxon Mobil Corp.
2021-05-28,1025160498,AAPL,Apple Inc.
2021-05-28,1025160498,ABBV,AbbVie Inc.
2021-05-28,1025160498,ABT,Abbott Laboratories
2021-05-28,1025160498,ACN,Accenture
2021-05-28,1025160498,ADBE,Adobe Inc.
2021-05-28,1025160498,AIG,American International Group
2021-05-28,1025160498,AMGN,Amgen Inc.
2021-05-28,1025160498,AMT,American Tower
2021-05-28,1025160498,AMZN,Amazon.com
2021-05-28,1025160498,AVGO,Broadcom Inc.
2021-05-28,1025160498,AXP,American Express
2021-05-28,1025160498,BA,Boeing Co.
2021-05-28,1025160498,BAC,Bank of America
2021-05-28,1025160498,BIIB,Biogen
2021-05-28,1025160498,BK,The Bank of New York Mellon
2021-05-28,1025160498,BKNG,Booking Holdings
2021-05-28,1025160498,BLK,BlackRock Inc.
2021-05-28,1025160498,BMY,Bristol-Myers Squibb
2021-05-28,1025160498,C,Citigroup Inc.
2021-05-28,1025160498,CAT,Caterpillar Inc.
2021-05-28,1025160498,CHTR,Charter Communications
2021-05-28,1025160498,CL,Colgate-Palmolive
2021-05-28,1025160498,CMCSA,Comcast Corp.
2021-05-28,1025160498,COF,Capital One Financial Corp.
2021-05-28,1025160498,COP,ConocoPhillips
2021-05-28,1025160498,COST,Costco Wholesale Corp.
2021-05-28,1025160498,CRM,Salesforce
2021-05-28,1025160498,CSCO,Cisco Systems
2021-05-28,1025160498,CVS,CVS Health
2021-05-28,1025160498,CVX,Chevron Corporation
2021-05-28,1025160498,DD,DuPont de Nemours Inc.
2021-05-28,1025160498,DHR,Danaher Corporation
2021-05-28,1025160498,DIS,The Walt Disney Company
2021-05-28,1025160498,DOW,Dow Inc.
2021-05-28,1025160498,DUK,Duke Energy
2021-05-28,1025160498,EMR,Emerson Electric Co.
2021-05-28,1025160498,EXC,Exelon
2021-05-28,1025160498,F,Ford Motor Company
2021-05-28,1025160498,FB,"Facebook, Inc."
2021-05-28,1025160498,FDX,FedEx
2021-05-28,1025160498,GD,General Dynamics
2021-05-28,1025160498,GE,General Electric
2021-05-28,1025160498,GILD,Gilead Sciences
2021-05-28,1025160498,GM,General Motors
2021-05-28,1025160498,GOOG,Alphabet Inc.(Class C)
2021-05-28,1025160498,GOOGL,Alphabet Inc.(Class A)
2021-05-28,1025160498,GS,Goldman Sachs
2021-05-28,1025160498,HD,The Home Depot
2021-05-28,1025160498,HON,Honeywell
2021-05-28,1025160498,IBM,International Business Machines
2021-05-28,1025160498,INTC,Intel Corp.
2021-05-28,1025160498,JNJ,Johnson & Johnson
2021-05-28,1025160498,JPM,JPMorgan Chase & Co.
2021-05-28,1025160498,KHC,Kraft Heinz
2021-05-28,1025160498,KO,The Coca-Cola Company
2021-05-28,1025160498,LIN,Linde plc
2021-05-28,1025160498,LLY,Eli Lilly and Company
2021-05-28,1025160498,LMT,Lockheed Martin
2021-05-28,1025160498,LOW,Lowe's
2021-05-28,1025160498,MA,Mastercard
2021-05-28,1025160498,MCD,McDonald's
2021-05-28,1025160498,MDLZ,Mondelēz International
2021-05-28,1025160498,MDT,Medtronic plc
2021-05-28,1025160498,MET,MetLife Inc.
2021-05-28,1025160498,MMM,3M Company
2021-05-28,1025160498,MO,Altria Group
2021-05-28,1025160498,MRK,Merck & Co.
2021-05-28,1025160498,MS,Morgan Stanley
2021-05-28,1025160498,MSFT,Microsoft
2021-05-28,1025160498,NEE,NextEra Energy
2021-05-28,1025160498,NFLX,Netflix
2021-05-28,1025160498,NKE,"Nike, Inc."
2021-05-28,1025160498,NVDA,Nvidia Corporation
2021-05-28,1025160498,ORCL,Oracle Corporation
2021-05-28,1025160498,PEP,PepsiCo
2021-05-28,1025160498,PFE,Pfizer Inc.
2021-05-28,1025160498,PG,Procter & Gamble
2021-05-28,1025160498,PM,Philip Morris International
2021-05-28,1025160498,PYPL,PayPal
2021-05-28,1025160498,QCOM,Qualcomm
2021-05-28,1025160498,RTX,Raytheon Technologies
2021-05-28,1025160498,SBUX,Starbucks Corp.
2021-05-28,1025160498,SO,Southern Company
2021-05-28,1025160498,SPG,Simon Property Group
2021-05-28,1025160498,T,AT&T Inc.
2021-05-28,1025160498,TGT,Target Corporation
2021-05-28,1025160498,TMO,Thermo Fisher Scientific
2021-05-28,1025160498,TMUS,T-Mobile US
2021-05-28,1025160498,TSLA,"Tesla, Inc."
2021-05-28,1025160498,TXN,Texas Instruments
2021-05-28,1025160498,UNH,UnitedHealth Group
2021-05-28,1025160498,UNP,Union Pacific Corporation
2021-05-28,1025160498,UPS,United Parcel Service
2021-05-28,1025160498,USB,U.S. Bancorp
2021-05-28,1025160498,V,Visa Inc.
2021-05-28,1025160498,VZ,Verizon Communications
2021-05-28,1025160498,WBA,Walgreens Boots Alliance
2021-05-28,1025160498,WFC,Wells Fargo
2021-05-28,1025160498,WMT,Walmart
2021-05-28,1025160498,XOM,Exxon Mobil Corp.
2021-06-04,1025160498,AAPL,Apple Inc.
2021-06-04,1025160498,ABBV,AbbVie Inc.
2021-06-04,1025160498,ABT,Abbott Laboratories
2021-06-04,1025160498,ACN,Accenture
2021-06-04,1025160498,ADBE,Adobe Inc.
2021-06-04,1025160498,AIG,American International Group
2021-06-04,1025160498,AMGN,Amgen Inc.
2021-06-04,1025160498,AMT,American Tower
2021-06-04,1025160498,AMZN,Amazon.com
2021-06-04,1025160498,AVGO,Broadcom Inc.
2021-06-04,1025160498,AXP,American Express
2021-06-04,1025160498,BA,Boeing Co.
2021-06-04,1025160498,BAC,Bank of America
2021-06-04,1025160498,BIIB,Biogen
2021-06-04,1025160498,BK,The Bank of New York Mellon
2021-06-04,1025160498,BKNG,Booking Holdings
2021-06-04,1025160498,BLK,BlackRock Inc.
2021-06-04,1025160498,BMY,Bristol-Myers Squibb
2021-06-04,1025160498,C,Citigroup Inc.
2021-06-04,1025160498,CAT,Caterpillar Inc.
2021-06-04,1025160498,CHTR,Charter Communications
2021-06-04,1025160498,CL,Colgate-Palmolive
2021-06-04,1025160498,CMCSA,Comcast Corp.
2021-06-04,1025160498,COF,Capital One Financial Corp.
2021-06-04,1025160498,COP,ConocoPhillips
2021-06-04,1025160498,COST,Costco Wholesale Corp.
2021-06-04,1025160498,CRM,Salesforce
2021-06-04,1025160498,CSCO,Cisco Systems
2021-06-04,1025160498,CVS,CVS Health
2021-06-04,1025160498,CVX,Chevron Corporation
2021-06-04,1025160498,DD,DuPont de Nemours Inc.
2021-06-04,1025160498,DHR,Danaher Corporation
2021-06-04,1025160498,DIS,The Walt Disney Company
2021-06-04,1025160498,DOW,Dow Inc.
2021-06-04,1025160498,DUK,Duke Energy
2021-06-04,1025160498,EMR,Emerson Electric Co.
2021-06-04,1025160498,EXC,Exelon
2021-06-04,1025160498,F,Ford Motor Company
2021-06-04,1025160498,FB,"Facebook, Inc."
2021-06-04,1025160498,FDX,FedEx
2021-06-04,1025160498,GD,General Dynamics
2021-06-04,1025160498,GE,General Electric
2021-06-04,1025160498,GILD,Gilead Sciences
2021-06-04,1025160498,GM,General Motors
2021-06-04,1025160498,GOOG,Alphabet Inc.(Class C)
2021-06-04,1025160498,GOOGL,Alphabet Inc.(Class A)
2021-06-04,1025160498,GS,Goldman Sachs
2021-06-04,1025160498,HD,The Home Depot
2021-06-04,1025160498,HON,Honeywell
2021-06-04,1025160498,IBM,International Business Machines
2021-06-04,1025160498,INTC,Intel Corp.
2021-06-04,1025160498,JNJ,Johnson & Johnson
2021-06-04,1025160498,JPM,JPMorgan Chase & Co.
2021-06-04,1025160498,KHC,Kraft Heinz
2021-06-04,1025160498,KO,The Coca-Cola Company
2021-06-04,1025160498,LIN,Linde plc
2021-06-04,1025160498,LLY,Eli Lilly and Company
2021-06-04,1025160498,LMT,Lockheed Martin
2021-06-04,1025160498,LOW,Lowe's
2021-06-04,1025160498,MA,Mastercard
2021-06-04,1025160498,MCD,McDonald's
2021-06-04,1025160498,MDLZ,Mondelēz International
2021-06-04,1025160498,MDT,Medtronic plc
2021-06-04,1025160498,MET,MetLife Inc.
2021-06-04,1025160498,MMM,3M Company
2021-06-04,1025160498,MO,Altria Group
2021-06-04,1025160498,MRK,Merck & Co.
2021-06-04,1025160498,MS,Morgan Stanley
2021-06-04,1025160498,MSFT,Microsoft
2021-06-04,1025160498,NEE,NextEra Energy
2021-06-04,1025160498,NFLX,Netflix
2021-06-04,1025160498,NKE,"Nike, Inc."
2021-06-04,1025160498,NVDA,Nvidia Corporation
2021-06-04,1025160498,ORCL,Oracle Corporation
2021-06-04,1025160498,PEP,PepsiCo
2021-06-04,1025160498,PFE,Pfizer Inc.
2021-06-04,1025160498,PG,Procter & Gamble
2021-06-04,1025160498,PM,Philip Morris International
2021-06-04,1025160498,PYPL,PayPal
2021-06-04,1025160498,QCOM,Qualcomm
2021-06-04,1025160498,RTX,Raytheon Technologies
2021-06-04,1025160498,SBUX,Starbucks Corp.
2021-06-04,1025160498,SO,Southern Company
2021-06-04,1025160498,SPG,Simon Property Group
2021-06-04,1025160498,T,AT&T Inc.
2021-06-04,1025160498,TGT,Target Corporation
2021-06-04,1025160498,TMO,Thermo Fisher Scientific
2021-06-04,1025160498,TMUS,T-Mobile US
2021-06-04,1025160498,TSLA,"Tesla, Inc."
2021-06-04,1025160498,TXN,Texas Instruments
2021-06-04,1025160498,UNH,UnitedHealth Group
2021-06-04,1025160498,UNP,Union Pacific Corporation
2021-06-04,1025160498,UPS,United Parcel Service
2021-06-04,1025160498,USB,U.S. Bancorp
2021-06-04,1025160498,V,Visa Inc.
2021-06-04,1025160498,VZ,Verizon Communications
2021-06-04,1025160498,WBA,Walgreens Boots Alliance
2021-06-04,1025160498,WFC,Wells Fargo
2021-06-04,1025160498,WMT,Walmart
2021-06-04,1025160498,XOM,Exxon Mobil Corp.
2021-06-11,1025160498,AAPL,Apple Inc.
2021-06-11,1025160498,ABBV,AbbVie Inc.
2021-06-11,1025160498,ABT,Abbott Laboratories
2021-06-11,1025160498,ACN,Accenture
2021-06-11,1025160498,ADBE,Adobe Inc.
2021-06-11,1025160498,AIG,American International Group
2021-06-11,1025160498,AMGN,Amgen Inc.
2021-06-11,1025160498,AMT,American Tower
2021-06-11,1025160498,AMZN,Amazon.com
2021-06-11,1025160498,AVGO,Broadcom Inc.
2021-06-11,1025160498,AXP,American Express
2021-06-11,1025160498,BA,Boeing Co.
2021-06-11,1025160498,BAC,Bank of America
2021-06-11,1025160498,BIIB,Biogen
2021-06-11,1025160498,BK,The Bank of New York Mellon
2021-06-11,1025160498,BKNG,Booking Holdings
2021-06-11,1025160498,BLK,BlackRock Inc.
2021-06-11,1025160498,BMY,Bristol-Myers Squibb
2021-06-11,1025160498,C,Citigroup Inc.
2021-06-11,1025160498,CAT,Caterpillar Inc.
2021-06-11,1025160498,CHTR,Charter Communications
2021-06-11,1025160498,CL,Colgate-Palmolive
2021-06-11,1025160498,CMCSA,Comcast Corp.
2021-06-11,1025160498,COF,Capital One Financial Corp.
2021-06-11,1025160498,COP,ConocoPhillips
2021-06-11,1025160498,COST,Costco Wholesale Corp.
2021-06-11,1025160498,CRM,Salesforce
2021-06-11,1025160498,CSCO,Cisco Systems
2021-06-11,1025160498,CVS,CVS Health
2021-06-11,1025160498,CVX,Chevron Corporation
2021-06-11,1025160498,DD,DuPont de Nemours Inc.
2021-06-11,1025160498,DHR,Danaher Corporation
2021-06-11,1025160498,DIS,The Walt Disney Company
2021-06-11,1025160498,DOW,Dow Inc.
2021-06-11,1025160498,DUK,Duke Energy
2021-06-11,1025160498,EMR,Emerson Electric Co.
2021-06-11,1025160498,EXC,Exelon
2021-06-11,1025160498,F,Ford Motor Company
2021-06-11,1025160498,FB,"Facebook, Inc."
2021-06-11,1025160498,FDX,FedEx
2021-06-11,1025160498,GD,General Dynamics
2021-06-11,1025160498,GE,General Electric
2021-06-11,1025160498,GILD,Gilead Sciences
2021-06-11,1025160498,GM,General Motors
2021-06-11,1025160498,GOOG,Alphabet Inc.(Class C)
2021-06-11,1025160498,GOOGL,Alphabet Inc.(Class A)
2021-06-11,1025160498,GS,Goldman Sachs
2021-06-11,1025160498,HD,The Home Depot
2021-06-11,1025160498,HON,Honeywell
2021-06-11,1025160498,IBM,International Business Machines
2021-06-11,1025160498,INTC,Intel Corp.
2021-06-11,1025160498,JNJ,Johnson & Johnson
2021-06-11,1025160498,JPM,JPMorgan Chase & Co.
2021-06-11,1025160498,KHC,Kraft Heinz
2021-06-11,1025160498,KO,The Coca-Cola Company
2021-06-11,1025160498,LIN,Linde plc
2021-06-11,1025160498,LLY,Eli Lilly and Company
2021-06-11,1025160498,LMT,Lockheed Martin
2021-06-11,1025160498,LOW,Lowe's
2021-06-11,1025160498,MA,Mastercard
2021-06-11,1025160498,MCD,McDonald's
2021-06-11,1025160498,MDLZ,Mondelēz International
2021-06-11,1025160498,MDT,Medtronic plc
2021-06-11,1025160498,MET,MetLife Inc.
2021-06-11,1025160498,MMM,3M Company
2021-06-11,1025160498,MO,Altria Group
2021-06-11,1025160498,MRK,Merck & Co.
2021-06-11,1025160498,MS,Morgan Stanley
2021-06-11,1025160498,MSFT,Microsoft
2021-06-11,1025160498,NEE,NextEra Energy
2021-06-11,1025160498,NFLX,Netflix
2021-06-11,1025160498,NKE,"Nike, Inc."
2021-06-11,1025160498,NVDA,Nvidia Corporation
2021-06-11,1025160498,ORCL,Oracle Corporation
2021-06-11,1025160498,PEP,PepsiCo
2021-06-11,1025160498,PFE,Pfizer Inc.
2021-06-11,1025160498,PG,Procter & Gamble
2021-06-11,1025160498,PM,Philip Morris International
2021-06-11,1025160498,PYPL,PayPal
2021-06-11,1025160498,QCOM,Qualcomm
2021-06-11,1025160498,RTX,Raytheon Technologies
2021-06-11,1025160498,SBUX,Starbucks Corp.
2021-06-11,1025160498,SO,Southern Company
2021-06-11,1025160498,SPG,Simon Property Group
2021-06-11,1025160498,T,AT&T Inc.
2021-06-11,1025160498,TGT,Target Corporation
2021-06-11,1025160498,TMO,Thermo Fisher Scientific
2021-06-11,1025160498,TMUS,T-Mobile US
2021-06-11,1025160498,TSLA,"Tesla, Inc."
2021-06-11,1025160498,TXN,Texas Instruments
2021-06-11,1025160498,UNH,UnitedHealth Group
2021-06-11,1025160498,UNP,Union Pacific Corporation
2021-06-11,1025160498,UPS,United Parcel Service
2021-06-11,1025160498,USB,U.S. Bancorp
2021-06-11,1025160498,V,Visa Inc.
2021-06-11,1025160498,VZ,Verizon Communications
2021-06-11,1025160498,WBA,Walgreens Boots Alliance
2021-06-11,1025160498,WFC,Wells Fargo
2021-06-11,1025160498,WMT,Walmart
2021-06-11,1025160498,XOM,Exxon Mobil Corp.
2021-06-18,1025160498,AAPL,Apple Inc.
2021-06-18,1025160498,ABBV,AbbVie Inc.
2021-06-18,1025160498,ABT,Abbott Laboratories
2021-06-18,1025160498,ACN,Accenture
2021-06-18,1025160498,ADBE,Adobe Inc.
2021-06-18,1025160498,AIG,American International Group
2021-06-18,1025160498,AMGN,Amgen Inc.
2021-06-18,1025160498,AMT,American Tower
2021-06-18,1025160498,AMZN,Amazon.com
2021-06-18,1025160498,AVGO,Broadcom Inc.
2021-06-18,1025160498,AXP,American Express
2021-06-18,1025160498,BA,Boeing Co.
2021-06-18,1025160498,BAC,Bank of America
2021-06-18,1025160498,BIIB,Biogen
2021-06-18,1025160498,BK,The Bank of New York Mellon
2021-06-18,1025160498,BKNG,Booking Holdings
2021-06-18,1025160498,BLK,BlackRock Inc.
2021-06-18,1025160498,BMY,Bristol-Myers Squibb
2021-06-18,1025160498,C,Citigroup Inc.
2021-06-18,1025160498,CAT,Caterpillar Inc.
2021-06-18,1025160498,CHTR,Charter Communications
2021-06-18,1025160498,CL,Colgate-Palmolive
2021-06-18,1025160498,CMCSA,Comcast Corp.
2021-06-18,1025160498,COF,Capital One Financial Corp.
2021-06-18,1025160498,COP,ConocoPhillips
2021-06-18,1025160498,COST,Costco Wholesale Corp.
2021-06-18,1025160498,CRM,Salesforce
2021-06-18,1025160498,CSCO,Cisco Systems
2021-06-18,1025160498,CVS,CVS Health
2021-06-18,1025160498,CVX,Chevron Corporation
2021-06-18,1025160498,DD,DuPont de Nemours Inc.
2021-06-18,1025160498,DHR,Danaher Corporation
2021-06-18,1025160498,DIS,The Walt Disney Company
2021-06-18,1025160498,DOW,Dow Inc.
2021-06-18,1025160498,DUK,Duke Energy
2021-06-18,1025160498,EMR,Emerson Electric Co.
2021-06-18,1025160498,EXC,Exelon
2021-06-18,1025160498,F,Ford Motor Company
2021-06-18,1025160498,FB,"Facebook, Inc."
2021-06-18,1025160498,FDX,FedEx
2021-06-18,1025160498,GD,General Dynamics
2021-06-18,1025160498,GE,General Electric
2021-06-18,1025160498,GILD,Gilead Sciences
2021-06-18,1025160498,GM,General Motors
2021-06-18,1025160498,GOOG,Alphabet Inc.(Class C)
2021-06-18,1025160498,GOOGL,Alphabet Inc.(Class A)
2021-06-18,1025160498,GS,Goldman Sachs
2021-06-18,1025160498,HD,The Home Depot
2021-06-18,1025160498,HON,Honeywell
2021-06-18,1025160498,IBM,International Business Machines
2021-06-18,1025160498,INTC,Intel Corp.
2021-06-18,1025160498,JNJ,Johnson & Johnson
2021-06-18,1025160498,JPM,JPMorgan Chase & Co.
2021-06-18,1025160498,KHC,Kraft Heinz
2021-06-18,1025160498,KO,The Coca-Cola Company
2021-06-18,1025160498,LIN,Linde plc
2021-06-18,1025160498,LLY,Eli Lilly and Company
2021-06-18,1025160498,LMT,Lockheed Martin
2021-06-18,1025160498,LOW,Lowe's
2021-06-18,1025160498,MA,Mastercard
2021-06-18,1025160498,MCD,McDonald's
2021-06-18,1025160498,MDLZ,Mondelēz International
2021-06-18,1025160498,MDT,Medtronic plc
2021-06-18,1025160498,MET,MetLife Inc.
2021-06-18,1025160498,MMM,3M Company
2021-06-18,1025160498,MO,Altria Group
2021-06-18,1025160498,MRK,Merck & Co.
2021-06-18,1025160498,MS,Morgan Stanley
2021-06-18,1025160498,MSFT,Microsoft
2021-06-18,1025160498,NEE,NextEra Energy
2021-06-18,1025160498,NFLX,Netflix
2021-06-18,1025160498,NKE,"Nike, Inc."
2021-06-18,1025160498,NVDA,Nvidia Corporation
2021-06-18,1025160498,ORCL,Oracle Corporation
2021-06-18,1025160498,PEP,PepsiCo
2021-06-18,1025160498,PFE,Pfizer Inc.
2021-06-18,1025160498,PG,Procter & Gamble
2021-06-18,1025160498,PM,Philip Morris International
2021-06-18,1025160498,PYPL,PayPal
2021-06-18,1025160498,QCOM,Qualcomm
2021-06-18,1025160498,RTX,Raytheon Technologies
2021-06-18,1025160498,SBUX,Starbucks Corp.
2021-06-18,1025160498,SO,Southern Company
2021-06-18,1025160498,SPG,Simon Property Group
2021-06-18,1025160498,T,AT&T Inc.
2021-06-18,1025160498,TGT,Target Corporation
2021-06-18,1025160498,TMO,Thermo Fisher Scientific
2021-06-18,1025160498,TMUS,T-Mobile US
2021-06-18,1025160498,TSLA,"Tesla, Inc."
2021-06-18,1025160498,TXN,Texas Instruments
2021-06-18,1025160498,UNH,UnitedHealth Group
2021-06-18,1025160498,UNP,Union Pacific Corporation
2021-06-18,1025160498,UPS,United Parcel Service
2021-06-18,1025160498,USB,U.S. Bancorp
2021-06-18,1025160498,V,Visa Inc.
2021-06-18,1025160498,VZ,Verizon Communications
2021-06-18,1025160498,WBA,Walgreens Boots Alliance
2021-06-18,1025160498,WFC,Wells Fargo
2021-06-18,1025160498,WMT,Walmart
2021-06-18,1025160498,XOM,Exxon Mobil Corp.
2021-06-25,1025160498,AAPL,Apple Inc.
2021-06-25,1025160498,ABBV,AbbVie Inc.
2021-06-25,1025160498,ABT,Abbott Laboratories
2021-06-25,1025160498,ACN,Accenture
2021-06-25,1025160498,ADBE,Adobe Inc.
2021-06-25,1025160498,AIG,American International Group
2021-06-25,1025160498,AMGN,Amgen Inc.
2021-06-25,1025160498,AMT,American Tower
2021-06-25,1025160498,AMZN,Amazon.com
2021-06-25,1025160498,AVGO,Broadcom Inc.
2021-06-25,1025160498,AXP,American Express
2021-06-25,1025160498,BA,Boeing Co.
2021-06-25,1025160498,BAC,Bank of America
2021-06-25,1025160498,BIIB,Biogen
2021-06-25,1025160498,BK,The Bank of New York Mellon
2021-06-25,1025160498,BKNG,Booking Holdings
2021-06-25,1025160498,BLK,BlackRock Inc.
2021-06-25,1025160498,BMY,Bristol-Myers Squibb
2021-06-25,1025160498,C,Citigroup Inc.
2021-06-25,1025160498,CAT,Caterpillar Inc.
2021-06-25,1025160498,CHTR,Charter Communications
2021-06-25,1025160498,CL,Colgate-Palmolive
2021-06-25,1025160498,CMCSA,Comcast Corp.
2021-06-25,1025160498,COF,Capital One Financial Corp.
2021-06-25,1025160498,COP,ConocoPhillips
2021-06-25,1025160498,COST,Costco Wholesale Corp.
2021-06-25,1025160498,CRM,Salesforce
2021-06-25,1025160498,CSCO,Cisco Systems
2021-06-25,1025160498,CVS,CVS Health
2021-06-25,1025160498,CVX,Chevron Corporation
2021-06-25,1025160498,DD,DuPont de Nemours Inc.
2021-06-25,1025160498,DHR,Danaher Corporation
2021-06-25,1025160498,DIS,The Walt Disney Company
2021-06-25,1025160498,DOW,Dow Inc.
2021-06-25,1025160498,DUK,Duke Energy
2021-06-25,1025160498,EMR,Emerson Electric Co.
2021-06-25,1025160498,EXC,Exelon
2021-06-25,1025160498,F,Ford Motor Company
2021-06-25,1025160498,FB,"Facebook, Inc."
2021-06-25,1025160498,FDX,FedEx
2021-06-25,1025160498,GD,General Dynamics
2021-06-25,1025160498,GE,General Electric
2021-06-25,1025160498,GILD,Gilead Sciences
2021-06-25,1025160498,GM,General Motors
2021-06-25,1025160498,GOOG,Alphabet Inc.(Class C)
2021-06-25,1025160498,GOOGL,Alphabet Inc.(Class A)
2021-06-25,1025160498,GS,Goldman Sachs
2021-06-25,1025160498,HD,The Home Depot
2021-06-25,1025160498,HON,Honeywell
2021-06-25,1025160498,IBM,International Business Machines
2021-06-25,1025160498,INTC,Intel Corp.
2021-06-25,1025160498,JNJ,Johnson & Johnson
2021-06-25,1025160498,JPM,JPMorgan Chase & Co.
2021-06-25,1025160498,KHC,Kraft Heinz
2021-06-25,1025160498,KO,The Coca-Cola Company
2021-06-25,1025160498,LIN,Linde plc
2021-06-25,1025160498,LLY,Eli Lilly and Company
2021-06-25,1025160498,LMT,Lockheed Martin
2021-06-25,1025160498,LOW,Lowe's
2021-06-25,1025160498,MA,Mastercard
2021-06-25,1025160498,MCD,McDonald's
2021-06-25,1025160498,MDLZ,Mondelēz International
2021-06-25,1025160498,MDT,Medtronic plc
2021-06-25,1025160498,MET,MetLife Inc.
2021-06-25,1025160498,MMM,3M Company
2021-06-25,1025160498,MO,Altria Group
2021-06-25,1025160498,MRK,Merck & Co.
2021-06-25,1025160498,MS,Morgan Stanley
2021-06-25,1025160498,MSFT,Microsoft
2021-06-25,1025160498,NEE,NextEra Energy
2021-06-25,1025160498,NFLX,Netflix
2021-06-25,1025160498,NKE,"Nike, Inc."
2021-06-25,1025160498,NVDA,Nvidia Corporation
2021-06-25,1025160498,ORCL,Oracle Corporation
2021-06-25,1025160498,PEP,PepsiCo
2021-06-25,1025160498,PFE,Pfizer Inc.
2021-06-25,1025160498,PG,Procter & Gamble
2021-06-25,1025160498,PM,Philip Morris International
2021-06-25,1025160498,PYPL,PayPal
2021-06-25,1025160498,QCOM,Qualcomm
2021-06-25,1025160498,RTX,Raytheon Technologies
2021-06-25,1025160498,SBUX,Starbucks Corp.
2021-06-25,1025160498,SO,Southern Company
2021-06-25,1025160498,SPG,Simon Property Group
2021-06-25,1025160498,T,AT&T Inc.
2021-06-25,1025160498,TGT,Target Corporation
2021-06-25,1025160498,TMO,Thermo Fisher Scientific
2021-06-25,1025160498,TMUS,T-Mobile US
2021-06-25,1025160498,TSLA,"Tesla, Inc."
2021-06-25,1025160498,TXN,Texas Instruments
2021-06-25,1025160498,UNH,UnitedHealth Group
2021-06-25,1025160498,UNP,Union Pacific Corporation
2021-06-25,1025160498,UPS,United Parcel Service
2021-06-25,1025160498,USB,U.S. Bancorp
2021-06-25,1025160498,V,Visa Inc.
2021-06-25,1025160498,VZ,Verizon Communications
2021-06-25,1025160498,WBA,Walgreens Boots Alliance
2021-06-25,1025160498,WFC,Wells Fargo
2021-06-25,1025160498,WMT,Walmart
2021-06-25,1025160498,XOM,Exxon Mobil Corp.
2021-07-02,1025160498,AAPL,Apple Inc.
2021-07-02,1025160498,ABBV,AbbVie Inc.
2021-07-02,1025160498,ABT,Abbott Laboratories
2021-07-02,1025160498,ACN,Accenture
2021-07-02,1025160498,ADBE,Adobe Inc.
2021-07-02,1025160498,AIG,American International Group
2021-07-02,1025160498,AMGN,Amgen Inc.
2021-07-02,1025160498,AMT,American Tower
2021-07-02,1025160498,AMZN,Amazon.com
2021-07-02,1025160498,AVGO,Broadcom Inc.
2021-07-02,1025160498,AXP,American Express
2021-07-02,1025160498,BA,Boeing Co.
2021-07-02,1025160498,BAC,Bank of America
2021-07-02,1025160498,BIIB,Biogen
2021-07-02,1025160498,BK,The Bank of New York Mellon
2021-07-02,1025160498,BKNG,Booking Holdings
2021-07-02,1025160498,BLK,BlackRock Inc.
2021-07-02,1025160498,BMY,Bristol-Myers Squibb
2021-07-02,1025160498,C,Citigroup Inc.
2021-07-02,1025160498,CAT,Caterpillar Inc.
2021-07-02,1025160498,CHTR,Charter Communications
2021-07-02,1025160498,CL,Colgate-Palmolive
2021-07-02,1025160498,CMCSA,Comcast Corp.
2021-07-02,1025160498,COF,Capital One Financial Corp.
2021-07-02,1025160498,COP,ConocoPhillips
2021-07-02,1025160498,COST,Costco Wholesale Corp.
2021-07-02,1025160498,CRM,Salesforce
2021-07-02,1025160498,CSCO,Cisco Systems
2021-07-02,1025160498,CVS,CVS Health
2021-07-02,1025160498,CVX,Chevron Corporation
2021-07-02,1025160498,DD,DuPont de Nemours Inc.
2021-07-02,1025160498,DHR,Danaher Corporation
2021-07-02,1025160498,DIS,The Walt Disney Company
2021-07-02,1025160498,DOW,Dow Inc.
2021-07-02,1025160498,DUK,Duke Energy
2021-07-02,1025160498,EMR,Emerson Electric Co.
2021-07-02,1025160498,EXC,Exelon
2021-07-02,1025160498,F,Ford Motor Company
2021-07-02,1025160498,FB,"Facebook, Inc."
2021-07-02,1025160498,FDX,FedEx
2021-07-02,1025160498,GD,General Dynamics
2021-07-02,1025160498,GE,General Electric
2021-07-02,1025160498,GILD,Gilead Sciences
2021-07-02,1025160498,GM,General Motors
2021-07-02,1025160498,GOOG,Alphabet Inc.(Class C)
2021-07-02,1025160498,GOOGL,Alphabet Inc.(Class A)
2021-07-02,1025160498,GS,Goldman Sachs
2021-07-02,1025160498,HD,The Home Depot
2021-07-02,1025160498,HON,Honeywell
2021-07-02,1025160498,IBM,International Business Machines
2021-07-02,1025160498,INTC,Intel Corp.
2021-07-02,1025160498,JNJ,Johnson & Johnson
2021-07-02,1025160498,JPM,JPMorgan Chase & Co.
2021-07-02,1025160498,KHC,Kraft Heinz
2021-07-02,1025160498,KO,The Coca-Cola Company
2021-07-02,1025160498,LIN,Linde plc
2021-07-02,1025160498,LLY,Eli Lilly and Company
2021-07-02,1025160498,LMT,Lockheed Martin
2021-07-02,1025160498,LOW,Lowe's
2021-07-02,1025160498,MA,Mastercard
2021-07-02,1025160498,MCD,McDonald's
2021-07-02,1025160498,MDLZ,Mondelēz International
2021-07-02,1025160498,MDT,Medtronic plc
2021-07-02,1025160498,MET,MetLife Inc.
2021-07-02,1025160498,MMM,3M Company
2021-07-02,1025160498,MO,Altria Group
2021-07-02,1025160498,MRK,Merck & Co.
2021-07-02,1025160498,MS,Morgan Stanley
2021-07-02,1025160498,MSFT,Microsoft
2021-07-02,1025160498,NEE,NextEra Energy
2021-07-02,1025160498,NFLX,Netflix
2021-07-02,1025160498,NKE,"Nike, Inc."
2021-07-02,1025160498,NVDA,Nvidia Corporation
2021-07-02,1025160498,ORCL,Oracle Corporation
2021-07-02,1025160498,PEP,PepsiCo
2021-07-02,1025160498,PFE,Pfizer Inc.
2021-07-02,1025160498,PG,Procter & Gamble
2021-07-02,1025160498,PM,Philip Morris International
2021-07-02,1025160498,PYPL,PayPal
2021-07-02,1025160498,QCOM,Qualcomm
2021-07-02,1025160498,RTX,Raytheon Technologies
2021-07-02,1025160498,SBUX,Starbucks Corp.
2021-07-02,1025160498,SO,Southern Company
2021-07-02,1025160498,SPG,Simon Property Group
2021-07-02,1025160498,T,AT&T Inc.
2021-07-02,1025160498,TGT,Target Corporation
2021-07-02,1025160498,TMO,Thermo Fisher Scientific
2021-07-02,1025160498,TMUS,T-Mobile US
2021-07-02,1025160498,TSLA,"Tesla, Inc."
2021-07-02,1025160498,TXN,Texas Instruments
2021-07-02,1025160498,UNH,UnitedHealth Group
2021-07-02,1025160498,UNP,Union Pacific Corporation
2021-07-02,1025160498,UPS,United Parcel Service
2021-07-02,1025160498,USB,U.S. Bancorp
2021-07-02,1025160498,V,Visa Inc.
2021-07-02,1025160498,VZ,Verizon Communications
2021-07-02,1025160498,WBA,Walgreens Boots Alliance
2021-07-02,1025160498,WFC,Wells Fargo
2021-07-02,1025160498,WMT,Walmart
2021-07-02,1025160498,XOM,Exxon Mobil Corp.
2021-07-09,1025160498,AAPL,Apple Inc.
2021-07-09,1025160498,ABBV,AbbVie Inc.
2021-07-09,1025160498,ABT,Abbott Laboratories
2021-07-09,1025160498,ACN,Accenture
2021-07-09,1025160498,ADBE,Adobe Inc.
2021-07-09,1025160498,AIG,American International Group
2021-07-09,1025160498,AMGN,Amgen Inc.
2021-07-09,1025160498,AMT,American Tower
2021-07-09,1025160498,AMZN,Amazon.com
2021-07-09,1025160498,AVGO,Broadcom Inc.
2021-07-09,1025160498,AXP,American Express
2021-07-09,1025160498,BA,Boeing Co.
2021-07-09,1025160498,BAC,Bank of America
2021-07-09,1025160498,BIIB,Biogen
2021-07-09,1025160498,BK,The Bank of New York Mellon
2021-07-09,1025160498,BKNG,Booking Holdings
2021-07-09,1025160498,BLK,BlackRock Inc.
2021-07-09,1025160498,BMY,Bristol-Myers Squibb
2021-07-09,1025160498,C,Citigroup Inc.
2021-07-09,1025160498,CAT,Caterpillar Inc.
2021-07-09,1025160498,CHTR,Charter Communications
2021-07-09,1025160498,CL,Colgate-Palmolive
2021-07-09,1025160498,CMCSA,Comcast Corp.
2021-07-09,1025160498,COF,Capital One Financial Corp.
2021-07-09,1025160498,COP,ConocoPhillips
2021-07-09,1025160498,COST,Costco Wholesale Corp.
2021-07-09,1025160498,CRM,Salesforce
2021-07-09,1025160498,CSCO,Cisco Systems
2021-07-09,1025160498,CVS,CVS Health
2021-07-09,1025160498,CVX,Chevron Corporation
2021-07-09,1025160498,DD,DuPont de Nemours Inc.
2021-07-09,1025160498,DHR,Danaher Corporation
2021-07-09,1025160498,DIS,The Walt Disney Company
2021-07-09,1025160498,DOW,Dow Inc.
2021-07-09,1025160498,DUK,Duke Energy
2021-07-09,1025160498,EMR,Emerson Electric Co.
2021-07-09,1025160498,EXC,Exelon
2021-07-09,1025160498,F,Ford Motor Company
2021-07-09,1025160498,FB,"Facebook, Inc."
2021-07-09,1025160498,FDX,FedEx
2021-07-09,1025160498,GD,General Dynamics
2021-07-09,1025160498,GE,General Electric
2021-07-09,1025160498,GILD,Gilead Sciences
2021-07-09,1025160498,GM,General Motors
2021-07-09,1025160498,GOOG,Alphabet Inc.(Class C)
2021-07-09,1025160498,GOOGL,Alphabet Inc.(Class A)
2021-07-09,1025160498,GS,Goldman Sachs
2021-07-09,1025160498,HD,The Home Depot
2021-07-09,1025160498,HON,Honeywell
2021-07-09,1025160498,IBM,International Business Machines
2021-07-09,1025160498,INTC,Intel Corp.
2021-07-09,1025160498,JNJ,Johnson & Johnson
2021-07-09,1025160498,JPM,JPMorgan Chase & Co.
2021-07-09,1025160498,KHC,Kraft Heinz
2021-07-09,1025160498,KO,The Coca-Cola Company
2021-07-09,1025160498,LIN,Linde plc
2021-07-09,1025160498,LLY,Eli Lilly and Company
2021-07-09,1025160498,LMT,Lockheed Martin
2021-07-09,1025160498,LOW,Lowe's
2021-07-09,1025160498,MA,Mastercard
2021-07-09,1025160498,MCD,McDonald's
2021-07-09,1025160498,MDLZ,Mondelēz International
2021-07-09,1025160498,MDT,Medtronic plc
2021-07-09,1025160498,MET,MetLife Inc.
2021-07-09,1025160498,MMM,3M Company
2021-07-09,1025160498,MO,Altria Group
2021-07-09,1025160498,MRK,Merck & Co.
2021-07-09,1025160498,MS,Morgan Stanley
2021-07-09,1025160498,MSFT,Microsoft
2021-07-09,1025160498,NEE,NextEra Energy
2021-07-09,1025160498,NFLX,Netflix
2021-07-09,1025160498,NKE,"Nike, Inc."
2021-07-09,1025160498,NVDA,Nvidia Corporation
2021-07-09,1025160498,ORCL,Oracle Corporation
2021-07-09,1025160498,PEP,PepsiCo
2021-07-09,1025160498,PFE,Pfizer Inc.
2021-07-09,1025160498,PG,Procter & Gamble
2021-07-09,1025160498,PM,Philip Morris International
2021-07-09,1025160498,PYPL,PayPal
2021-07-09,1025160498,QCOM,Qualcomm
2021-07-09,1025160498,RTX,Raytheon Technologies
2021-07-09,1025160498,SBUX,Starbucks Corp.
2021-07-09,1025160498,SO,Southern Company
2021-07-09,1025160498,SPG,Simon Property Group
2021-07-09,1025160498,T,AT&T Inc.
2021-07-09,1025160498,TGT,Target Corporation
2021-07-09,1025160498,TMO,Thermo Fisher Scientific
2021-07-09,1025160498,TMUS,T-Mobile US
2021-07-09,1025160498,TSLA,"Tesla, Inc."
2021-07-09,1025160498,TXN,Texas Instruments
2021-07-09,1025160498,UNH,UnitedHealth Group
2021-07-09,1025160498,UNP,Union Pacific Corporation
2021-07-09,1025160498,UPS,United Parcel Service
2021-07-09,1025160498,USB,U.S. Bancorp
2021-07-09,1025160498,V,Visa Inc.
2021-07-09,1025160498,VZ,Verizon Communications
2021-07-09,1025160498,WBA,Walgreens Boots Alliance
2021-07-09,1025160498,WFC,Wells Fargo
2021-07-09,1025160498,WMT,Walmart
2021-07-09,1025160498,XOM,Exxon Mobil Corp.
2021-07-16,1025160498,AAPL,Apple Inc.
2021-07-16,1025160498,ABBV,AbbVie Inc.
2021-07-16,1025160498,ABT,Abbott Laboratories
2021-07-16,1025160498,ACN,Accenture
2021-07-16,1025160498,ADBE,Adobe Inc.
2021-07-16,1025160498,AIG,American International Group
2021-07-16,1025160498,AMGN,Amgen Inc.
2021-07-16,1025160498,AMT,American Tower
2021-07-16,1025160498,AMZN,Amazon.com
2021-07-16,1025160498,AVGO,Broadcom Inc.
2021-07-16,1025160498,AXP,American Express
2021-07-16,1025160498,BA,Boeing Co.
2021-07-16,1025160498,BAC,Bank of America
2021-07-16,1025160498,BIIB,Biogen
2021-07-16,1025160498,BK,The Bank of New York Mellon
2021-07-16,1025160498,BKNG,Booking Holdings
2021-07-16,1025160498,BLK,BlackRock Inc.
2021-07-16,1025160498,BMY,Bristol-Myers Squibb
2021-07-16,1025160498,C,Citigroup Inc.
2021-07-16,1025160498,CAT,Caterpillar Inc.
2021-07-16,1025160498,CHTR,Charter Communications
2021-07-16,1025160498,CL,Colgate-Palmolive
2021-07-16,1025160498,CMCSA,Comcast Corp.
2021-07-16,1025160498,COF,Capital One Financial Corp.
2021-07-16,1025160498,COP,ConocoPhillips
2021-07-16,1025160498,COST,Costco Wholesale Corp.
2021-07-16,1025160498,CRM,Salesforce
2021-07-16,1025160498,CSCO,Cisco Systems
2021-07-16,1025160498,CVS,CVS Health
2021-07-16,1025160498,CVX,Chevron Corporation
2021-07-16,1025160498,DD,DuPont de Nemours Inc.
2021-07-16,1025160498,DHR,Danaher Corporation
2021-07-16,1025160498,DIS,The Walt Disney Company
2021-07-16,1025160498,DOW,Dow Inc.
2021-07-16,1025160498,DUK,Duke Energy
2021-07-16,1025160498,EMR,Emerson Electric Co.
2021-07-16,1025160498,EXC,Exelon
2021-07-16,1025160498,F,Ford Motor Company
2021-07-16,1025160498,FB,"Facebook, Inc."
2021-07-16,1025160498,FDX,FedEx
2021-07-16,1025160498,GD,General Dynamics
2021-07-16,1025160498,GE,General Electric
2021-07-16,1025160498,GILD,Gilead Sciences
2021-07-16,1025160498,GM,General Motors
2021-07-16,1025160498,GOOG,Alphabet Inc.(Class C)
2021-07-16,1025160498,GOOGL,Alphabet Inc.(Class A)
2021-07-16,1025160498,GS,Goldman Sachs
2021-07-16,1025160498,HD,The Home Depot
2021-07-16,1025160498,HON,Honeywell
2021-07-16,1025160498,IBM,International Business Machines
2021-07-16,1025160498,INTC,Intel Corp.
2021-07-16,1025160498,JNJ,Johnson & Johnson
2021-07-16,1025160498,JPM,JPMorgan Chase & Co.
2021-07-16,1025160498,KHC,Kraft Heinz
2021-07-16,1025160498,KO,The Coca-Cola Company
2021-07-16,1025160498,LIN,Linde plc
2021-07-16,1025160498,LLY,Eli Lilly and Company
2021-07-16,1025160498,LMT,Lockheed Martin
2021-07-16,1025160498,LOW,Lowe's
2021-07-16,1025160498,MA,Mastercard
2021-07-16,1025160498,MCD,McDonald's
2021-07-16,1025160498,MDLZ,Mondelēz International
2021-07-16,1025160498,MDT,Medtronic plc
2021-07-16,1025160498,MET,MetLife Inc.
2021-07-16,1025160498,MMM,3M Company
2021-07-16,1025160498,MO,Altria Group
2021-07-16,1025160498,MRK,Merck & Co.
2021-07-16,1025160498,MS,Morgan Stanley
2021-07-16,1025160498,MSFT,Microsoft
2021-07-16,1025160498,NEE,NextEra Energy
2021-07-16,1025160498,NFLX,Netflix
2021-07-16,1025160498,NKE,"Nike, Inc."
2021-07-16,1025160498,NVDA,Nvidia Corporation
2021-07-16,1025160498,ORCL,Oracle Corporation
2021-07-16,1025160498,PEP,PepsiCo
2021-07-16,1025160498,PFE,Pfizer Inc.
2021-07-16,1025160498,PG,Procter & Gamble
2021-07-16,1025160498,PM,Philip Morris International
2021-07-16,1025160498,PYPL,PayPal
2021-07-16,1025160498,QCOM,Qualcomm
2021-07-16,1025160498,RTX,Raytheon Technologies
2021-07-16,1025160498,SBUX,Starbucks Corp.
2021-07-16,1025160498,SO,Southern Company
2021-07-16,1025160498,SPG,Simon Property Group
2021-07-16,1025160498,T,AT&T Inc.
2021-07-16,1025160498,TGT,Target Corporation
2021-07-16,1025160498,TMO,Thermo Fisher Scientific
2021-07-16,1025160498,TMUS,T-Mobile US
2021-07-16,1025160498,TSLA,"Tesla, Inc."
2021-07-16,1025160498,TXN,Texas Instruments
2021-07-16,1025160498,UNH,UnitedHealth Group
2021-07-16,1025160498,UNP,Union Pacific Corporation
2021-07-16,1025160498,UPS,United Parcel Service
2021-07-16,1025160498,USB,U.S. Bancorp
2021-07-16,1025160498,V,Visa Inc.
2021-07-16,1025160498,VZ,Verizon Communications
2021-07-16,1025160498,WBA,Walgreens Boots Alliance
2021-07-16,1025160498,WFC,Wells Fargo
2021-07-16,1025160498,WMT,Walmart
2021-07-16,1025160498,XOM,Exxon Mobil Corp.
2021-07-23,1025160498,AAPL,Apple Inc.
2021-07-23,1025160498,ABBV,AbbVie Inc.
2021-07-23,1025160498,ABT,Abbott Laboratories
2021-07-23,1025160498,ACN,Accenture
2021-07-23,1025160498,ADBE,Adobe Inc.
2021-07-23,1025160498,AIG,American International Group
2021-07-23,1025160498,AMGN,Amgen Inc.
2021-07-23,1025160498,AMT,American Tower
2021-07-23,1025160498,AMZN,Amazon.com
2021-07-23,1025160498,AVGO,Broadcom Inc.
2021-07-23,1025160498,AXP,American Express
2021-07-23,1025160498,BA,Boeing Co.
2021-07-23,1025160498,BAC,Bank of America
2021-07-23,1025160498,BIIB,Biogen
2021-07-23,1025160498,BK,The Bank of New York Mellon
2021-07-23,1025160498,BKNG,Booking Holdings
2021-07-23,1025160498,BLK,BlackRock Inc.
2021-07-23,1025160498,BMY,Bristol-Myers Squibb
2021-07-23,1025160498,C,Citigroup Inc.
2021-07-23,1025160498,CAT,Caterpillar Inc.
2021-07-23,1025160498,CHTR,Charter Communications
2021-07-23,1025160498,CL,Colgate-Palmolive
2021-07-23,1025160498,CMCSA,Comcast Corp.
2021-07-23,1025160498,COF,Capital One Financial Corp.
2021-07-23,1025160498,COP,ConocoPhillips
2021-07-23,1025160498,COST,Costco Wholesale Corp.
2021-07-23,1025160498,CRM,Salesforce
2021-07-23,1025160498,CSCO,Cisco Systems
2021-07-23,1025160498,CVS,CVS Health
2021-07-23,1025160498,CVX,Chevron Corporation
2021-07-23,1025160498,DD,DuPont de Nemours Inc.
2021-07-23,1025160498,DHR,Danaher Corporation
2021-07-23,1025160498,DIS,The Walt Disney Company
2021-07-23,1025160498,DOW,Dow Inc.
2021-07-23,1025160498,DUK,Duke Energy
2021-07-23,1025160498,EMR,Emerson Electric Co.
2021-07-23,1025160498,EXC,Exelon
2021-07-23,1025160498,F,Ford Motor Company
2021-07-23,1025160498,FB,"Facebook, Inc."
2021-07-23,1025160498,FDX,FedEx
2021-07-23,1025160498,GD,General Dynamics
2021-07-23,1025160498,GE,General Electric
2021-07-23,1025160498,GILD,Gilead Sciences
2021-07-23,1025160498,GM,General Motors
2021-07-23,1025160498,GOOG,Alphabet Inc.(Class C)
2021-07-23,1025160498,GOOGL,Alphabet Inc.(Class A)
2021-07-23,1025160498,GS,Goldman Sachs
2021-07-23,1025160498,HD,The Home Depot
2021-07-23,1025160498,HON,Honeywell
2021-07-23,1025160498,IBM,International Business Machines
2021-07-23,1025160498,INTC,Intel Corp.
2021-07-23,1025160498,JNJ,Johnson & Johnson
2021-07-23,1025160498,JPM,JPMorgan Chase & Co.
2021-07-23,1025160498,KHC,Kraft Heinz
2021-07-23,1025160498,KO,The Coca-Cola Company
2021-07-23,1025160498,LIN,Linde plc
2021-07-23,1025160498,LLY,Eli Lilly and Company
2021-07-23,1025160498,LMT,Lockheed Martin
2021-07-23,1025160498,LOW,Lowe's
2021-07-23,1025160498,MA,Mastercard
2021-07-23,1025160498,MCD,McDonald's
2021-07-23,1025160498,MDLZ,Mondelēz International
2021-07-23,1025160498,MDT,Medtronic plc
2021-07-23,1025160498,MET,MetLife Inc.
2021-07-23,1025160498,MMM,3M Company
2021-07-23,1025160498,MO,Altria Group
2021-07-23,1025160498,MRK,Merck & Co.
2021-07-23,1025160498,MS,Morgan Stanley
2021-07-23,1025160498,MSFT,Microsoft
2021-07-23,1025160498,NEE,NextEra Energy
2021-07-23,1025160498,NFLX,Netflix
2021-07-23,1025160498,NKE,"Nike, Inc."
2021-07-23,1025160498,NVDA,Nvidia Corporation
2021-07-23,1025160498,ORCL,Oracle Corporation
2021-07-23,1025160498,PEP,PepsiCo
2021-07-23,1025160498,PFE,Pfizer Inc.
2021-07-23,1025160498,PG,Procter & Gamble
2021-07-23,1025160498,PM,Philip Morris International
2021-07-23,1025160498,PYPL,PayPal
2021-07-23,1025160498,QCOM,Qualcomm
2021-07-23,1025160498,RTX,Raytheon Technologies
2021-07-23,1025160498,SBUX,Starbucks Corp.
2021-07-23,1025160498,SO,Southern Company
2021-07-23,1025160498,SPG,Simon Property Group
2021-07-23,1025160498,T,AT&T Inc.
2021-07-23,1025160498,TGT,Target Corporation
2021-07-23,1025160498,TMO,Thermo Fisher Scientific
2021-07-23,1025160498,TMUS,T-Mobile US
2021-07-23,1025160498,TSLA,"Tesla, Inc."
2021-07-23,1025160498,TXN,Texas Instruments
2021-07-23,1025160498,UNH,UnitedHealth Group
2021-07-23,1025160498,UNP,Union Pacific Corporation
2021-07-23,1025160498,UPS,United Parcel Service
2021-07-23,1025160498,USB,U.S. Bancorp
2021-07-23,1025160498,V,Visa Inc.
2021-07-23,1025160498,VZ,Verizon Communications
2021-07-23,1025160498,WBA,Walgreens Boots Alliance
2021-07-23,1025160498,WFC,Wells Fargo
2021-07-23,1025160498,WMT,Walmart
2021-07-23,1025160498,XOM,Exxon Mobil Corp.
2021-07-30,1025160498,AAPL,Apple Inc.
2021-07-30,1025160498,ABBV,AbbVie Inc.
2021-07-30,1025160498,ABT,Abbott Laboratories
2021-07-30,1025160498,ACN,Accenture
2021-07-30,1025160498,ADBE,Adobe Inc.
2021-07-30,1025160498,AIG,American International Group
2021-07-30,1025160498,AMGN,Amgen Inc.
2021-07-30,1025160498,AMT,American Tower
2021-07-30,1025160498,AMZN,Amazon.com
2021-07-30,1025160498,AVGO,Broadcom Inc.
2021-07-30,1025160498,AXP,American Express
2021-07-30,1025160498,BA,Boeing Co.
2021-07-30,1025160498,BAC,Bank of America
2021-07-30,1025160498,BIIB,Biogen
2021-07-30,1025160498,BK,The Bank of New York Mellon
2021-07-30,1025160498,BKNG,Booking Holdings
2021-07-30,1025160498,BLK,BlackRock Inc.
2021-07-30,1025160498,BMY,Bristol-Myers Squibb
2021-07-30,1025160498,C,Citigroup Inc.
2021-07-30,1025160498,CAT,Caterpillar Inc.
2021-07-30,1025160498,CHTR,Charter Communications
2021-07-30,1025160498,CL,Colgate-Palmolive
2021-07-30,1025160498,CMCSA,Comcast Corp.
2021-07-30,1025160498,COF,Capital One Financial Corp.
2021-07-30,1025160498,COP,ConocoPhillips
2021-07-30,1025160498,COST,Costco Wholesale Corp.
2021-07-30,1025160498,CRM,Salesforce
2021-07-30,1025160498,CSCO,Cisco Systems
2021-07-30,1025160498,CVS,CVS Health
2021-07-30,1025160498,CVX,Chevron Corporation
2021-07-30,1025160498,DD,DuPont de Nemours Inc.
2021-07-30,1025160498,DHR,Danaher Corporation
2021-07-30,1025160498,DIS,The Walt Disney Company
2021-07-30,1025160498,DOW,Dow Inc.
2021-07-30,1025160498,DUK,Duke Energy
2021-07-30,1025160498,EMR,Emerson Electric Co.
2021-07-30,1025160498,EXC,Exelon
2021-07-30,1025160498,F,Ford Motor Company
2021-07-30,1025160498,FB,"Facebook, Inc."
2021-07-30,1025160498,FDX,FedEx
2021-07-30,1025160498,GD,General Dynamics
2021-07-30,1025160498,GE,General Electric
2021-07-30,1025160498,GILD,Gilead Sciences
2021-07-30,1025160498,GM,General Motors
2021-07-30,1025160498,GOOG,Alphabet Inc.(Class C)
2021-07-30,1025160498,GOOGL,Alphabet Inc.(Class A)
2021-07-30,1025160498,GS,Goldman Sachs
2021-07-30,1025160498,HD,The Home Depot
2021-07-30,1025160498,HON,Honeywell
2021-07-30,1025160498,IBM,International Business Machines
2021-07-30,1025160498,INTC,Intel Corp.
2021-07-30,1025160498,JNJ,Johnson & Johnson
2021-07-30,1025160498,JPM,JPMorgan Chase & Co.
2021-07-30,1025160498,KHC,Kraft Heinz
2021-07-30,1025160498,KO,The Coca-Cola Company
2021-07-30,1025160498,LIN,Linde plc
2021-07-30,1025160498,LLY,Eli Lilly and Company
2021-07-30,1025160498,LMT,Lockheed Martin
2021-07-30,1025160498,LOW,Lowe's
2021-07-30,1025160498,MA,Mastercard
2021-07-30,1025160498,MCD,McDonald's
2021-07-30,1025160498,MDLZ,Mondelēz International
2021-07-30,1025160498,MDT,Medtronic plc
2021-07-30,1025160498,MET,MetLife Inc.
2021-07-30,1025160498,MMM,3M Company
2021-07-30,1025160498,MO,Altria Group
2021-07-30,1025160498,MRK,Merck & Co.
2021-07-30,1025160498,MS,Morgan Stanley
2021-07-30,1025160498,MSFT,Microsoft
2021-07-30,1025160498,NEE,NextEra Energy
2021-07-30,1025160498,NFLX,Netflix
2021-07-30,1025160498,NKE,"Nike, Inc."
2021-07-30,1025160498,NVDA,Nvidia Corporation
2021-07-30,1025160498,ORCL,Oracle Corporation
2021-07-30,1025160498,PEP,PepsiCo
2021-07-30,1025160498,PFE,Pfizer Inc.
2021-07-30,1025160498,PG,Procter & Gamble
2021-07-30,1025160498,PM,Philip Morris International
2021-07-30,1025160498,PYPL,PayPal
2021-07-30,1025160498,QCOM,Qualcomm
2021-07-30,1025160498,RTX,Raytheon Technologies
2021-07-30,1025160498,SBUX,Starbucks Corp.
2021-07-30,1025160498,SO,Southern Company
2021-07-30,1025160498,SPG,Simon Property Group
2021-07-30,1025160498,T,AT&T Inc.
2021-07-30,1025160498,TGT,Target Corporation
2021-07-30,1025160498,TMO,Thermo Fisher Scientific
2021-07-30,1025160498,TMUS,T-Mobile US
2021-07-30,1025160498,TSLA,"Tesla, Inc."
2021-07-30,1025160498,TXN,Texas Instruments
2021-07-30,1025160498,UNH,UnitedHealth Group
2021-07-30,1025160498,UNP,Union Pacific Corporation
2021-07-30,1025160498,UPS,United Parcel Service
2021-07-30,1025160498,USB,U.S. Bancorp
2021-07-30,1025160498,V,Visa Inc.
2021-07-30,1025160498,VZ,Verizon Communications
2021-07-30,1025160498,WBA,Walgreens Boots Alliance
2021-07-30,1025160498,WFC,Wells Fargo
2021-07-30,1025160498,WMT,Walmart
2021-07-30,1025160498,XOM,Exxon Mobil Corp.
2021-08-06,1025160498,AAPL,Apple Inc.
2021-08-06,1025160498,ABBV,AbbVie Inc.
2021-08-06,1025160498,ABT,Abbott Laboratories
2021-08-06,1025160498,ACN,Accenture
2021-08-06,1025160498,ADBE,Adobe Inc.
2021-08-06,1025160498,AIG,American International Group
2021-08-06,1025160498,AMGN,Amgen Inc.
2021-08-06,1025160498,AMT,American Tower
2021-08-06,1025160498,AMZN,Amazon.com
2021-08-06,1025160498,AVGO,Broadcom Inc.
2021-08-06,1025160498,AXP,American Express
2021-08-06,1025160498,BA,Boeing Co.
2021-08-06,1025160498,BAC,Bank of America
2021-08-06,1025160498,BIIB,Biogen
2021-08-06,1025160498,BK,The Bank of New York Mellon
2021-08-06,1025160498,BKNG,Booking Holdings
2021-08-06,1025160498,BLK,BlackRock Inc.
2021-08-06,1025160498,BMY,Bristol-Myers Squibb
2021-08-06,1025160498,C,Citigroup Inc.
2021-08-06,1025160498,CAT,Caterpillar Inc.
2021-08-06,1025160498,CHTR,Charter Communications
2021-08-06,1025160498,CL,Colgate-Palmolive
2021-08-06,1025160498,CMCSA,Comcast Corp.
2021-08-06,1025160498,COF,Capital One Financial Corp.
2021-08-06,1025160498,COP,ConocoPhillips
2021-08-06,1025160498,COST,Costco Wholesale Corp.
2021-08-06,1025160498,CRM,Salesforce
2021-08-06,1025160498,CSCO,Cisco Systems
2021-08-06,1025160498,CVS,CVS Health
2021-08-06,1025160498,CVX,Chevron Corporation
2021-08-06,1025160498,DD,DuPont de Nemours Inc.
2021-08-06,1025160498,DHR,Danaher Corporation
2021-08-06,1025160498,DIS,The Walt Disney Company
2021-08-06,1025160498,DOW,Dow Inc.
2021-08-06,1025160498,DUK,Duke Energy
2021-08-06,1025160498,EMR,Emerson Electric Co.
2021-08-06,1025160498,EXC,Exelon
2021-08-06,1025160498,F,Ford Motor Company
2021-08-06,1025160498,FB,"Facebook, Inc."
2021-08-06,1025160498,FDX,FedEx
2021-08-06,1025160498,GD,General Dynamics
2021-08-06,1025160498,GE,General Electric
2021-08-06,1025160498,GILD,Gilead Sciences
2021-08-06,1025160498,GM,General Motors
2021-08-06,1025160498,GOOG,Alphabet Inc.(Class C)
2021-08-06,1025160498,GOOGL,Alphabet Inc.(Class A)
2021-08-06,1025160498,GS,Goldman Sachs
2021-08-06,1025160498,HD,The Home Depot
2021-08-06,1025160498,HON,Honeywell
2021-08-06,1025160498,IBM,International Business Machines
2021-08-06,1025160498,INTC,Intel Corp.
2021-08-06,1025160498,JNJ,Johnson & Johnson
2021-08-06,1025160498,JPM,JPMorgan Chase & Co.
2021-08-06,1025160498,KHC,Kraft Heinz
2021-08-06,1025160498,KO,The Coca-Cola Company
2021-08-06,1025160498,LIN,Linde plc
2021-08-06,1025160498,LLY,Eli Lilly and Company
2021-08-06,1025160498,LMT,Lockheed Martin
2021-08-06,1025160498,LOW,Lowe's
2021-08-06,1025160498,MA,Mastercard
2021-08-06,1025160498,MCD,McDonald's
2021-08-06,1025160498,MDLZ,Mondelēz International
2021-08-06,1025160498,MDT,Medtronic plc
2021-08-06,1025160498,MET,MetLife Inc.
2021-08-06,1025160498,MMM,3M Company
2021-08-06,1025160498,MO,Altria Group
2021-08-06,1025160498,MRK,Merck & Co.
2021-08-06,1025160498,MS,Morgan Stanley
2021-08-06,1025160498,MSFT,Microsoft
2021-08-06,1025160498,NEE,NextEra Energy
2021-08-06,1025160498,NFLX,Netflix
2021-08-06,1025160498,NKE,"Nike, Inc."
2021-08-06,1025160498,NVDA,Nvidia Corporation
2021-08-06,1025160498,ORCL,Oracle Corporation
2021-08-06,1025160498,PEP,PepsiCo
2021-08-06,1025160498,PFE,Pfizer Inc.
2021-08-06,1025160498,PG,Procter & Gamble
2021-08-06,1025160498,PM,Philip Morris International
2021-08-06,1025160498,PYPL,PayPal
2021-08-06,1025160498,QCOM,Qualcomm
2021-08-06,1025160498,RTX,Raytheon Technologies
2021-08-06,1025160498,SBUX,Starbucks Corp.
2021-08-06,1025160498,SO,Southern Company
2021-08-06,1025160498,SPG,Simon Property Group
2021-08-06,1025160498,T,AT&T Inc.
2021-08-06,1025160498,TGT,Target Corporation
2021-08-06,1025160498,TMO,Thermo Fisher Scientific
2021-08-06,1025160498,TMUS,T-Mobile US
2021-08-06,1025160498,TSLA,"Tesla, Inc."
2021-08-06,1025160498,TXN,Texas Instruments
2021-08-06,1025160498,UNH,UnitedHealth Group
2021-08-06,1025160498,UNP,Union Pacific Corporation
2021-08-06,1025160498,UPS,United Parcel Service
2021-08-06,1025160498,USB,U.S. Bancorp
2021-08-06,1025160498,V,Visa Inc.
2021-08-06,1025160498,VZ,Verizon Communications
2021-08-06,1025160498,WBA,Walgreens Boots Alliance
2021-08-06,1025160498,WFC,Wells Fargo
2021-08-06,1025160498,WMT,Walmart
2021-08-06,1025160498,XOM,Exxon Mobil Corp.
2021-08-13,1025160498,AAPL,Apple Inc.
2021-08-13,1025160498,ABBV,AbbVie Inc.
2021-08-13,1025160498,ABT,Abbott Laboratories
2021-08-13,1025160498,ACN,Accenture
2021-08-13,1025160498,ADBE,Adobe Inc.
2021-08-13,1025160498,AIG,American International Group
2021-08-13,1025160498,AMGN,Amgen Inc.
2021-08-13,1025160498,AMT,American Tower
2021-08-13,1025160498,AMZN,Amazon.com
2021-08-13,1025160498,AVGO,Broadcom Inc.
2021-08-13,1025160498,AXP,American Express
2021-08-13,1025160498,BA,Boeing Co.
2021-08-13,1025160498,BAC,Bank of America
2021-08-13,1025160498,BIIB,Biogen
2021-08-13,1025160498,BK,The Bank of New York Mellon
2021-08-13,1025160498,BKNG,Booking Holdings
2021-08-13,1025160498,BLK,BlackRock Inc.
2021-08-13,1025160498,BMY,Bristol-Myers Squibb
2021-08-13,1025160498,C,Citigroup Inc.
2021-08-13,1025160498,CAT,Caterpillar Inc.
2021-08-13,1025160498,CHTR,Charter Communications
2021-08-13,1025160498,CL,Colgate-Palmolive
2021-08-13,1025160498,CMCSA,Comcast Corp.
2021-08-13,1025160498,COF,Capital One Financial Corp.
2021-08-13,1025160498,COP,ConocoPhillips
2021-08-13,1025160498,COST,Costco Wholesale Corp.
2021-08-13,1025160498,CRM,Salesforce
2021-08-13,1025160498,CSCO,Cisco Systems
2021-08-13,1025160498,CVS,CVS Health
2021-08-13,1025160498,CVX,Chevron Corporation
2021-08-13,1025160498,DD,DuPont de Nemours Inc.
2021-08-13,1025160498,DHR,Danaher Corporation
2021-08-13,1025160498,DIS,The Walt Disney Company
2021-08-13,1025160498,DOW,Dow Inc.
2021-08-13,1025160498,DUK,Duke Energy
2021-08-13,1025160498,EMR,Emerson Electric Co.
2021-08-13,1025160498,EXC,Exelon
2021-08-13,1025160498,F,Ford Motor Company
2021-08-13,1025160498,FB,"Facebook, Inc."
2021-08-13,1025160498,FDX,FedEx
2021-08-13,1025160498,GD,General Dynamics
2021-08-13,1025160498,GE,General Electric
2021-08-13,1025160498,GILD,Gilead Sciences
2021-08-13,1025160498,GM,General Motors
2021-08-13,1025160498,GOOG,Alphabet Inc.(Class C)
2021-08-13,1025160498,GOOGL,Alphabet Inc.(Class A)
2021-08-13,1025160498,GS,Goldman Sachs
2021-08-13,1025160498,HD,The Home Depot
2021-08-13,1025160498,HON,Honeywell
2021-08-13,1025160498,IBM,International Business Machines
2021-08-13,1025160498,INTC,Intel Corp.
2021-08-13,1025160498,JNJ,Johnson & Johnson
2021-08-13,1025160498,JPM,JPMorgan Chase & Co.
2021-08-13,1025160498,KHC,Kraft Heinz
2021-08-13,1025160498,KO,The Coca-Cola Company
2021-08-13,1025160498,LIN,Linde plc
2021-08-13,1025160498,LLY,Eli Lilly and Company
2021-08-13,1025160498,LMT,Lockheed Martin
2021-08-13,1025160498,LOW,Lowe's
2021-08-13,1025160498,MA,Mastercard
2021-08-13,1025160498,MCD,McDonald's
2021-08-13,1025160498,MDLZ,Mondelēz International
2021-08-13,1025160498,MDT,Medtronic plc
2021-08-13,1025160498,MET,MetLife Inc.
2021-08-13,1025160498,MMM,3M Company
2021-08-13,1025160498,MO,Altria Group
2021-08-13,1025160498,MRK,Merck & Co.
2021-08-13,1025160498,MS,Morgan Stanley
2021-08-13,1025160498,MSFT,Microsoft
2021-08-13,1025160498,NEE,NextEra Energy
2021-08-13,1025160498,NFLX,Netflix
2021-08-13,1025160498,NKE,"Nike, Inc."
2021-08-13,1025160498,NVDA,Nvidia Corporation
2021-08-13,1025160498,ORCL,Oracle Corporation
2021-08-13,1025160498,PEP,PepsiCo
2021-08-13,1025160498,PFE,Pfizer Inc.
2021-08-13,1025160498,PG,Procter & Gamble
2021-08-13,1025160498,PM,Philip Morris International
2021-08-13,1025160498,PYPL,PayPal
2021-08-13,1025160498,QCOM,Qualcomm
2021-08-13,1025160498,RTX,Raytheon Technologies
2021-08-13,1025160498,SBUX,Starbucks Corp.
2021-08-13,1025160498,SO,Southern Company
2021-08-13,1025160498,SPG,Simon Property Group
2021-08-13,1025160498,T,AT&T Inc.
2021-08-13,1025160498,TGT,Target Corporation
2021-08-13,1025160498,TMO,Thermo Fisher Scientific
2021-08-13,1025160498,TMUS,T-Mobile US
2021-08-13,1025160498,TSLA,"Tesla, Inc."
2021-08-13,1025160498,TXN,Texas Instruments
2021-08-13,1025160498,UNH,UnitedHealth Group
2021-08-13,1025160498,UNP,Union Pacific Corporation
2021-08-13,1025160498,UPS,United Parcel Service
2021-08-13,1025160498,USB,U.S. Bancorp
2021-08-13,1025160498,V,Visa Inc.
2021-08-13,1025160498,VZ,Verizon Communications
2021-08-13,1025160498,WBA,Walgreens Boots Alliance
2021-08-13,1025160498,WFC,Wells Fargo
2021-08-13,1025160498,WMT,Walmart
2021-08-13,1025160498,XOM,Exxon Mobil Corp.
2021-08-20,1025160498,AAPL,Apple Inc.
2021-08-20,1025160498,ABBV,AbbVie Inc.
2021-08-20,1025160498,ABT,Abbott Laboratories
2021-08-20,1025160498,ACN,Accenture
2021-08-20,1025160498,ADBE,Adobe Inc.
2021-08-20,1025160498,AIG,American International Group
2021-08-20,1025160498,AMGN,Amgen Inc.
2021-08-20,1025160498,AMT,American Tower
2021-08-20,1025160498,AMZN,Amazon.com
2021-08-20,1025160498,AVGO,Broadcom Inc.
2021-08-20,1025160498,AXP,American Express
2021-08-20,1025160498,BA,Boeing Co.
2021-08-20,1025160498,BAC,Bank of America
2021-08-20,1025160498,BIIB,Biogen
2021-08-20,1025160498,BK,The Bank of New York Mellon
2021-08-20,1025160498,BKNG,Booking Holdings
2021-08-20,1025160498,BLK,BlackRock Inc.
2021-08-20,1025160498,BMY,Bristol-Myers Squibb
2021-08-20,1025160498,C,Citigroup Inc.
2021-08-20,1025160498,CAT,Caterpillar Inc.
2021-08-20,1025160498,CHTR,Charter Communications
2021-08-20,1025160498,CL,Colgate-Palmolive
2021-08-20,1025160498,CMCSA,Comcast Corp.
2021-08-20,1025160498,COF,Capital One Financial Corp.
2021-08-20,1025160498,COP,ConocoPhillips
2021-08-20,1025160498,COST,Costco Wholesale Corp.
2021-08-20,1025160498,CRM,Salesforce
2021-08-20,1025160498,CSCO,Cisco Systems
2021-08-20,1025160498,CVS,CVS Health
2021-08-20,1025160498,CVX,Chevron Corporation
2021-08-20,1025160498,DD,DuPont de Nemours Inc.
2021-08-20,1025160498,DHR,Danaher Corporation
2021-08-20,1025160498,DIS,The Walt Disney Company
2021-08-20,1025160498,DOW,Dow Inc.
2021-08-20,1025160498,DUK,Duke Energy
2021-08-20,1025160498,EMR,Emerson Electric Co.
2021-08-20,1025160498,EXC,Exelon
2021-08-20,1025160498,F,Ford Motor Company
2021-08-20,1025160498,FB,"Facebook, Inc."
2021-08-20,1025160498,FDX,FedEx
2021-08-20,1025160498,GD,General Dynamics
2021-08-20,1025160498,GE,General Electric
2021-08-20,1025160498,GILD,Gilead Sciences
2021-08-20,1025160498,GM,General Motors
2021-08-20,1025160498,GOOG,Alphabet Inc.(Class C)
2021-08-20,1025160498,GOOGL,Alphabet Inc.(Class A)
2021-08-20,1025160498,GS,Goldman Sachs
2021-08-20,1025160498,HD,The Home Depot
2021-08-20,1025160498,HON,Honeywell
2021-08-20,1025160498,IBM,International Business Machines
2021-08-20,1025160498,INTC,Intel Corp.
2021-08-20,1025160498,JNJ,Johnson & Johnson
2021-08-20,1025160498,JPM,JPMorgan Chase & Co.
2021-08-20,1025160498,KHC,Kraft Heinz
2021-08-20,1025160498,KO,The Coca-Cola Company
2021-08-20,1025160498,LIN,Linde plc
2021-08-20,1025160498,LLY,Eli Lilly and Company
2021-08-20,1025160498,LMT,Lockheed Martin
2021-08-20,1025160498,LOW,Lowe's
2021-08-20,1025160498,MA,Mastercard
2021-08-20,1025160498,MCD,McDonald's
2021-08-20,1025160498,MDLZ,Mondelēz International
2021-08-20,1025160498,MDT,Medtronic plc
2021-08-20,1025160498,MET,MetLife Inc.
2021-08-20,1025160498,MMM,3M Company
2021-08-20,1025160498,MO,Altria Group
2021-08-20,1025160498,MRK,Merck & Co.
2021-08-20,1025160498,MS,Morgan Stanley
2021-08-20,1025160498,MSFT,Microsoft
2021-08-20,1025160498,NEE,NextEra Energy
2021-08-20,1025160498,NFLX,Netflix
2021-08-20,1025160498,NKE,"Nike, Inc."
2021-08-20,1025160498,NVDA,Nvidia Corporation
2021-08-20,1025160498,ORCL,Oracle Corporation
2021-08-20,1025160498,PEP,PepsiCo
2021-08-20,1025160498,PFE,Pfizer Inc.
2021-08-20,1025160498,PG,Procter & Gamble
2021-08-20,1025160498,PM,Philip Morris International
2021-08-20,1025160498,PYPL,PayPal
2021-08-20,1025160498,QCOM,Qualcomm
2021-08-20,1025160498,RTX,Raytheon Technologies
2021-08-20,1025160498,SBUX,Starbucks Corp.
2021-08-20,1025160498,SO,Southern Company
2021-08-20,1025160498,SPG,Simon Property Group
2021-08-20,1025160498,T,AT&T Inc.
2021-08-20,1025160498,TGT,Target Corporation
2021-08-20,1025160498,TMO,Thermo Fisher Scientific
2021-08-20,1025160498,TMUS,T-Mobile US
2021-08-20,1025160498,TSLA,"Tesla, Inc."
2021-08-20,1025160498,TXN,Texas Instruments
2021-08-20,1025160498,UNH,UnitedHealth Group
2021-08-20,1025160498,UNP,Union Pacific Corporation
2021-08-20,1025160498,UPS,United Parcel Service
2021-08-20,1025160498,USB,U.S. Bancorp
2021-08-20,1025160498,V,Visa Inc.
2021-08-20,1025160498,VZ,Verizon Communications
2021-08-20,1025160498,WBA,Walgreens Boots Alliance
2021-08-20,1025160498,WFC,Wells Fargo
2021-08-20,1025160498,WMT,Walmart
2021-08-20,1025160498,XOM,Exxon Mobil Corp.
2021-08-27,1025160498,AAPL,Apple Inc.
2021-08-27,1025160498,ABBV,AbbVie Inc.
2021-08-27,1025160498,ABT,Abbott Laboratories
2021-08-27,1025160498,ACN,Accenture
2021-08-27,1025160498,ADBE,Adobe Inc.
2021-08-27,1025160498,AIG,American International Group
2021-08-27,1025160498,AMGN,Amgen Inc.
2021-08-27,1025160498,AMT,American Tower
2021-08-27,1025160498,AMZN,Amazon.com
2021-08-27,1025160498,AVGO,Broadcom Inc.
2021-08-27,1025160498,AXP,American Express
2021-08-27,1025160498,BA,Boeing Co.
2021-08-27,1025160498,BAC,Bank of America
2021-08-27,1025160498,BIIB,Biogen
2021-08-27,1025160498,BK,The Bank of New York Mellon
2021-08-27,1025160498,BKNG,Booking Holdings
2021-08-27,1025160498,BLK,BlackRock Inc.
2021-08-27,1025160498,BMY,Bristol-Myers Squibb
2021-08-27,1025160498,C,Citigroup Inc.
2021-08-27,1025160498,CAT,Caterpillar Inc.
2021-08-27,1025160498,CHTR,Charter Communications
2021-08-27,1025160498,CL,Colgate-Palmolive
2021-08-27,1025160498,CMCSA,Comcast Corp.
2021-08-27,1025160498,COF,Capital One Financial Corp.
2021-08-27,1025160498,COP,ConocoPhillips
2021-08-27,1025160498,COST,Costco Wholesale Corp.
2021-08-27,1025160498,CRM,Salesforce
2021-08-27,1025160498,CSCO,Cisco Systems
2021-08-27,1025160498,CVS,CVS Health
2021-08-27,1025160498,CVX,Chevron Corporation
2021-08-27,1025160498,DD,DuPont de Nemours Inc.
2021-08-27,1025160498,DHR,Danaher Corporation
2021-08-27,1025160498,DIS,The Walt Disney Company
2021-08-27,1025160498,DOW,Dow Inc.
2021-08-27,1025160498,DUK,Duke Energy
2021-08-27,1025160498,EMR,Emerson Electric Co.
2021-08-27,1025160498,EXC,Exelon
2021-08-27,1025160498,F,Ford Motor Company
2021-08-27,1025160498,FB,"Facebook, Inc."
2021-08-27,1025160498,FDX,FedEx
2021-08-27,1025160498,GD,General Dynamics
2021-08-27,1025160498,GE,General Electric
2021-08-27,1025160498,GILD,Gilead Sciences
2021-08-27,1025160498,GM,General Motors
2021-08-27,1025160498,GOOG,Alphabet Inc.(Class C)
2021-08-27,1025160498,GOOGL,Alphabet Inc.(Class A)
2021-08-27,1025160498,GS,Goldman Sachs
2021-08-27,1025160498,HD,The Home Depot
2021-08-27,1025160498,HON,Honeywell
2021-08-27,1025160498,IBM,International Business Machines
2021-08-27,1025160498,INTC,Intel Corp.
2021-08-27,1025160498,JNJ,Johnson & Johnson
2021-08-27,1025160498,JPM,JPMorgan Chase & Co.
2021-08-27,1025160498,KHC,Kraft Heinz
2021-08-27,1025160498,KO,The Coca-Cola Company
2021-08-27,1025160498,LIN,Linde plc
2021-08-27,1025160498,LLY,Eli Lilly and Company
2021-08-27,1025160498,LMT,Lockheed Martin
2021-08-27,1025160498,LOW,Lowe's
2021-08-27,1025160498,MA,Mastercard
2021-08-27,1025160498,MCD,McDonald's
2021-08-27,1025160498,MDLZ,Mondelēz International
2021-08-27,1025160498,MDT,Medtronic plc
2021-08-27,1025160498,MET,MetLife Inc.
2021-08-27,1025160498,MMM,3M Company
2021-08-27,1025160498,MO,Altria Group
2021-08-27,1025160498,MRK,Merck & Co.
2021-08-27,1025160498,MS,Morgan Stanley
2021-08-27,1025160498,MSFT,Microsoft
2021-08-27,1025160498,NEE,NextEra Energy
2021-08-27,1025160498,NFLX,Netflix
2021-08-27,1025160498,NKE,"Nike, Inc."
2021-08-27,1025160498,NVDA,Nvidia Corporation
2021-08-27,1025160498,ORCL,Oracle Corporation
2021-08-27,1025160498,PEP,PepsiCo
2021-08-27,1025160498,PFE,Pfizer Inc.
2021-08-27,1025160498,PG,Procter & Gamble
2021-08-27,1025160498,PM,Philip Morris International
2021-08-27,1025160498,PYPL,PayPal
2021-08-27,1025160498,QCOM,Qualcomm
2021-08-27,1025160498,RTX,Raytheon Technologies
2021-08-27,1025160498,SBUX,Starbucks Corp.
2021-08-27,1025160498,SO,Southern Company
2021-08-27,1025160498,SPG,Simon Property Group
2021-08-27,1025160498,T,AT&T Inc.
2021-08-27,1025160498,TGT,Target Corporation
2021-08-27,1025160498,TMO,Thermo Fisher Scientific
2021-08-27,1025160498,TMUS,T-Mobile US
2021-08-27,1025160498,TSLA,"Tesla, Inc."
2021-08-27,1025160498,TXN,Texas Instruments
2021-08-27,1025160498,UNH,UnitedHealth Group
2021-08-27,1025160498,UNP,Union Pacific Corporation
2021-08-27,1025160498,UPS,United Parcel Service
2021-08-27,1025160498,USB,U.S. Bancorp
2021-08-27,1025160498,V,Visa Inc.
2021-08-27,1025160498,VZ,Verizon Communications
2021-08-27,1025160498,WBA,Walgreens Boots Alliance
2021-08-27,1025160498,WFC,Wells Fargo
2021-08-27,1025160498,WMT,Walmart
2021-08-27,1025160498,XOM,Exxon Mobil Corp.
2021-09-03,1041885392,AAPL,Apple
2021-09-03,1041885392,ABBV,AbbVie
2021-09-03,1041885392,ABT,Abbott Laboratories
2021-09-03,1041885392,ACN,Accenture
2021-09-03,1041885392,ADBE,Adobe
2021-09-03,1041885392,AIG,American International Group
2021-09-03,1041885392,AMGN,Amgen
2021-09-03,1041885392,AMT,American Tower
2021-09-03,1041885392,AMZN,Amazon.com
2021-09-03,1041885392,AVGO,Broadcom
2021-09-03,1041885392,AXP,American Express
2021-09-03,1041885392,BA,Boeing
2021-09-03,1041885392,BAC,Bank of America
2021-09-03,1041885392,BIIB,Biogen
2021-09-03,1041885392,BK,BNY Mellon
2021-09-03,1041885392,BKNG,Booking Holdings
2021-09-03,1041885392,BLK,BlackRock
2021-09-03,1041885392,BMY,Bristol-Myers Squibb
2021-09-03,1041885392,C,Citigroup
2021-09-03,1041885392,CAT,Caterpillar
2021-09-03,1041885392,CHTR,Charter Communications
2021-09-03,1041885392,CL,Colgate-Palmolive
2021-09-03,1041885392,CMCSA,Comcast
2021-09-03,1041885392,COF,Capital One
2021-09-03,1041885392,COP,ConocoPhillips
2021-09-03,1041885392,COST,Costco
2021-09-03,1041885392,CRM,Salesforce
2021-09-03,1041885392,CSCO,Cisco Systems
2021-09-03,1041885392,CVS,CVS Health
2021-09-03,1041885392,CVX,Chevron
2021-09-03,1041885392,DD,DuPont
2021-09-03,1041885392,DHR,Danaher
2021-09-03,1041885392,DIS,Disney
2021-09-03,1041885392,DOW,Dow
2021-09-03,1041885392,DUK,Duke Energy
2021-09-03,1041885392,EMR,Emerson Electric
2021-09-03,1041885392,EXC,Exelon
2021-09-03,1041885392,F,Ford
2021-09-03,1041885392,FB,Facebook
2021-09-03,1041885392,FDX,FedEx
2021-09-03,1041885392,GD,General Dynamics
2021-09-03,1041885392,GE,General Electric
2021-09-03,1041885392,GILD,Gilead Sciences
2021-09-03,1041885392,GM,General Motors
2021-09-03,1041885392,GOOG,Alphabet(Class C)
2021-09-03,1041885392,GOOGL,Alphabet(Class A)
2021-09-03,1041885392,GS,Goldman Sachs
2021-09-03,1041885392,HD,Home Depot
2021-09-03,1041885392,HON,Honeywell
2021-09-03,1041885392,IBM,IBM
2021-09-03,1041885392,INTC,Intel
2021-09-03,1041885392,JNJ,Johnson & Johnson
2021-09-03,1041885392,JPM,JPMorgan Chase
2021-09-03,1041885392,KHC,Kraft Heinz
2021-09-03,1041885392,KO,Coca-Cola
2021-09-03,1041885392,LIN,Linde
2021-09-03,1041885392,LLY,Eli Lilly
2021-09-03,1041885392,LMT,Lockheed Martin
2021-09-03,1041885392,LOW,Lowe's
2021-09-03,1041885392,MA,Mastercard
2021-09-03,1041885392,MCD,McDonald's
2021-09-03,1041885392,MDLZ,Mondelēz International
2021-09-03,1041885392,MDT,Medtronic
2021-09-03,1041885392,MET,MetLife
2021-09-03,1041885392,MMM,3M
2021-09-03,1041885392,MO,Altria
2021-09-03,1041885392,MRK,Merck
2021-09-03,1041885392,MS,Morgan Stanley
2021-09-03,1041885392,MSFT,Microsoft
2021-09-03,1041885392,NEE,NextEra Energy
2021-09-03,1041885392,NFLX,Netflix
2021-09-03,1041885392,NKE,Nike
2021-09-03,1041885392,NVDA,Nvidia
2021-09-03,1041885392,ORCL,Oracle
2021-09-03,1041885392,PEP,PepsiCo
2021-09-03,1041885392,PFE,Pfizer
2021-09-03,1041885392,PG,Procter & Gamble
2021-09-03,1041885392,PM,Philip Morris International
2021-09-03,1041885392,PYPL,PayPal
2021-09-03,1041885392,QCOM,Qualcomm
2021-09-03,1041885392,RTX,Raytheon Technologies
2021-09-03,1041885392,SBUX,Starbucks
2021-09-03,1041885392,SO,Southern Company
2021-09-03,1041885392,SPG,Simon Property Group
2021-09-03,1041885392,T,AT&T
2021-09-03,1041885392,TGT,Target
2021-09-03,1041885392,TMO,Thermo Fisher Scientific
2021-09-03,1041885392,TMUS,T-Mobile US
2021-09-03,1041885392,TSLA,Tesla
2021-09-03,1041885392,TXN,Texas Instruments
2021-09-03,1041885392,UNH,UnitedHealth
2021-09-03,1041885392,UNP,Union Pacific
2021-09-03,1041885392,UPS,United Parcel Service
2021-09-03,1041885392,USB,U.S. Bancorp
2021-09-03,1041885392,V,Visa
2021-09-03,1041885392,VZ,Verizon
2021-09-03,1041885392,WBA,Walgreens Boots Alliance
2021-09-03,1041885392,WFC,Wells Fargo
2021-09-03,1041885392,WMT,Walmart
2021-09-03,1041885392,XOM,ExxonMobil
2021-09-10,1041885392,AAPL,Apple
2021-09-10,1041885392,ABBV,AbbVie
2021-09-10,1041885392,ABT,Abbott Laboratories
2021-09-10,1041885392,ACN,Accenture
2021-09-10,1041885392,ADBE,Adobe
2021-09-10,1041885392,AIG,American International Group
2021-09-10,1041885392,AMGN,Amgen
2021-09-10,1041885392,AMT,American Tower
2021-09-10,1041885392,AMZN,Amazon.com
2021-09-10,1041885392,AVGO,Broadcom
2021-09-10,1041885392,AXP,American Express
2021-09-10,1041885392,BA,Boeing
2021-09-10,1041885392,BAC,Bank of America
2021-09-10,1041885392,BIIB,Biogen
2021-09-10,1041885392,BK,BNY Mellon
2021-09-10,1041885392,BKNG,Booking Holdings
2021-09-10,1041885392,BLK,BlackRock
2021-09-10,1041885392,BMY,Bristol-Myers Squibb
2021-09-10,1041885392,C,Citigroup
2021-09-10,1041885392,CAT,Caterpillar
2021-09-10,1041885392,CHTR,Charter Communications
2021-09-10,1041885392,CL,Colgate-Palmolive
2021-09-10,1041885392,CMCSA,Comcast
2021-09-10,1041885392,COF,Capital One
2021-09-10,1041885392,COP,ConocoPhillips
2021-09-10,1041885392,COST,Costco
2021-09-10,1041885392,CRM,Salesforce
2021-09-10,1041885392,CSCO,Cisco Systems
2021-09-10,1041885392,CVS,CVS Health
2021-09-10,1041885392,CVX,Chevron
2021-09-10,1041885392,DD,DuPont
2021-09-10,1041885392,DHR,Danaher
2021-09-10,1041885392,DIS,Disney
2021-09-10,1041885392,DOW,Dow
2021-09-10,1041885392,DUK,Duke Energy
2021-09-10,1041885392,EMR,Emerson Electric
2021-09-10,1041885392,EXC,Exelon
2021-09-10,1041885392,F,Ford
2021-09-10,1041885392,FB,Facebook
2021-09-10,1041885392,FDX,FedEx
2021-09-10,1041885392,GD,General Dynamics
2021-09-10,1041885392,GE,General Electric
2021-09-10,1041885392,GILD,Gilead Sciences
2021-09-10,1041885392,GM,General Motors
2021-09-10,1041885392,GOOG,Alphabet(Class C)
2021-09-10,1041885392,GOOGL,Alphabet(Class A)
2021-09-10,1041885392,GS,Goldman Sachs
2021-09-10,1041885392,HD,Home Depot
2021-09-10,1041885392,HON,Honeywell
2021-09-10,1041885392,IBM,IBM
2021-09-10,1041885392,INTC,Intel
2021-09-10,1041885392,JNJ,Johnson & Johnson
2021-09-10,1041885392,JPM,JPMorgan Chase
2021-09-10,1041885392,KHC,Kraft Heinz
2021-09-10,1041885392,KO,Coca-Cola
2021-09-10,1041885392,LIN,Linde
2021-09-10,1041885392,LLY,Eli Lilly
2021-09-10,1041885392,LMT,Lockheed Martin
2021-09-10,1041885392,LOW,Lowe's
2021-09-10,1041885392,MA,Mastercard
2021-09-10,1041885392,MCD,McDonald's
2021-09-10,1041885392,MDLZ,Mondelēz International
2021-09-10,1041885392,MDT,Medtronic
2021-09-10,1041885392,MET,MetLife
2021-09-10,1041885392,MMM,3M
2021-09-10,1041885392,MO,Altria
2021-09-10,1041885392,MRK,Merck
2021-09-10,1041885392,MS,Morgan Stanley
2021-09-10,1041885392,MSFT,Microsoft
2021-09-10,1041885392,NEE,NextEra Energy
2021-09-10,1041885392,NFLX,Netflix
2021-09-10,1041885392,NKE,Nike
2021-09-10,1041885392,NVDA,Nvidia
2021-09-10,1041885392,ORCL,Oracle
2021-09-10,1041885392,PEP,PepsiCo
2021-09-10,1041885392,PFE,Pfizer
2021-09-10,1041885392,PG,Procter & Gamble
2021-09-10,1041885392,PM,Philip Morris International
2021-09-10,1041885392,PYPL,PayPal
2021-09-10,1041885392,QCOM,Qualcomm
2021-09-10,1041885392,RTX,Raytheon Technologies
2021-09-10,1041885392,SBUX,Starbucks
2021-09-10,1041885392,SO,Southern Company
2021-09-10,1041885392,SPG,Simon Property Group
2021-09-10,1041885392,T,AT&T
2021-09-10,1041885392,TGT,Target
2021-09-10,1041885392,TMO,Thermo Fisher Scientific
2021-09-10,1041885392,TMUS,T-Mobile US
2021-09-10,1041885392,TSLA,Tesla
2021-09-10,1041885392,TXN,Texas Instruments
2021-09-10,1041885392,UNH,UnitedHealth
2021-09-10,1041885392,UNP,Union Pacific
2021-09-10,1041885392,UPS,United Parcel Service
2021-09-10,1041885392,USB,U.S. Bancorp
2021-09-10,1041885392,V,Visa
2021-09-10,1041885392,VZ,Verizon
2021-09-10,1041885392,WBA,Walgreens Boots Alliance
2021-09-10,1041885392,WFC,Wells Fargo
2021-09-10,1041885392,WMT,Walmart
2021-09-10,1041885392,XOM,ExxonMobil
2021-09-17,1044399057,AAPL,Apple
2021-09-17,1044399057,ABBV,AbbVie
2021-09-17,1044399057,ABT,Abbott Laboratories
2021-09-17,1044399057,ACN,Accenture
2021-09-17,1044399057,ADBE,Adobe
2021-09-17,1044399057,AIG,American International Group
2021-09-17,1044399057,AMGN,Amgen
2021-09-17,1044399057,AMT,American Tower
2021-09-17,1044399057,AMZN,Amazon.com
2021-09-17,1044399057,AVGO,Broadcom
2021-09-17,1044399057,AXP,American Express
2021-09-17,1044399057,BA,Boeing
2021-09-17,1044399057,BAC,Bank of America
2021-09-17,1044399057,BIIB,Biogen
2021-09-17,1044399057,BK,BNY Mellon
2021-09-17,1044399057,BKNG,Booking Holdings
2021-09-17,1044399057,BLK,BlackRock
2021-09-17,1044399057,BMY,Bristol Myers Squibb
2021-09-17,1044399057,C,Citigroup
2021-09-17,1044399057,CAT,Caterpillar
2021-09-17,1044399057,CHTR,Charter Communications
2021-09-17,1044399057,CL,Colgate-Palmolive
2021-09-17,1044399057,CMCSA,Comcast
2021-09-17,1044399057,COF,Capital One
2021-09-17,1044399057,COP,ConocoPhillips
2021-09-17,1044399057,COST,Costco
2021-09-17,1044399057,CRM,Salesforce
2021-09-17,1044399057,CSCO,Cisco Systems
2021-09-17,1044399057,CVS,CVS Health
2021-09-17,1044399057,CVX,Chevron
2021-09-17,1044399057,DD,DuPont
2021-09-17,1044399057,DHR,Danaher
2021-09-17,1044399057,DIS,Disney
2021-09-17,1044399057,DOW,Dow
2021-09-17,1044399057,DUK,Duke Energy
2021-09-17,1044399057,EMR,Emerson Electric
2021-09-17,1044399057,EXC,Exelon
2021-09-17,1044399057,F,Ford
2021-09-17,1044399057,FB,Facebook
2021-09-17,1044399057,FDX,FedEx
2021-09-17,1044399057,GD,General Dynamics
2021-09-17,1044399057,GE,General Electric
2021-09-17,1044399057,GILD,Gilead Sciences
2021-09-17,1044399057,GM,General Motors
2021-09-17,1044399057,GOOG,Alphabet(Class C)
2021-09-17,1044399057,GOOGL,Alphabet(Class A)
2021-09-17,1044399057,GS,Goldman Sachs
2021-09-17,1044399057,HD,Home Depot
2021-09-17,1044399057,HON,Honeywell
2021-09-17,1044399057,IBM,IBM
2021-09-17,1044399057,INTC,Intel
2021-09-17,1044399057,JNJ,Johnson & Johnson
2021-09-17,1044399057,JPM,JPMorgan Chase
2021-09-17,1044399057,KHC,Kraft Heinz
2021-09-17,1044399057,KO,Coca-Cola
2021-09-17,1044399057,LIN,Linde
2021-09-17,1044399057,LLY,Eli Lilly
2021-09-17,1044399057,LMT,Lockheed Martin
2021-09-17,1044399057,LOW,Lowe's
2021-09-17,1044399057,MA,Mastercard
2021-09-17,1044399057,MCD,McDonald's
2021-09-17,1044399057,MDLZ,Mondelēz International
2021-09-17,1044399057,MDT,Medtronic
2021-09-17,1044399057,MET,MetLife
2021-09-17,1044399057,MMM,3M
2021-09-17,1044399057,MO,Altria
2021-09-17,1044399057,MRK,Merck
2021-09-17,1044399057,MS,Morgan Stanley
2021-09-17,1044399057,MSFT,Microsoft
2021-09-17,1044399057,NEE,NextEra Energy
2021-09-17,1044399057,NFLX,Netflix
2021-09-17,1044399057,NKE,Nike
2021-09-17,1044399057,NVDA,Nvidia
2021-09-17,1044399057,ORCL,Oracle
2021-09-17,1044399057,PEP,PepsiCo
2021-09-17,1044399057,PFE,Pfizer
2021-09-17,1044399057,PG,Procter & Gamble
2021-09-17,1044399057,PM,Philip Morris International
2021-09-17,1044399057,PYPL,PayPal
2021-09-17,1044399057,QCOM,Qualcomm
2021-09-17,1044399057,RTX,Raytheon Technologies
2021-09-17,1044399057,SBUX,Starbucks
2021-09-17,1044399057,SO,Southern Company
2021-09-17,1044399057,SPG,Simon Property Group
2021-09-17,1044399057,T,AT&T
2021-09-17,1044399057,TGT,Target
2021-09-17,1044399057,TMO,Thermo Fisher Scientific
2021-09-17,1044399057,TMUS,T-Mobile US
2021-09-17,1044399057,TSLA,Tesla
2021-09-17,1044399057,TXN,Texas Instruments
2021-09-17,1044399057,UNH,UnitedHealth
2021-09-17,1044399057,UNP,Union Pacific
2021-09-17,1044399057,UPS,United Parcel Service
2021-09-17,1044399057,USB,U.S. Bancorp
2021-09-17,1044399057,V,Visa
2021-09-17,1044399057,VZ,Verizon
2021-09-17,1044399057,WBA,Walgreens Boots Alliance
2021-09-17,1044399057,WFC,Wells Fargo
2021-09-17,1044399057,WMT,Walmart
2021-09-17,1044399057,XOM,ExxonMobil
2021-09-24,1044399057,AAPL,Apple
2021-09-24,1044399057,ABBV,AbbVie
2021-09-24,1044399057,ABT,Abbott Laboratories
2021-09-24,1044399057,ACN,Accenture
2021-09-24,1044399057,ADBE,Adobe
2021-09-24,1044399057,AIG,American International Group
2021-09-24,1044399057,AMGN,Amgen
2021-09-24,1044399057,AMT,American Tower
2021-09-24,1044399057,AMZN,Amazon.com
2021-09-24,1044399057,AVGO,Broadcom
2021-09-24,1044399057,AXP,American Express
2021-09-24,1044399057,BA,Boeing
2021-09-24,1044399057,BAC,Bank of America
2021-09-24,1044399057,BIIB,Biogen
2021-09-24,1044399057,BK,BNY Mellon
2021-09-24,1044399057,BKNG,Booking Holdings
2021-09-24,1044399057,BLK,BlackRock
2021-09-24,1044399057,BMY,Bristol Myers Squibb
2021-09-24,1044399057,C,Citigroup
2021-09-24,1044399057,CAT,Caterpillar
2021-09-24,1044399057,CHTR,Charter Communications
2021-09-24,1044399057,CL,Colgate-Palmolive
2021-09-24,1044399057,CMCSA,Comcast
2021-09-24,1044399057,COF,Capital One
2021-09-24,1044399057,COP,ConocoPhillips
2021-09-24,1044399057,COST,Costco
2021-09-24,1044399057,CRM,Salesforce
2021-09-24,1044399057,CSCO,Cisco Systems
2021-09-24,1044399057,CVS,CVS Health
2021-09-24,1044399057,CVX,Chevron
2021-09-24,1044399057,DD,DuPont
2021-09-24,1044399057,DHR,Danaher
2021-09-24,1044399057,DIS,Disney
2021-09-24,1044399057,DOW,Dow
2021-09-24,1044399057,DUK,Duke Energy
2021-09-24,1044399057,EMR,Emerson Electric
2021-09-24,1044399057,EXC,Exelon
2021-09-24,1044399057,F,Ford
2021-09-24,1044399057,FB,Facebook
2021-09-24,1044399057,FDX,FedEx
2021-09-24,1044399057,GD,General Dynamics
2021-09-24,1044399057,GE,General Electric
2021-09-24,1044399057,GILD,Gilead Sciences
2021-09-24,1044399057,GM,General Motors
2021-09-24,1044399057,GOOG,Alphabet(Class C)
2021-09-24,1044399057,GOOGL,Alphabet(Class A)
2021-09-24,1044399057,GS,Goldman Sachs
2021-09-24,1044399057,HD,Home Depot
2021-09-24,1044399057,HON,Honeywell
2021-09-24,1044399057,IBM,IBM
2021-09-24,1044399057,INTC,Intel
2021-09-24,1044399057,JNJ,Johnson & Johnson
2021-09-24,1044399057,JPM,JPMorgan Chase
2021-09-24,1044399057,KHC,Kraft Heinz
2021-09-24,1044399057,KO,Coca-Cola
2021-09-24,1044399057,LIN,Linde
2021-09-24,1044399057,LLY,Eli Lilly
2021-09-24,1044399057,LMT,Lockheed Martin
2021-09-24,1044399057,LOW,Lowe's
2021-09-24,1044399057,MA,Mastercard
2021-09-24,1044399057,MCD,McDonald's
2021-09-24,1044399057,MDLZ,Mondelēz International
2021-09-24,1044399057,MDT,Medtronic
2021-09-24,1044399057,MET,MetLife
2021-09-24,1044399057,MMM,3M
2021-09-24,1044399057,MO,Altria
2021-09-24,1044399057,MRK,Merck
2021-09-24,1044399057,MS,Morgan Stanley
2021-09-24,1044399057,MSFT,Microsoft
2021-09-24,1044399057,NEE,NextEra Energy
2021-09-24,1044399057,NFLX,Netflix
2021-09-24,1044399057,NKE,Nike
2021-09-24,1044399057,NVDA,Nvidia
2021-09-24,1044399057,ORCL,Oracle
2021-09-24,1044399057,PEP,PepsiCo
2021-09-24,1044399057,PFE,Pfizer
2021-09-24,1044399057,PG,Procter & Gamble
2021-09-24,1044399057,PM,Philip Morris International
2021-09-24,1044399057,PYPL,PayPal
2021-09-24,1044399057,QCOM,Qualcomm
2021-09-24,1044399057,RTX,Raytheon Technologies
2021-09-24,1044399057,SBUX,Starbucks
2021-09-24,1044399057,SO,Southern Company
2021-09-24,1044399057,SPG,Simon Property Group
2021-09-24,1044399057,T,AT&T
2021-09-24,1044399057,TGT,Target
2021-09-24,1044399057,TMO,Thermo Fisher Scientific
2021-09-24,1044399057,TMUS,T-Mobile US
2021-09-24,1044399057,TSLA,Tesla
2021-09-24,1044399057,TXN,Texas Instruments
2021-09-24,1044399057,UNH,UnitedHealth
2021-09-24,1044399057,UNP,Union Pacific
2021-09-24,1044399057,UPS,United Parcel Service
2021-09-24,1044399057,USB,U.S. Bancorp
2021-09-24,1044399057,V,Visa
2021-09-24,1044399057,VZ,Verizon
2021-09-24,1044399057,WBA,Walgreens Boots Alliance
2021-09-24,1044399057,WFC,Wells Fargo
2021-09-24,1044399057,WMT,Walmart
2021-09-24,1044399057,XOM,ExxonMobil
2021-10-01,1044399057,AAPL,Apple
2021-10-01,1044399057,ABBV,AbbVie
2021-10-01,1044399057,ABT,Abbott Laboratories
2021-10-01,1044399057,ACN,Accenture
2021-10-01,1044399057,ADBE,Adobe
2021-10-01,1044399057,AIG,American International Group
2021-10-01,1044399057,AMGN,Amgen
2021-10-01,1044399057,AMT,American Tower
2021-10-01,1044399057,AMZN,Amazon.com
2021-10-01,1044399057,AVGO,Broadcom
2021-10-01,1044399057,AXP,American Express
2021-10-01,1044399057,BA,Boeing
2021-10-01,1044399057,BAC,Bank of America
2021-10-01,1044399057,BIIB,Biogen
2021-10-01,1044399057,BK,BNY Mellon
2021-10-01,1044399057,BKNG,Booking Holdings
2021-10-01,1044399057,BLK,BlackRock
2021-10-01,1044399057,BMY,Bristol Myers Squibb
2021-10-01,1044399057,C,Citigroup
2021-10-01,1044399057,CAT,Caterpillar
2021-10-01,1044399057,CHTR,Charter Communications
2021-10-01,1044399057,CL,Colgate-Palmolive
2021-10-01,1044399057,CMCSA,Comcast
2021-10-01,1044399057,COF,Capital One
2021-10-01,1044399057,COP,ConocoPhillips
2021-10-01,1044399057,COST,Costco
2021-10-01,1044399057,CRM,Salesforce
2021-10-01,1044399057,CSCO,Cisco Systems
2021-10-01,1044399057,CVS,CVS Health
2021-10-01,1044399057,CVX,Chevron
2021-10-01,1044399057,DD,DuPont
2021-10-01,1044399057,DHR,Danaher
2021-10-01,1044399057,DIS,Disney
2021-10-01,1044399057,DOW,Dow
2021-10-01,1044399057,DUK,Duke Energy
2021-10-01,1044399057,EMR,Emerson Electric
2021-10-01,1044399057,EXC,Exelon
2021-10-01,1044399057,F,Ford
2021-10-01,1044399057,FB,Facebook
2021-10-01,1044399057,FDX,FedEx
2021-10-01,1044399057,GD,General Dynamics
2021-10-01,1044399057,GE,General Electric
2021-10-01,1044399057,GILD,Gilead Sciences
2021-10-01,1044399057,GM,General Motors
2021-10-01,1044399057,GOOG,Alphabet(Class C)
2021-10-01,1044399057,GOOGL,Alphabet(Class A)
2021-10-01,1044399057,GS,Goldman Sachs
2021-10-01,1044399057,HD,Home Depot
2021-10-01,1044399057,HON,Honeywell
2021-10-01,1044399057,IBM,IBM
2021-10-01,1044399057,INTC,Intel
2021-10-01,1044399057,JNJ,Johnson & Johnson
2021-10-01,1044399057,JPM,JPMorgan Chase
2021-10-01,1044399057,KHC,Kraft Heinz
2021-10-01,1044399057,KO,Coca-Cola
2021-10-01,1044399057,LIN,Linde
2021-10-01,1044399057,LLY,Eli Lilly
2021-10-01,1044399057,LMT,Lockheed Martin
2021-10-01,1044399057,LOW,Lowe's
2021-10-01,1044399057,MA,Mastercard
2021-10-01,1044399057,MCD,McDonald's
2021-10-01,1044399057,MDLZ,Mondelēz International
2021-10-01,1044399057,MDT,Medtronic
2021-10-01,1044399057,MET,MetLife
2021-10-01,1044399057,MMM,3M
2021-10-01,1044399057,MO,Altria
2021-10-01,1044399057,MRK,Merck
2021-10-01,1044399057,MS,Morgan Stanley
2021-10-01,1044399057,MSFT,Microsoft
2021-10-01,1044399057,NEE,NextEra Energy
2021-10-01,1044399057,NFLX,Netflix
2021-10-01,1044399057,NKE,Nike
2021-10-01,1044399057,NVDA,Nvidia
2021-10-01,1044399057,ORCL,Oracle
2021-10-01,1044399057,PEP,PepsiCo
2021-10-01,1044399057,PFE,Pfizer
2021-10-01,1044399057,PG,Procter & Gamble
2021-10-01,1044399057,PM,Philip Morris International
2021-10-01,1044399057,PYPL,PayPal
2021-10-01,1044399057,QCOM,Qualcomm
2021-10-01,1044399057,RTX,Raytheon Technologies
2021-10-01,1044399057,SBUX,Starbucks
2021-10-01,1044399057,SO,Southern Company
2021-10-01,1044399057,SPG,Simon Property Group
2021-10-01,1044399057,T,AT&T
2021-10-01,1044399057,TGT,Target
2021-10-01,1044399057,TMO,Thermo Fisher Scientific
2021-10-01,1044399057,TMUS,T-Mobile US
2021-10-01,1044399057,TSLA,Tesla
2021-10-01,1044399057,TXN,Texas Instruments
2021-10-01,1044399057,UNH,UnitedHealth
2021-10-01,1044399057,UNP,Union Pacific
2021-10-01,1044399057,UPS,United Parcel Service
2021-10-01,1044399057,USB,U.S. Bancorp
2021-10-01,1044399057,V,Visa
2021-10-01,1044399057,VZ,Verizon
2021-10-01,1044399057,WBA,Walgreens Boots Alliance
2021-10-01,1044399057,WFC,Wells Fargo
2021-10-01,1044399057,WMT,Walmart
2021-10-01,1044399057,XOM,ExxonMobil
2021-10-08,1044399057,AAPL,Apple
2021-10-08,1044399057,ABBV,AbbVie
2021-10-08,1044399057,ABT,Abbott Laboratories
2021-10-08,1044399057,ACN,Accenture
2021-10-08,1044399057,ADBE,Adobe
2021-10-08,1044399057,AIG,American International Group
2021-10-08,1044399057,AMGN,Amgen
2021-10-08,1044399057,AMT,American Tower
2021-10-08,1044399057,AMZN,Amazon.com
2021-10-08,1044399057,AVGO,Broadcom
2021-10-08,1044399057,AXP,American Express
2021-10-08,1044399057,BA,Boeing
2021-10-08,1044399057,BAC,Bank of America
2021-10-08,1044399057,BIIB,Biogen
2021-10-08,1044399057,BK,BNY Mellon
2021-10-08,1044399057,BKNG,Booking Holdings
2021-10-08,1044399057,BLK,BlackRock
2021-10-08,1044399057,BMY,Bristol Myers Squibb
2021-10-08,1044399057,C,Citigroup
2021-10-08,1044399057,CAT,Caterpillar
2021-10-08,1044399057,CHTR,Charter Communications
2021-10-08,1044399057,CL,Colgate-Palmolive
2021-10-08,1044399057,CMCSA,Comcast
2021-10-08,1044399057,COF,Capital One
2021-10-08,1044399057,COP,ConocoPhillips
2021-10-08,1044399057,COST,Costco
2021-10-08,1044399057,CRM,Salesforce
2021-10-08,1044399057,CSCO,Cisco Systems
2021-10-08,1044399057,CVS,CVS Health
2021-10-08,1044399057,CVX,Chevron
2021-10-08,1044399057,DD,DuPont
2021-10-08,1044399057,DHR,Danaher
2021-10-08,1044399057,DIS,Disney
2021-10-08,1044399057,DOW,Dow
2021-10-08,1044399057,DUK,Duke Energy
2021-10-08,1044399057,EMR,Emerson Electric
2021-10-08,1044399057,EXC,Exelon
2021-10-08,1044399057,F,Ford
2021-10-08,1044399057,FB,Facebook
2021-10-08,1044399057,FDX,FedEx
2021-10-08,1044399057,GD,General Dynamics
2021-10-08,1044399057,GE,General Electric
2021-10-08,1044399057,GILD,Gilead Sciences
2021-10-08,1044399057,GM,General Motors
2021-10-08,1044399057,GOOG,Alphabet(Class C)
2021-10-08,1044399057,GOOGL,Alphabet(Class A)
2021-10-08,1044399057,GS,Goldman Sachs
2021-10-08,1044399057,HD,Home Depot
2021-10-08,1044399057,HON,Honeywell
2021-10-08,1044399057,IBM,IBM
2021-10-08,1044399057,INTC,Intel
2021-10-08,1044399057,JNJ,Johnson & Johnson
2021-10-08,1044399057,JPM,JPMorgan Chase
2021-10-08,1044399057,KHC,Kraft Heinz
2021-10-08,1044399057,KO,Coca-Cola
2021-10-08,1044399057,LIN,Linde
2021-10-08,1044399057,LLY,Eli Lilly
2021-10-08,1044399057,LMT,Lockheed Martin
2021-10-08,1044399057,LOW,Lowe's
2021-10-08,1044399057,MA,Mastercard
2021-10-08,1044399057,MCD,McDonald's
2021-10-08,1044399057,MDLZ,Mondelēz International
2021-10-08,1044399057,MDT,Medtronic
2021-10-08,1044399057,MET,MetLife
2021-10-08,1044399057,MMM,3M
2021-10-08,1044399057,MO,Altria
2021-10-08,1044399057,MRK,Merck
2021-10-08,1044399057,MS,Morgan Stanley
2021-10-08,1044399057,MSFT,Microsoft
2021-10-08,1044399057,NEE,NextEra Energy
2021-10-08,1044399057,NFLX,Netflix
2021-10-08,1044399057,NKE,Nike
2021-10-08,1044399057,NVDA,Nvidia
2021-10-08,1044399057,ORCL,Oracle
2021-10-08,1044399057,PEP,PepsiCo
2021-10-08,1044399057,PFE,Pfizer
2021-10-08,1044399057,PG,Procter & Gamble
2021-10-08,1044399057,PM,Philip Morris International
2021-10-08,1044399057,PYPL,PayPal
2021-10-08,1044399057,QCOM,Qualcomm
2021-10-08,1044399057,RTX,Raytheon Technologies
2021-10-08,1044399057,SBUX,Starbucks
2021-10-08,1044399057,SO,Southern Company
2021-10-08,1044399057,SPG,Simon Property Group
2021-10-08,1044399057,T,AT&T
2021-10-08,1044399057,TGT,Target
2021-10-08,1044399057,TMO,Thermo Fisher Scientific
2021-10-08,1044399057,TMUS,T-Mobile US
2021-10-08,1044399057,TSLA,Tesla
2021-10-08,1044399057,TXN,Texas Instruments
2021-10-08,1044399057,UNH,UnitedHealth
2021-10-08,1044399057,UNP,Union Pacific
2021-10-08,1044399057,UPS,United Parcel Service
2021-10-08,1044399057,USB,U.S. Bancorp
2021-10-08,1044399057,V,Visa
2021-10-08,1044399057,VZ,Verizon
2021-10-08,1044399057,WBA,Walgreens Boots Alliance
2021-10-08,1044399057,WFC,Wells Fargo
2021-10-08,1044399057,WMT,Walmart
2021-10-08,1044399057,XOM,ExxonMobil
2021-10-15,1044399057,AAPL,Apple
2021-10-15,1044399057,ABBV,AbbVie
2021-10-15,1044399057,ABT,Abbott Laboratories
2021-10-15,1044399057,ACN,Accenture
2021-10-15,1044399057,ADBE,Adobe
2021-10-15,1044399057,AIG,American International Group
2021-10-15,1044399057,AMGN,Amgen
2021-10-15,1044399057,AMT,American Tower
2021-10-15,1044399057,AMZN,Amazon.com
2021-10-15,1044399057,AVGO,Broadcom
2021-10-15,1044399057,AXP,American Express
2021-10-15,1044399057,BA,Boeing
2021-10-15,1044399057,BAC,Bank of America
2021-10-15,1044399057,BIIB,Biogen
2021-10-15,1044399057,BK,BNY Mellon
2021-10-15,1044399057,BKNG,Booking Holdings
2021-10-15,1044399057,BLK,BlackRock
2021-10-15,1044399057,BMY,Bristol Myers Squibb
2021-10-15,1044399057,C,Citigroup
2021-10-15,1044399057,CAT,Caterpillar
2021-10-15,1044399057,CHTR,Charter Communications
2021-10-15,1044399057,CL,Colgate-Palmolive
2021-10-15,1044399057,CMCSA,Comcast
2021-10-15,1044399057,COF,Capital One
2021-10-15,1044399057,COP,ConocoPhillips
2021-10-15,1044399057,COST,Costco
2021-10-15,1044399057,CRM,Salesforce
2021-10-15,1044399057,CSCO,Cisco Systems
2021-10-15,1044399057,CVS,CVS Health
2021-10-15,1044399057,CVX,Chevron
2021-10-15,1044399057,DD,DuPont
2021-10-15,1044399057,DHR,Danaher
2021-10-15,1044399057,DIS,Disney
2021-10-15,1044399057,DOW,Dow
2021-10-15,1044399057,DUK,Duke Energy
2021-10-15,1044399057,EMR,Emerson Electric
2021-10-15,1044399057,EXC,Exelon
2021-10-15,1044399057,F,Ford
2021-10-15,1044399057,FB,Facebook
2021-10-15,1044399057,FDX,FedEx
2021-10-15,1044399057,GD,General Dynamics
2021-10-15,1044399057,GE,General Electric
2021-10-15,1044399057,GILD,Gilead Sciences
2021-10-15,1044399057,GM,General Motors
2021-10-15,1044399057,GOOG,Alphabet(Class C)
2021-10-15,1044399057,GOOGL,Alphabet(Class A)
2021-10-15,1044399057,GS,Goldman Sachs
2021-10-15,1044399057,HD,Home Depot
2021-10-15,1044399057,HON,Honeywell
2021-10-15,1044399057,IBM,IBM
2021-10-15,1044399057,INTC,Intel
2021-10-15,1044399057,JNJ,Johnson & Johnson
2021-10-15,1044399057,JPM,JPMorgan Chase
2021-10-15,1044399057,KHC,Kraft Heinz
2021-10-15,1044399057,KO,Coca-Cola
2021-10-15,1044399057,LIN,Linde
2021-10-15,1044399057,LLY,Eli Lilly
2021-10-15,1044399057,LMT,Lockheed Martin
2021-10-15,1044399057,LOW,Lowe's
2021-10-15,1044399057,MA,Mastercard
2021-10-15,1044399057,MCD,McDonald's
2021-10-15,1044399057,MDLZ,Mondelēz International
2021-10-15,1044399057,MDT,Medtronic
2021-10-15,1044399057,MET,MetLife
2021-10-15,1044399057,MMM,3M
2021-10-15,1044399057,MO,Altria
2021-10-15,1044399057,MRK,Merck
2021-10-15,1044399057,MS,Morgan Stanley
2021-10-15,1044399057,MSFT,Microsoft
2021-10-15,1044399057,NEE,NextEra Energy
2021-10-15,1044399057,NFLX,Netflix
2021-10-15,1044399057,NKE,Nike
2021-10-15,1044399057,NVDA,Nvidia
2021-10-15,1044399057,ORCL,Oracle
2021-10-15,1044399057,PEP,PepsiCo
2021-10-15,1044399057,PFE,Pfizer
2021-10-15,1044399057,PG,Procter & Gamble
2021-10-15,1044399057,PM,Philip Morris International
2021-10-15,1044399057,PYPL,PayPal
2021-10-15,1044399057,QCOM,Qualcomm
2021-10-15,1044399057,RTX,Raytheon Technologies
2021-10-15,1044399057,SBUX,Starbucks
2021-10-15,1044399057,SO,Southern Company
2021-10-15,1044399057,SPG,Simon Property Group
2021-10-15,1044399057,T,AT&T
2021-10-15,1044399057,TGT,Target
2021-10-15,1044399057,TMO,Thermo Fisher Scientific
2021-10-15,1044399057,TMUS,T-Mobile US
2021-10-15,1044399057,TSLA,Tesla
2021-10-15,1044399057,TXN,Texas Instruments
2021-10-15,1044399057,UNH,UnitedHealth
2021-10-15,1044399057,UNP,Union Pacific
2021-10-15,1044399057,UPS,United Parcel Service
2021-10-15,1044399057,USB,U.S. Bancorp
2021-10-15,1044399057,V,Visa
2021-10-15,1044399057,VZ,Verizon
2021-10-15,1044399057,WBA,Walgreens Boots Alliance
2021-10-15,1044399057,WFC,Wells Fargo
2021-10-15,1044399057,WMT,Walmart
2021-10-15,1044399057,XOM,ExxonMobil
2021-10-22,1044399057,AAPL,Apple
2021-10-22,1044399057,ABBV,AbbVie
2021-10-22,1044399057,ABT,Abbott Laboratories
2021-10-22,1044399057,ACN,Accenture
2021-10-22,1044399057,ADBE,Adobe
2021-10-22,1044399057,AIG,American International Group
2021-10-22,1044399057,AMGN,Amgen
2021-10-22,1044399057,AMT,American Tower
2021-10-22,1044399057,AMZN,Amazon.com
2021-10-22,1044399057,AVGO,Broadcom
2021-10-22,1044399057,AXP,American Express
2021-10-22,1044399057,BA,Boeing
2021-10-22,1044399057,BAC,Bank of America
2021-10-22,1044399057,BIIB,Biogen
2021-10-22,1044399057,BK,BNY Mellon
2021-10-22,1044399057,BKNG,Booking Holdings
2021-10-22,1044399057,BLK,BlackRock
2021-10-22,1044399057,BMY,Bristol Myers Squibb
2021-10-22,1044399057,C,Citigroup
2021-10-22,1044399057,CAT,Caterpillar
2021-10-22,1044399057,CHTR,Charter Communications
2021-10-22,1044399057,CL,Colgate-Palmolive
2021-10-22,1044399057,CMCSA,Comcast
2021-10-22,1044399057,COF,Capital One
2021-10-22,1044399057,COP,ConocoPhillips
2021-10-22,1044399057,COST,Costco
2021-10-22,1044399057,CRM,Salesforce
2021-10-22,1044399057,CSCO,Cisco Systems
2021-10-22,1044399057,CVS,CVS Health
2021-10-22,1044399057,CVX,Chevron
2021-10-22,1044399057,DD,DuPont
2021-10-22,1044399057,DHR,Danaher
2021-10-22,1044399057,DIS,Disney
2021-10-22,1044399057,DOW,Dow
2021-10-22,1044399057,DUK,Duke Energy
2021-10-22,1044399057,EMR,Emerson Electric
2021-10-22,1044399057,EXC,Exelon
2021-10-22,1044399057,F,Ford
2021-10-22,1044399057,FB,Facebook
2021-10-22,1044399057,FDX,FedEx
2021-10-22,1044399057,GD,General Dynamics
2021-10-22,1044399057,GE,General Electric
2021-10-22,1044399057,GILD,Gilead Sciences
2021-10-22,1044399057,GM,General Motors
2021-10-22,1044399057,GOOG,Alphabet(Class C)
2021-10-22,1044399057,GOOGL,Alphabet(Class A)
2021-10-22,1044399057,GS,Goldman Sachs
2021-10-22,1044399057,HD,Home Depot
2021-10-22,1044399057,HON,Honeywell
2021-10-22,1044399057,IBM,IBM
2021-10-22,1044399057,INTC,Intel
2021-10-22,1044399057,JNJ,Johnson & Johnson
2021-10-22,1044399057,JPM,JPMorgan Chase
2021-10-22,1044399057,KHC,Kraft Heinz
2021-10-22,1044399057,KO,Coca-Cola
2021-10-22,1044399057,LIN,Linde
2021-10-22,1044399057,LLY,Eli Lilly
2021-10-22,1044399057,LMT,Lockheed Martin
2021-10-22,1044399057,LOW,Lowe's
2021-10-22,1044399057,MA,Mastercard
2021-10-22,1044399057,MCD,McDonald's
2021-10-22,1044399057,MDLZ,Mondelēz International
2021-10-22,1044399057,MDT,Medtronic
2021-10-22,1044399057,MET,MetLife
2021-10-22,1044399057,MMM,3M
2021-10-22,1044399057,MO,Altria
2021-10-22,1044399057,MRK,Merck
2021-10-22,1044399057,MS,Morgan Stanley
2021-10-22,1044399057,MSFT,Microsoft
2021-10-22,1044399057,NEE,NextEra Energy
2021-10-22,1044399057,NFLX,Netflix
2021-10-22,1044399057,NKE,Nike
2021-10-22,1044399057,NVDA,Nvidia
2021-10-22,1044399057,ORCL,Oracle
2021-10-22,1044399057,PEP,PepsiCo
2021-10-22,1044399057,PFE,Pfizer
2021-10-22,1044399057,PG,Procter & Gamble
2021-10-22,1044399057,PM,Philip Morris International
2021-10-22,1044399057,PYPL,PayPal
2021-10-22,1044399057,QCOM,Qualcomm
2021-10-22,1044399057,RTX,Raytheon Technologies
2021-10-22,1044399057,SBUX,Starbucks
2021-10-22,1044399057,SO,Southern Company
2021-10-22,1044399057,SPG,Simon Property Group
2021-10-22,1044399057,T,AT&T
2021-10-22,1044399057,TGT,Target
2021-10-22,1044399057,TMO,Thermo Fisher Scientific
2021-10-22,1044399057,TMUS,T-Mobile US
2021-10-22,1044399057,TSLA,Tesla
2021-10-22,1044399057,TXN,Texas Instruments
2021-10-22,1044399057,UNH,UnitedHealth
2021-10-22,1044399057,UNP,Union Pacific
2021-10-22,1044399057,UPS,United Parcel Service
2021-10-22,1044399057,USB,U.S. Bancorp
2021-10-22,1044399057,V,Visa
2021-10-22,1044399057,VZ,Verizon
2021-10-22,1044399057,WBA,Walgreens Boots Alliance
2021-10-22,1044399057,WFC,Wells Fargo
2021-10-22,1044399057,WMT,Walmart
2021-10-22,1044399057,XOM,ExxonMobil
2021-10-29,1044399057,AAPL,Apple
2021-10-29,1044399057,ABBV,AbbVie
2021-10-29,1044399057,ABT,Abbott Laboratories
2021-10-29,1044399057,ACN,Accenture
2021-10-29,1044399057,ADBE,Adobe
2021-10-29,1044399057,AIG,American International Group
2021-10-29,1044399057,AMGN,Amgen
2021-10-29,1044399057,AMT,American Tower
2021-10-29,1044399057,AMZN,Amazon.com
2021-10-29,1044399057,AVGO,Broadcom
2021-10-29,1044399057,AXP,American Express
2021-10-29,1044399057,BA,Boeing
2021-10-29,1044399057,BAC,Bank of America
2021-10-29,1044399057,BIIB,Biogen
2021-10-29,1044399057,BK,BNY Mellon
2021-10-29,1044399057,BKNG,Booking Holdings
2021-10-29,1044399057,BLK,BlackRock
2021-10-29,1044399057,BMY,Bristol Myers Squibb
2021-10-29,1044399057,C,Citigroup
2021-10-29,1044399057,CAT,Caterpillar
2021-10-29,1044399057,CHTR,Charter Communications
2021-10-29,1044399057,CL,Colgate-Palmolive
2021-10-29,1044399057,CMCSA,Comcast
2021-10-29,1044399057,COF,Capital One
2021-10-29,1044399057,COP,ConocoPhillips
2021-10-29,1044399057,COST,Costco
2021-10-29,1044399057,CRM,Salesforce
2021-10-29,1044399057,CSCO,Cisco Systems
2021-10-29,1044399057,CVS,CVS Health
2021-10-29,1044399057,CVX,Chevron
2021-10-29,1044399057,DD,DuPont
2021-10-29,1044399057,DHR,Danaher
2021-10-29,1044399057,DIS,Disney
2021-10-29,1044399057,DOW,Dow
2021-10-29,1044399057,DUK,Duke Energy
2021-10-29,1044399057,EMR,Emerson Electric
2021-10-29,1044399057,EXC,Exelon
2021-10-29,1044399057,F,Ford
2021-10-29,1044399057,FB,Facebook
2021-10-29,1044399057,FDX,FedEx
2021-10-29,1044399057,GD,General Dynamics
2021-10-29,1044399057,GE,General Electric
2021-10-29,1044399057,GILD,Gilead Sciences
2021-10-29,1044399057,GM,General Motors
2021-10-29,1044399057,GOOG,Alphabet(Class C)
2021-10-29,1044399057,GOOGL,Alphabet(Class A)
2021-10-29,1044399057,GS,Goldman Sachs
2021-10-29,1044399057,HD,Home Depot
2021-10-29,1044399057,HON,Honeywell
2021-10-29,1044399057,IBM,IBM
2021-10-29,1044399057,INTC,Intel
2021-10-29,1044399057,JNJ,Johnson & Johnson
2021-10-29,1044399057,JPM,JPMorgan Chase
2021-10-29,1044399057,KHC,Kraft Heinz
2021-10-29,1044399057,KO,Coca-Cola
2021-10-29,1044399057,LIN,Linde
2021-10-29,1044399057,LLY,Eli Lilly
2021-10-29,1044399057,LMT,Lockheed Martin
2021-10-29,1044399057,LOW,Lowe's
2021-10-29,1044399057,MA,Mastercard
2021-10-29,1044399057,MCD,McDonald's
2021-10-29,1044399057,MDLZ,Mondelēz International
2021-10-29,1044399057,MDT,Medtronic
2021-10-29,1044399057,MET,MetLife
2021-10-29,1044399057,MMM,3M
2021-10-29,1044399057,MO,Altria
2021-10-29,1044399057,MRK,Merck
2021-10-29,1044399057,MS,Morgan Stanley
2021-10-29,1044399057,MSFT,Microsoft
2021-10-29,1044399057,NEE,NextEra Energy
2021-10-29,1044399057,NFLX,Netflix
2021-10-29,1044399057,NKE,Nike
2021-10-29,1044399057,NVDA,Nvidia
2021-10-29,1044399057,ORCL,Oracle
2021-10-29,1044399057,PEP,PepsiCo
2021-10-29,1044399057,PFE,Pfizer
2021-10-29,1044399057,PG,Procter & Gamble
2021-10-29,1044399057,PM,Philip Morris International
2021-10-29,1044399057,PYPL,PayPal
2021-10-29,1044399057,QCOM,Qualcomm
2021-10-29,1044399057,RTX,Raytheon Technologies
2021-10-29,1044399057,SBUX,Starbucks
2021-10-29,1044399057,SO,Southern Company
2021-10-29,1044399057,SPG,Simon Property Group
2021-10-29,1044399057,T,AT&T
2021-10-29,1044399057,TGT,Target
2021-10-29,1044399057,TMO,Thermo Fisher Scientific
2021-10-29,1044399057,TMUS,T-Mobile US
2021-10-29,1044399057,TSLA,Tesla
2021-10-29,1044399057,TXN,Texas Instruments
2021-10-29,1044399057,UNH,UnitedHealth
2021-10-29,1044399057,UNP,Union Pacific
2021-10-29,1044399057,UPS,United Parcel Service
2021-10-29,1044399057,USB,U.S. Bancorp
2021-10-29,1044399057,V,Visa
2021-10-29,1044399057,VZ,Verizon
2021-10-29,1044399057,WBA,Walgreens Boots Alliance
2021-10-29,1044399057,WFC,Wells Fargo
2021-10-29,1044399057,WMT,Walmart
2021-10-29,1044399057,XOM,ExxonMobil
2021-11-05,1053620687,AAPL,Apple
2021-11-05,1053620687,ABBV,AbbVie
2021-11-05,1053620687,ABT,Abbott Laboratories
2021-11-05,1053620687,ACN,Accenture
2021-11-05,1053620687,ADBE,Adobe
2021-11-05,1053620687,AIG,American International Group
2021-11-05,1053620687,AMGN,Amgen
2021-11-05,1053620687,AMT,American Tower
2021-11-05,1053620687,AMZN,Amazon.com
2021-11-05,1053620687,AVGO,Broadcom
2021-11-05,1053620687,AXP,American Express
2021-11-05,1053620687,BA,Boeing
2021-11-05,1053620687,BAC,Bank of America
2021-11-05,1053620687,BIIB,Biogen
2021-11-05,1053620687,BK,BNY Mellon
2021-11-05,1053620687,BKNG,Booking Holdings
2021-11-05,1053620687,BLK,BlackRock
2021-11-05,1053620687,BMY,Bristol Myers Squibb
2021-11-05,1053620687,C,Citigroup
2021-11-05,1053620687,CAT,Caterpillar
2021-11-05,1053620687,CHTR,Charter Communications
2021-11-05,1053620687,CL,Colgate-Palmolive
2021-11-05,1053620687,CMCSA,Comcast
2021-11-05,1053620687,COF,Capital One
2021-11-05,1053620687,COP,ConocoPhillips
2021-11-05,1053620687,COST,Costco
2021-11-05,1053620687,CRM,Salesforce
2021-11-05,1053620687,CSCO,Cisco Systems
2021-11-05,1053620687,CVS,CVS Health
2021-11-05,1053620687,CVX,Chevron
2021-11-05,1053620687,DD,DuPont
2021-11-05,1053620687,DHR,Danaher
2021-11-05,1053620687,DIS,Disney
2021-11-05,1053620687,DOW,Dow
2021-11-05,1053620687,DUK,Duke Energy
2021-11-05,1053620687,EMR,Emerson Electric
2021-11-05,1053620687,EXC,Exelon
2021-11-05,1053620687,F,Ford
2021-11-05,1053620687,FB,Meta Platforms
2021-11-05,1053620687,FDX,FedEx
2021-11-05,1053620687,GD,General Dynamics
2021-11-05,1053620687,GE,General Electric
2021-11-05,1053620687,GILD,Gilead Sciences
2021-11-05,1053620687,GM,General Motors
2021-11-05,1053620687,GOOG,Alphabet(Class C)
2021-11-05,1053620687,GOOGL,Alphabet(Class A)
2021-11-05,1053620687,GS,Goldman Sachs
2021-11-05,1053620687,HD,Home Depot
2021-11-05,1053620687,HON,Honeywell
2021-11-05,1053620687,IBM,IBM
2021-11-05,1053620687,INTC,Intel
2021-11-05,1053620687,JNJ,Johnson & Johnson
2021-11-05,1053620687,JPM,JPMorgan Chase
2021-11-05,1053620687,KHC,Kraft Heinz
2021-11-05,1053620687,KO,Coca-Cola
2021-11-05,1053620687,LIN,Linde
2021-11-05,1053620687,LLY,Eli Lilly
2021-11-05,1053620687,LMT,Lockheed Martin
2021-11-05,1053620687,LOW,Lowe's
2021-11-05,1053620687,MA,Mastercard
2021-11-05,1053620687,MCD,McDonald's
2021-11-05,1053620687,MDLZ,Mondelēz International
2021-11-05,1053620687,MDT,Medtronic
2021-11-05,1053620687,MET,MetLife
2021-11-05,1053620687,MMM,3M
2021-11-05,1053620687,MO,Altria
2021-11-05,1053620687,MRK,Merck
2021-11-05,1053620687,MS,Morgan Stanley
2021-11-05,1053620687,MSFT,Microsoft
2021-11-05,1053620687,NEE,NextEra Energy
2021-11-05,1053620687,NFLX,Netflix
2021-11-05,1053620687,NKE,Nike
2021-11-05,1053620687,NVDA,Nvidia
2021-11-05,1053620687,ORCL,Oracle
2021-11-05,1053620687,PEP,PepsiCo
2021-11-05,1053620687,PFE,Pfizer
2021-11-05,1053620687,PG,Procter & Gamble
2021-11-05,1053620687,PM,Philip Morris International
2021-11-05,1053620687,PYPL,PayPal
2021-11-05,1053620687,QCOM,Qualcomm
2021-11-05,1053620687,RTX,Raytheon Technologies
2021-11-05,1053620687,SBUX,Starbucks
2021-11-05,1053620687,SO,Southern Company
2021-11-05,1053620687,SPG,Simon Property Group
2021-11-05,1053620687,T,AT&T
2021-11-05,1053620687,TGT,Target
2021-11-05,1053620687,TMO,Thermo Fisher Scientific
2021-11-05,1053620687,TMUS,T-Mobile US
2021-11-05,1053620687,TSLA,Tesla
2021-11-05,1053620687,TXN,Texas Instruments
2021-11-05,1053620687,UNH,UnitedHealth
2021-11-05,1053620687,UNP,Union Pacific
2021-11-05,1053620687,UPS,United Parcel Service
2021-11-05,1053620687,USB,U.S. Bancorp
2021-11-05,1053620687,V,Visa
2021-11-05,1053620687,VZ,Verizon
2021-11-05,1053620687,WBA,Walgreens Boots Alliance
2021-11-05,1053620687,WFC,Wells Fargo
2021-11-05,1053620687,WMT,Walmart
2021-11-05,1053620687,XOM,ExxonMobil
2021-11-12,1053620687,AAPL,Apple
2021-11-12,1053620687,ABBV,AbbVie
2021-11-12,1053620687,ABT,Abbott Laboratories
2021-11-12,1053620687,ACN,Accenture
2021-11-12,1053620687,ADBE,Adobe
2021-11-12,1053620687,AIG,American International Group
2021-11-12,1053620687,AMGN,Amgen
2021-11-12,1053620687,AMT,American Tower
2021-11-12,1053620687,AMZN,Amazon.com
2021-11-12,1053620687,AVGO,Broadcom
2021-11-12,1053620687,AXP,American Express
2021-11-12,1053620687,BA,Boeing
2021-11-12,1053620687,BAC,Bank of America
2021-11-12,1053620687,BIIB,Biogen
2021-11-12,1053620687,BK,BNY Mellon
2021-11-12,1053620687,BKNG,Booking Holdings
2021-11-12,1053620687,BLK,BlackRock
2021-11-12,1053620687,BMY,Bristol Myers Squibb
2021-11-12,1053620687,C,Citigroup
2021-11-12,1053620687,CAT,Caterpillar
2021-11-12,1053620687,CHTR,Charter Communications
2021-11-12,1053620687,CL,Colgate-Palmolive
2021-11-12,1053620687,CMCSA,Comcast
2021-11-12,1053620687,COF,Capital One
2021-11-12,1053620687,COP,ConocoPhillips
2021-11-12,1053620687,COST,Costco
2021-11-12,1053620687,CRM,Salesforce
2021-11-12,1053620687,CSCO,Cisco Systems
2021-11-12,1053620687,CVS,CVS Health
2021-11-12,1053620687,CVX,Chevron
2021-11-12,1053620687,DD,DuPont
2021-11-12,1053620687,DHR,Danaher
2021-11-12,1053620687,DIS,Disney
2021-11-12,1053620687,DOW,Dow
2021-11-12,1053620687,DUK,Duke Energy
2021-11-12,1053620687,EMR,Emerson Electric
2021-11-12,1053620687,EXC,Exelon
2021-11-12,1053620687,F,Ford
2021-11-12,1053620687,FB,Meta Platforms
2021-11-12,1053620687,FDX,FedEx
2021-11-12,1053620687,GD,General Dynamics
2021-11-12,1053620687,GE,General Electric
2021-11-12,1053620687,GILD,Gilead Sciences
2021-11-12,1053620687,GM,General Motors
2021-11-12,1053620687,GOOG,Alphabet(Class C)
2021-11-12,1053620687,GOOGL,Alphabet(Class A)
2021-11-12,1053620687,GS,Goldman Sachs
2021-11-12,1053620687,HD,Home Depot
2021-11-12,1053620687,HON,Honeywell
2021-11-12,1053620687,IBM,IBM
2021-11-12,1053620687,INTC,Intel
2021-11-12,1053620687,JNJ,Johnson & Johnson
2021-11-12,1053620687,JPM,JPMorgan Chase
2021-11-12,1053620687,KHC,Kraft Heinz
2021-11-12,1053620687,KO,Coca-Cola
2021-11-12,1053620687,LIN,Linde
2021-11-12,1053620687,LLY,Eli Lilly
2021-11-12,1053620687,LMT,Lockheed Martin
2021-11-12,1053620687,LOW,Lowe's
2021-11-12,1053620687,MA,Mastercard
2021-11-12,1053620687,MCD,McDonald's
2021-11-12,1053620687,MDLZ,Mondelēz International
2021-11-12,1053620687,MDT,Medtronic
2021-11-12,1053620687,MET,MetLife
2021-11-12,1053620687,MMM,3M
2021-11-12,1053620687,MO,Altria
2021-11-12,1053620687,MRK,Merck
2021-11-12,1053620687,MS,Morgan Stanley
2021-11-12,1053620687,MSFT,Microsoft
2021-11-12,1053620687,NEE,NextEra Energy
2021-11-12,1053620687,NFLX,Netflix
2021-11-12,1053620687,NKE,Nike
2021-11-12,1053620687,NVDA,Nvidia
2021-11-12,1053620687,ORCL,Oracle
2021-11-12,1053620687,PEP,PepsiCo
2021-11-12,1053620687,PFE,Pfizer
2021-11-12,1053620687,PG,Procter & Gamble
2021-11-12,1053620687,PM,Philip Morris International
2021-11-12,1053620687,PYPL,PayPal
2021-11-12,1053620687,QCOM,Qualcomm
2021-11-12,1053620687,RTX,Raytheon Technologies
2021-11-12,1053620687,SBUX,Starbucks
2021-11-12,1053620687,SO,Southern Company
2021-11-12,1053620687,SPG,Simon Property Group
2021-11-12,1053620687,T,AT&T
2021-11-12,1053620687,TGT,Target
2021-11-12,1053620687,TMO,Thermo Fisher Scientific
2021-11-12,1053620687,TMUS,T-Mobile US
2021-11-12,1053620687,TSLA,Tesla
2021-11-12,1053620687,TXN,Texas Instruments
2021-11-12,1053620687,UNH,UnitedHealth
2021-11-12,1053620687,UNP,Union Pacific
2021-11-12,1053620687,UPS,United Parcel Service
2021-11-12,1053620687,USB,U.S. Bancorp
2021-11-12,1053620687,V,Visa
2021-11-12,1053620687,VZ,Verizon
2021-11-12,1053620687,WBA,Walgreens Boots Alliance
2021-11-12,1053620687,WFC,Wells Fargo
2021-11-12,1053620687,WMT,Walmart
2021-11-12,1053620687,XOM,ExxonMobil
2021-11-19,1053620687,AAPL,Apple
2021-11-19,1053620687,ABBV,AbbVie
2021-11-19,1053620687,ABT,Abbott Laboratories
2021-11-19,1053620687,ACN,Accenture
2021-11-19,1053620687,ADBE,Adobe
2021-11-19,1053620687,AIG,American International Group
2021-11-19,1053620687,AMGN,Amgen
2021-11-19,1053620687,AMT,American Tower
2021-11-19,1053620687,AMZN,Amazon.com
2021-11-19,1053620687,AVGO,Broadcom
2021-11-19,1053620687,AXP,American Express
2021-11-19,1053620687,BA,Boeing
2021-11-19,1053620687,BAC,Bank of America
2021-11-19,1053620687,BIIB,Biogen
2021-11-19,1053620687,BK,BNY Mellon
2021-11-19,1053620687,BKNG,Booking Holdings
2021-11-19,1053620687,BLK,BlackRock
2021-11-19,1053620687,BMY,Bristol Myers Squibb
2021-11-19,1053620687,C,Citigroup
2021-11-19,1053620687,CAT,Caterpillar
2021-11-19,1053620687,CHTR,Charter Communications
2021-11-19,1053620687,CL,Colgate-Palmolive
2021-11-19,1053620687,CMCSA,Comcast
2021-11-19,1053620687,COF,Capital One
2021-11-19,1053620687,COP,ConocoPhillips
2021-11-19,1053620687,COST,Costco
2021-11-19,1053620687,CRM,Salesforce
2021-11-19,1053620687,CSCO,Cisco Systems
2021-11-19,1053620687,CVS,CVS Health
2021-11-19,1053620687,CVX,Chevron
2021-11-19,1053620687,DD,DuPont
2021-11-19,1053620687,DHR,Danaher
2021-11-19,1053620687,DIS,Disney
2021-11-19,1053620687,DOW,Dow
2021-11-19,1053620687,DUK,Duke Energy
2021-11-19,1053620687,EMR,Emerson Electric
2021-11-19,1053620687,EXC,Exelon
2021-11-19,1053620687,F,Ford
2021-11-19,1053620687,FB,Meta Platforms
2021-11-19,1053620687,FDX,FedEx
2021-11-19,1053620687,GD,General Dynamics
2021-11-19,1053620687,GE,General Electric
2021-11-19,1053620687,GILD,Gilead Sciences
2021-11-19,1053620687,GM,General Motors
2021-11-19,1053620687,GOOG,Alphabet(Class C)
2021-11-19,1053620687,GOOGL,Alphabet(Class A)
2021-11-19,1053620687,GS,Goldman Sachs
2021-11-19,1053620687,HD,Home Depot
2021-11-19,1053620687,HON,Honeywell
2021-11-19,1053620687,IBM,IBM
2021-11-19,1053620687,INTC,Intel
2021-11-19,1053620687,JNJ,Johnson & Johnson
2021-11-19,1053620687,JPM,JPMorgan Chase
2021-11-19,1053620687,KHC,Kraft Heinz
2021-11-19,1053620687,KO,Coca-Cola
2021-11-19,1053620687,LIN,Linde
2021-11-19,1053620687,LLY,Eli Lilly
2021-11-19,1053620687,LMT,Lockheed Martin
2021-11-19,1053620687,LOW,Lowe's
2021-11-19,1053620687,MA,Mastercard
2021-11-19,1053620687,MCD,McDonald's
2021-11-19,1053620687,MDLZ,Mondelēz International
2021-11-19,1053620687,MDT,Medtronic
2021-11-19,1053620687,MET,MetLife
2021-11-19,1053620687,MMM,3M
2021-11-19,1053620687,MO,Altria
2021-11-19,1053620687,MRK,Merck
2021-11-19,1053620687,MS,Morgan Stanley
2021-11-19,1053620687,MSFT,Microsoft
2021-11-19,1053620687,NEE,NextEra Energy
2021-11-19,1053620687,NFLX,Netflix
2021-11-19,1053620687,NKE,Nike
2021-11-19,1053620687,NVDA,Nvidia
2021-11-19,1053620687,ORCL,Oracle
2021-11-19,1053620687,PEP,PepsiCo
2021-11-19,1053620687,PFE,Pfizer
2021-11-19,1053620687,PG,Procter & Gamble
2021-11-19,1053620687,PM,Philip Morris International
2021-11-19,1053620687,PYPL,PayPal
2021-11-19,1053620687,QCOM,Qualcomm
2021-11-19,1053620687,RTX,Raytheon Technologies
2021-11-19,1053620687,SBUX,Starbucks
2021-11-19,1053620687,SO,Southern Company
2021-11-19,1053620687,SPG,Simon Property Group
2021-11-19,1053620687,T,AT&T
2021-11-19,1053620687,TGT,Target
2021-11-19,1053620687,TMO,Thermo Fisher Scientific
2021-11-19,1053620687,TMUS,T-Mobile US
2021-11-19,1053620687,TSLA,Tesla
2021-11-19,1053620687,TXN,Texas Instruments
2021-11-19,1053620687,UNH,UnitedHealth
2021-11-19,1053620687,UNP,Union Pacific
2021-11-19,1053620687,UPS,United Parcel Service
2021-11-19,1053620687,USB,U.S. Bancorp
2021-11-19,1053620687,V,Visa
2021-11-19,1053620687,VZ,Verizon
2021-11-19,1053620687,WBA,Walgreens Boots Alliance
2021-11-19,1053620687,WFC,Wells Fargo
2021-11-19,1053620687,WMT,Walmart
2021-11-19,1053620687,XOM,ExxonMobil
2021-11-26,1053620687,AAPL,Apple
2021-11-26,1053620687,ABBV,AbbVie
2021-11-26,1053620687,ABT,Abbott Laboratories
2021-11-26,1053620687,ACN,Accenture
2021-11-26,1053620687,ADBE,Adobe
2021-11-26,1053620687,AIG,American International Group
2021-11-26,1053620687,AMGN,Amgen
2021-11-26,1053620687,AMT,American Tower
2021-11-26,1053620687,AMZN,Amazon.com
2021-11-26,1053620687,AVGO,Broadcom
2021-11-26,1053620687,AXP,American Express
2021-11-26,1053620687,BA,Boeing
2021-11-26,1053620687,BAC,Bank of America
2021-11-26,1053620687,BIIB,Biogen
2021-11-26,1053620687,BK,BNY Mellon
2021-11-26,1053620687,BKNG,Booking Holdings
2021-11-26,1053620687,BLK,BlackRock
2021-11-26,1053620687,BMY,Bristol Myers Squibb
2021-11-26,1053620687,C,Citigroup
2021-11-26,1053620687,CAT,Caterpillar
2021-11-26,1053620687,CHTR,Charter Communications
2021-11-26,1053620687,CL,Colgate-Palmolive
2021-11-26,1053620687,CMCSA,Comcast
2021-11-26,1053620687,COF,Capital One
2021-11-26,1053620687,COP,ConocoPhillips
2021-11-26,1053620687,COST,Costco
2021-11-26,1053620687,CRM,Salesforce
2021-11-26,1053620687,CSCO,Cisco Systems
2021-11-26,1053620687,CVS,CVS Health
2021-11-26,1053620687,CVX,Chevron
2021-11-26,1053620687,DD,DuPont
2021-11-26,1053620687,DHR,Danaher
2021-11-26,1053620687,DIS,Disney
2021-11-26,1053620687,DOW,Dow
2021-11-26,1053620687,DUK,Duke Energy
2021-11-26,1053620687,EMR,Emerson Electric
2021-11-26,1053620687,EXC,Exelon
2021-11-26,1053620687,F,Ford
2021-11-26,1053620687,FB,Meta Platforms
2021-11-26,1053620687,FDX,FedEx
2021-11-26,1053620687,GD,General Dynamics
2021-11-26,1053620687,GE,General Electric
2021-11-26,1053620687,GILD,Gilead Sciences
2021-11-26,1053620687,GM,General Motors
2021-11-26,1053620687,GOOG,Alphabet(Class C)
2021-11-26,1053620687,GOOGL,Alphabet(Class A)
2021-11-26,1053620687,GS,Goldman Sachs
2021-11-26,1053620687,HD,Home Depot
2021-11-26,1053620687,HON,Honeywell
2021-11-26,1053620687,IBM,IBM
2021-11-26,1053620687,INTC,Intel
2021-11-26,1053620687,JNJ,Johnson & Johnson
2021-11-26,1053620687,JPM,JPMorgan Chase
2021-11-26,1053620687,KHC,Kraft Heinz
2021-11-26,1053620687,KO,Coca-Cola
2021-11-26,1053620687,LIN,Linde
2021-11-26,1053620687,LLY,Eli Lilly
2021-11-26,1053620687,LMT,Lockheed Martin
2021-11-26,1053620687,LOW,Lowe's
2021-11-26,1053620687,MA,Mastercard
2021-11-26,1053620687,MCD,McDonald's
2021-11-26,1053620687,MDLZ,Mondelēz International
2021-11-26,1053620687,MDT,Medtronic
2021-11-26,1053620687,MET,MetLife
2021-11-26,1053620687,MMM,3M
2021-11-26,1053620687,MO,Altria
2021-11-26,1053620687,MRK,Merck
2021-11-26,1053620687,MS,Morgan Stanley
2021-11-26,1053620687,MSFT,Microsoft
2021-11-26,1053620687,NEE,NextEra Energy
2021-11-26,1053620687,NFLX,Netflix
2021-11-26,1053620687,NKE,Nike
2021-11-26,1053620687,NVDA,Nvidia
2021-11-26,1053620687,ORCL,Oracle
2021-11-26,1053620687,PEP,PepsiCo
2021-11-26,1053620687,PFE,Pfizer
2021-11-26,1053620687,PG,Procter & Gamble
2021-11-26,1053620687,PM,Philip Morris International
2021-11-26,1053620687,PYPL,PayPal
2021-11-26,1053620687,QCOM,Qualcomm
2021-11-26,1053620687,RTX,Raytheon Technologies
2021-11-26,1053620687,SBUX,Starbucks
2021-11-26,1053620687,SO,Southern Company
2021-11-26,1053620687,SPG,Simon Property Group
2021-11-26,1053620687,T,AT&T
2021-11-26,1053620687,TGT,Target
2021-11-26,1053620687,TMO,Thermo Fisher Scientific
2021-11-26,1053620687,TMUS,T-Mobile US
2021-11-26,1053620687,TSLA,Tesla
2021-11-26,1053620687,TXN,Texas Instruments
2021-11-26,1053620687,UNH,UnitedHealth
2021-11-26,1053620687,UNP,Union Pacific
2021-11-26,1053620687,UPS,United Parcel Service
2021-11-26,1053620687,USB,U.S. Bancorp
2021-11-26,1053620687,V,Visa
2021-11-26,1053620687,VZ,Verizon
2021-11-26,1053620687,WBA,Walgreens Boots Alliance
2021-11-26,1053620687,WFC,Wells Fargo
2021-11-26,1053620687,WMT,Walmart
2021-11-26,1053620687,XOM,ExxonMobil
2021-12-03,1053620687,AAPL,Apple
2021-12-03,1053620687,ABBV,AbbVie
2021-12-03,1053620687,ABT,Abbott Laboratories
2021-12-03,1053620687,ACN,Accenture
2021-12-03,1053620687,ADBE,Adobe
2021-12-03,1053620687,AIG,American International Group
2021-12-03,1053620687,AMGN,Amgen
2021-12-03,1053620687,AMT,American Tower
2021-12-03,1053620687,AMZN,Amazon.com
2021-12-03,1053620687,AVGO,Broadcom
2021-12-03,1053620687,AXP,American Express
2021-12-03,1053620687,BA,Boeing
2021-12-03,1053620687,BAC,Bank of America
2021-12-03,1053620687,BIIB,Biogen
2021-12-03,1053620687,BK,BNY Mellon
2021-12-03,1053620687,BKNG,Booking Holdings
2021-12-03,1053620687,BLK,BlackRock
2021-12-03,1053620687,BMY,Bristol Myers Squibb
2021-12-03,1053620687,C,Citigroup
2021-12-03,1053620687,CAT,Caterpillar
2021-12-03,1053620687,CHTR,Charter Communications
2021-12-03,1053620687,CL,Colgate-Palmolive
2021-12-03,1053620687,CMCSA,Comcast
2021-12-03,1053620687,COF,Capital One
2021-12-03,1053620687,COP,ConocoPhillips
2021-12-03,1053620687,COST,Costco
2021-12-03,1053620687,CRM,Salesforce
2021-12-03,1053620687,CSCO,Cisco Systems
2021-12-03,1053620687,CVS,CVS Health
2021-12-03,1053620687,CVX,Chevron
2021-12-03,1053620687,DD,DuPont
2021-12-03,1053620687,DHR,Danaher
2021-12-03,1053620687,DIS,Disney
2021-12-03,1053620687,DOW,Dow
2021-12-03,1053620687,DUK,Duke Energy
2021-12-03,1053620687,EMR,Emerson Electric
2021-12-03,1053620687,EXC,Exelon
2021-12-03,1053620687,F,Ford
2021-12-03,1053620687,FB,Meta Platforms
2021-12-03,1053620687,FDX,FedEx
2021-12-03,1053620687,GD,General Dynamics
2021-12-03,1053620687,GE,General Electric
2021-12-03,1053620687,GILD,Gilead Sciences
2021-12-03,1053620687,GM,General Motors
2021-12-03,1053620687,GOOG,Alphabet(Class C)
2021-12-03,1053620687,GOOGL,Alphabet(Class A)
2021-12-03,1053620687,GS,Goldman Sachs
2021-12-03,1053620687,HD,Home Depot
2021-12-03,1053620687,HON,Honeywell
2021-12-03,1053620687,IBM,IBM
2021-12-03,1053620687,INTC,Intel
2021-12-03,1053620687,JNJ,Johnson & Johnson
2021-12-03,1053620687,JPM,JPMorgan Chase
2021-12-03,1053620687,KHC,Kraft Heinz
2021-12-03,1053620687,KO,Coca-Cola
2021-12-03,1053620687,LIN,Linde
2021-12-03,1053620687,LLY,Eli Lilly
2021-12-03,1053620687,LMT,Lockheed Martin
2021-12-03,1053620687,LOW,Lowe's
2021-12-03,1053620687,MA,Mastercard
2021-12-03,1053620687,MCD,McDonald's
2021-12-03,1053620687,MDLZ,Mondelēz International
2021-12-03,1053620687,MDT,Medtronic
2021-12-03,1053620687,MET,MetLife
2021-12-03,1053620687,MMM,3M
2021-12-03,1053620687,MO,Altria
2021-12-03,1053620687,MRK,Merck
2021-12-03,1053620687,MS,Morgan Stanley
2021-12-03,1053620687,MSFT,Microsoft
2021-12-03,1053620687,NEE,NextEra Energy
2021-12-03,1053620687,NFLX,Netflix
2021-12-03,1053620687,NKE,Nike
2021-12-03,1053620687,NVDA,Nvidia
2021-12-03,1053620687,ORCL,Oracle
2021-12-03,1053620687,PEP,PepsiCo
2021-12-03,1053620687,PFE,Pfizer
2021-12-03,1053620687,PG,Procter & Gamble
2021-12-03,1053620687,PM,Philip Morris International
2021-12-03,1053620687,PYPL,PayPal
2021-12-03,1053620687,QCOM,Qualcomm
2021-12-03,1053620687,RTX,Raytheon Technologies
2021-12-03,1053620687,SBUX,Starbucks
2021-12-03,1053620687,SO,Southern Company
2021-12-03,1053620687,SPG,Simon Property Group
2021-12-03,1053620687,T,AT&T
2021-12-03,1053620687,TGT,Target
2021-12-03,1053620687,TMO,Thermo Fisher Scientific
2021-12-03,1053620687,TMUS,T-Mobile US
2021-12-03,1053620687,TSLA,Tesla
2021-12-03,1053620687,TXN,Texas Instruments
2021-12-03,1053620687,UNH,UnitedHealth
2021-12-03,1053620687,UNP,Union Pacific
2021-12-03,1053620687,UPS,United Parcel Service
2021-12-03,1053620687,USB,U.S. Bancorp
2021-12-03,1053620687,V,Visa
2021-12-03,1053620687,VZ,Verizon
2021-12-03,1053620687,WBA,Walgreens Boots Alliance
2021-12-03,1053620687,WFC,Wells Fargo
2021-12-03,1053620687,WMT,Walmart
2021-12-03,1053620687,XOM,ExxonMobil
2021-12-10,1053620687,AAPL,Apple
2021-12-10,1053620687,ABBV,AbbVie
2021-12-10,1053620687,ABT,Abbott Laboratories
2021-12-10,1053620687,ACN,Accenture
2021-12-10,1053620687,ADBE,Adobe
2021-12-10,1053620687,AIG,American International Group
2021-12-10,1053620687,AMGN,Amgen
2021-12-10,1053620687,AMT,American Tower
2021-12-10,1053620687,AMZN,Amazon.com
2021-12-10,1053620687,AVGO,Broadcom
2021-12-10,1053620687,AXP,American Express
2021-12-10,1053620687,BA,Boeing
2021-12-10,1053620687,BAC,Bank of America
2021-12-10,1053620687,BIIB,Biogen
2021-12-10,1053620687,BK,BNY Mellon
2021-12-10,1053620687,BKNG,Booking Holdings
2021-12-10,1053620687,BLK,BlackRock
2021-12-10,1053620687,BMY,Bristol Myers Squibb
2021-12-10,1053620687,C,Citigroup
2021-12-10,1053620687,CAT,Caterpillar
2021-12-10,1053620687,CHTR,Charter Communications
2021-12-10,1053620687,CL,Colgate-Palmolive
2021-12-10,1053620687,CMCSA,Comcast
2021-12-10,1053620687,COF,Capital One
2021-12-10,1053620687,COP,ConocoPhillips
2021-12-10,1053620687,COST,Costco
2021-12-10,1053620687,CRM,Salesforce
2021-12-10,1053620687,CSCO,Cisco Systems
2021-12-10,1053620687,CVS,CVS Health
2021-12-10,1053620687,CVX,Chevron
2021-12-10,1053620687,DD,DuPont
2021-12-10,1053620687,DHR,Danaher
2021-12-10,1053620687,DIS,Disney
2021-12-10,1053620687,DOW,Dow
2021-12-10,1053620687,DUK,Duke Energy
2021-12-10,1053620687,EMR,Emerson Electric
2021-12-10,1053620687,EXC,Exelon
2021-12-10,1053620687,F,Ford
2021-12-10,1053620687,FB,Meta Platforms
2021-12-10,1053620687,FDX,FedEx
2021-12-10,1053620687,GD,General Dynamics
2021-12-10,1053620687,GE,General Electric
2021-12-10,1053620687,GILD,Gilead Sciences
2021-12-10,1053620687,GM,General Motors
2021-12-10,1053620687,GOOG,Alphabet(Class C)
2021-12-10,1053620687,GOOGL,Alphabet(Class A)
2021-12-10,1053620687,GS,Goldman Sachs
2021-12-10,1053620687,HD,Home Depot
2021-12-10,1053620687,HON,Honeywell
2021-12-10,1053620687,IBM,IBM
2021-12-10,1053620687,INTC,Intel
2021-12-10,1053620687,JNJ,Johnson & Johnson
2021-12-10,1053620687,JPM,JPMorgan Chase
2021-12-10,1053620687,KHC,Kraft Heinz
2021-12-10,1053620687,KO,Coca-Cola
2021-12-10,1053620687,LIN,Linde
2021-12-10,1053620687,LLY,Eli Lilly
2021-12-10,1053620687,LMT,Lockheed Martin
2021-12-10,1053620687,LOW,Lowe's
2021-12-10,1053620687,MA,Mastercard
2021-12-10,1053620687,MCD,McDonald's
2021-12-10,1053620687,MDLZ,Mondelēz International
2021-12-10,1053620687,MDT,Medtronic
2021-12-10,1053620687,MET,MetLife
2021-12-10,1053620687,MMM,3M
2021-12-10,1053620687,MO,Altria
2021-12-10,1053620687,MRK,Merck
2021-12-10,1053620687,MS,Morgan Stanley
2021-12-10,1053620687,MSFT,Microsoft
2021-12-10,1053620687,NEE,NextEra Energy
2021-12-10,1053620687,NFLX,Netflix
2021-12-10,1053620687,NKE,Nike
2021-12-10,1053620687,NVDA,Nvidia
2021-12-10,1053620687,ORCL,Oracle
2021-12-10,1053620687,PEP,PepsiCo
2021-12-10,1053620687,PFE,Pfizer
2021-12-10,1053620687,PG,Procter & Gamble
2021-12-10,1053620687,PM,Philip Morris International
2021-12-10,1053620687,PYPL,PayPal
2021-12-10,1053620687,QCOM,Qualcomm
2021-12-10,1053620687,RTX,Raytheon Technologies
2021-12-10,1053620687,SBUX,Starbucks
2021-12-10,1053620687,SO,Southern Company
2021-12-10,1053620687,SPG,Simon Property Group
2021-12-10,1053620687,T,AT&T
2021-12-10,1053620687,TGT,Target
2021-12-10,1053620687,TMO,Thermo Fisher Scientific
2021-12-10,1053620687,TMUS,T-Mobile US
2021-12-10,1053620687,TSLA,Tesla
2021-12-10,1053620687,TXN,Texas Instruments
2021-12-10,1053620687,UNH,UnitedHealth
2021-12-10,1053620687,UNP,Union Pacific
2021-12-10,1053620687,UPS,United Parcel Service
2021-12-10,1053620687,USB,U.S. Bancorp
2021-12-10,1053620687,V,Visa
2021-12-10,1053620687,VZ,Verizon
2021-12-10,1053620687,WBA,Walgreens Boots Alliance
2021-12-10,1053620687,WFC,Wells Fargo
2021-12-10,1053620687,WMT,Walmart
2021-12-10,1053620687,XOM,ExxonMobil
2021-12-17,1053620687,AAPL,Apple
2021-12-17,1053620687,ABBV,AbbVie
2021-12-17,1053620687,ABT,Abbott Laboratories
2021-12-17,1053620687,ACN,Accenture
2021-12-17,1053620687,ADBE,Adobe
2021-12-17,1053620687,AIG,American International Group
2021-12-17,1053620687,AMGN,Amgen
2021-12-17,1053620687,AMT,American Tower
2021-12-17,1053620687,AMZN,Amazon.com
2021-12-17,1053620687,AVGO,Broadcom
2021-12-17,1053620687,AXP,American Express
2021-12-17,1053620687,BA,Boeing
2021-12-17,1053620687,BAC,Bank of America
2021-12-17,1053620687,BIIB,Biogen
2021-12-17,1053620687,BK,BNY Mellon
2021-12-17,1053620687,BKNG,Booking Holdings
2021-12-17,1053620687,BLK,BlackRock
2021-12-17,1053620687,BMY,Bristol Myers Squibb
2021-12-17,1053620687,C,Citigroup
2021-12-17,1053620687,CAT,Caterpillar
2021-12-17,1053620687,CHTR,Charter Communications
2021-12-17,1053620687,CL,Colgate-Palmolive
2021-12-17,1053620687,CMCSA,Comcast
2021-12-17,1053620687,COF,Capital One
2021-12-17,1053620687,COP,ConocoPhillips
2021-12-17,1053620687,COST,Costco
2021-12-17,1053620687,CRM,Salesforce
2021-12-17,1053620687,CSCO,Cisco Systems
2021-12-17,1053620687,CVS,CVS Health
2021-12-17,1053620687,CVX,Chevron
2021-12-17,1053620687,DD,DuPont
2021-12-17,1053620687,DHR,Danaher
2021-12-17,1053620687,DIS,Disney
2021-12-17,1053620687,DOW,Dow
2021-12-17,1053620687,DUK,Duke Energy
2021-12-17,1053620687,EMR,Emerson Electric
2021-12-17,1053620687,EXC,Exelon
2021-12-17,1053620687,F,Ford
2021-12-17,1053620687,FB,Meta Platforms
2021-12-17,1053620687,FDX,FedEx
2021-12-17,1053620687,GD,General Dynamics
2021-12-17,1053620687,GE,General Electric
2021-12-17,1053620687,GILD,Gilead Sciences
2021-12-17,1053620687,GM,General Motors
2021-12-17,1053620687,GOOG,Alphabet(Class C)
2021-12-17,1053620687,GOOGL,Alphabet(Class A)
2021-12-17,1053620687,GS,Goldman Sachs
2021-12-17,1053620687,HD,Home Depot
2021-12-17,1053620687,HON,Honeywell
2021-12-17,1053620687,IBM,IBM
2021-12-17,1053620687,INTC,Intel
2021-12-17,1053620687,JNJ,Johnson & Johnson
2021-12-17,1053620687,JPM,JPMorgan Chase
2021-12-17,1053620687,KHC,Kraft Heinz
2021-12-17,1053620687,KO,Coca-Cola
2021-12-17,1053620687,LIN,Linde
2021-12-17,1053620687,LLY,Eli Lilly
2021-12-17,1053620687,LMT,Lockheed Martin
2021-12-17,1053620687,LOW,Lowe's
2021-12-17,1053620687,MA,Mastercard
2021-12-17,1053620687,MCD,McDonald's
2021-12-17,1053620687,MDLZ,Mondelēz International
2021-12-17,1053620687,MDT,Medtronic
2021-12-17,1053620687,MET,MetLife
2021-12-17,1053620687,MMM,3M
2021-12-17,1053620687,MO,Altria
2021-12-17,1053620687,MRK,Merck
2021-12-17,1053620687,MS,Morgan Stanley
2021-12-17,1053620687,MSFT,Microsoft
2021-12-17,1053620687,NEE,NextEra Energy
2021-12-17,1053620687,NFLX,Netflix
2021-12-17,1053620687,NKE,Nike
2021-12-17,1053620687,NVDA,Nvidia
2021-12-17,1053620687,ORCL,Oracle
2021-12-17,1053620687,PEP,PepsiCo
2021-12-17,1053620687,PFE,Pfizer
2021-12-17,1053620687,PG,Procter & Gamble
2021-12-17,1053620687,PM,Philip Morris International
2021-12-17,1053620687,PYPL,PayPal
2021-12-17,1053620687,QCOM,Qualcomm
2021-12-17,1053620687,RTX,Raytheon Technologies
2021-12-17,1053620687,SBUX,Starbucks
2021-12-17,1053620687,SO,Southern Company
2021-12-17,1053620687,SPG,Simon Property Group
2021-12-17,1053620687,T,AT&T
2021-12-17,1053620687,TGT,Target
2021-12-17,1053620687,TMO,Thermo Fisher Scientific
2021-12-17,1053620687,TMUS,T-Mobile US
2021-12-17,1053620687,TSLA,Tesla
2021-12-17,1053620687,TXN,Texas Instruments
2021-12-17,1053620687,UNH,UnitedHealth
2021-12-17,1053620687,UNP,Union Pacific
2021-12-17,1053620687,UPS,United Parcel Service
2021-12-17,1053620687,USB,U.S. Bancorp
2021-12-17,1053620687,V,Visa
2021-12-17,1053620687,VZ,Verizon
2021-12-17,1053620687,WBA,Walgreens Boots Alliance
2021-12-17,1053620687,WFC,Wells Fargo
2021-12-17,1053620687,WMT,Walmart
2021-12-17,1053620687,XOM,ExxonMobil
2021-12-24,1053620687,AAPL,Apple
2021-12-24,1053620687,ABBV,AbbVie
2021-12-24,1053620687,ABT,Abbott Laboratories
2021-12-24,1053620687,ACN,Accenture
2021-12-24,1053620687,ADBE,Adobe
2021-12-24,1053620687,AIG,American International Group
2021-12-24,1053620687,AMGN,Amgen
2021-12-24,1053620687,AMT,American Tower
2021-12-24,1053620687,AMZN,Amazon.com
2021-12-24,1053620687,AVGO,Broadcom
2021-12-24,1053620687,AXP,American Express
2021-12-24,1053620687,BA,Boeing
2021-12-24,1053620687,BAC,Bank of America
2021-12-24,1053620687,BIIB,Biogen
2021-12-24,1053620687,BK,BNY Mellon
2021-12-24,1053620687,BKNG,Booking Holdings
2021-12-24,1053620687,BLK,BlackRock
2021-12-24,1053620687,BMY,Bristol Myers Squibb
2021-12-24,1053620687,C,Citigroup
2021-12-24,1053620687,CAT,Caterpillar
2021-12-24,1053620687,CHTR,Charter Communications
2021-12-24,1053620687,CL,Colgate-Palmolive
2021-12-24,1053620687,CMCSA,Comcast
2021-12-24,1053620687,COF,Capital One
2021-12-24,1053620687,COP,ConocoPhillips
2021-12-24,1053620687,COST,Costco
2021-12-24,1053620687,CRM,Salesforce
2021-12-24,1053620687,CSCO,Cisco Systems
2021-12-24,1053620687,CVS,CVS Health
2021-12-24,1053620687,CVX,Chevron
2021-12-24,1053620687,DD,DuPont
2021-12-24,1053620687,DHR,Danaher
2021-12-24,1053620687,DIS,Disney
2021-12-24,1053620687,DOW,Dow
2021-12-24,1053620687,DUK,Duke Energy
2021-12-24,1053620687,EMR,Emerson Electric
2021-12-24,1053620687,EXC,Exelon
2021-12-24,1053620687,F,Ford
2021-12-24,1053620687,FB,Meta Platforms
2021-12-24,1053620687,FDX,FedEx
2021-12-24,1053620687,GD,General Dynamics
2021-12-24,1053620687,GE,General Electric
2021-12-24,1053620687,GILD,Gilead Sciences
2021-12-24,1053620687,GM,General Motors
2021-12-24,1053620687,GOOG,Alphabet(Class C)
2021-12-24,1053620687,GOOGL,Alphabet(Class A)
2021-12-24,1053620687,GS,Goldman Sachs
2021-12-24,1053620687,HD,Home Depot
2021-12-24,1053620687,HON,Honeywell
2021-12-24,1053620687,IBM,IBM
2021-12-24,1053620687,INTC,Intel
2021-12-24,1053620687,JNJ,Johnson & Johnson
2021-12-24,1053620687,JPM,JPMorgan Chase
2021-12-24,1053620687,KHC,Kraft Heinz
2021-12-24,1053620687,KO,Coca-Cola
2021-12-24,1053620687,LIN,Linde
2021-12-24,1053620687,LLY,Eli Lilly
2021-12-24,1053620687,LMT,Lockheed Martin
2021-12-24,1053620687,LOW,Lowe's
2021-12-24,1053620687,MA,Mastercard
2021-12-24,1053620687,MCD,McDonald's
2021-12-24,1053620687,MDLZ,Mondelēz International
2021-12-24,1053620687,MDT,Medtronic
2021-12-24,1053620687,MET,MetLife
2021-12-24,1053620687,MMM,3M
2021-12-24,1053620687,MO,Altria
2021-12-24,1053620687,MRK,Merck
2021-12-24,1053620687,MS,Morgan Stanley
2021-12-24,1053620687,MSFT,Microsoft
2021-12-24,1053620687,NEE,NextEra Energy
2021-12-24,1053620687,NFLX,Netflix
2021-12-24,1053620687,NKE,Nike
2021-12-24,1053620687,NVDA,Nvidia
2021-12-24,1053620687,ORCL,Oracle
2021-12-24,1053620687,PEP,PepsiCo
2021-12-24,1053620687,PFE,Pfizer
2021-12-24,1053620687,PG,Procter & Gamble
2021-12-24,1053620687,PM,Philip Morris International
2021-12-24,1053620687,PYPL,PayPal
2021-12-24,1053620687,QCOM,Qualcomm
2021-12-24,1053620687,RTX,Raytheon Technologies
2021-12-24,1053620687,SBUX,Starbucks
2021-12-24,1053620687,SO,Southern Company
2021-12-24,1053620687,SPG,Simon Property Group
2021-12-24,1053620687,T,AT&T
2021-12-24,1053620687,TGT,Target
2021-12-24,1053620687,TMO,Thermo Fisher Scientific
2021-12-24,1053620687,TMUS,T-Mobile US
2021-12-24,1053620687,TSLA,Tesla
2021-12-24,1053620687,TXN,Texas Instruments
2021-12-24,1053620687,UNH,UnitedHealth
2021-12-24,1053620687,UNP,Union Pacific
2021-12-24,1053620687,UPS,United Parcel Service
2021-12-24,1053620687,USB,U.S. Bancorp
2021-12-24,1053620687,V,Visa
2021-12-24,1053620687,VZ,Verizon
2021-12-24,1053620687,WBA,Walgreens Boots Alliance
2021-12-24,1053620687,WFC,Wells Fargo
2021-12-24,1053620687,WMT,Walmart
2021-12-24,1053620687,XOM,ExxonMobil
2021-12-31,1053620687,AAPL,Apple
2021-12-31,1053620687,ABBV,AbbVie
2021-12-31,1053620687,ABT,Abbott Laboratories
2021-12-31,1053620687,ACN,Accenture
2021-12-31,1053620687,ADBE,Adobe
2021-12-31,1053620687,AIG,American International Group
2021-12-31,1053620687,AMGN,Amgen
2021-12-31,1053620687,AMT,American Tower
2021-12-31,1053620687,AMZN,Amazon.com
2021-12-31,1053620687,AVGO,Broadcom
2021-12-31,1053620687,AXP,American Express
2021-12-31,1053620687,BA,Boeing
2021-12-31,1053620687,BAC,Bank of America
2021-12-31,1053620687,BIIB,Biogen
2021-12-31,1053620687,BK,BNY Mellon
2021-12-31,1053620687,BKNG,Booking Holdings
2021-12-31,1053620687,BLK,BlackRock
2021-12-31,1053620687,BMY,Bristol Myers Squibb
2021-12-31,1053620687,C,Citigroup
2021-12-31,1053620687,CAT,Caterpillar
2021-12-31,1053620687,CHTR,Charter Communications
2021-12-31,1053620687,CL,Colgate-Palmolive
2021-12-31,1053620687,CMCSA,Comcast
2021-12-31,1053620687,COF,Capital One
2021-12-31,1053620687,COP,ConocoPhillips
2021-12-31,1053620687,COST,Costco
2021-12-31,1053620687,CRM,Salesforce
2021-12-31,1053620687,CSCO,Cisco Systems
2021-12-31,1053620687,CVS,CVS Health
2021-12-31,1053620687,CVX,Chevron
2021-12-31,1053620687,DD,DuPont
2021-12-31,1053620687,DHR,Danaher
2021-12-31,1053620687,DIS,Disney
2021-12-31,1053620687,DOW,Dow
2021-12-31,1053620687,DUK,Duke Energy
2021-12-31,1053620687,EMR,Emerson Electric
2021-12-31,1053620687,EXC,Exelon
2021-12-31,1053620687,F,Ford
2021-12-31,1053620687,FB,Meta Platforms
2021-12-31,1053620687,FDX,FedEx
2021-12-31,1053620687,GD,General Dynamics
2021-12-31,1053620687,GE,General Electric
2021-12-31,1053620687,GILD,Gilead Sciences
2021-12-31,1053620687,GM,General Motors
2021-12-31,1053620687,GOOG,Alphabet(Class C)
2021-12-31,1053620687,GOOGL,Alphabet(Class A)
2021-12-31,1053620687,GS,Goldman Sachs
2021-12-31,1053620687,HD,Home Depot
2021-12-31,1053620687,HON,Honeywell
2021-12-31,1053620687,IBM,IBM
2021-12-31,1053620687,INTC,Intel
2021-12-31,1053620687,JNJ,Johnson & Johnson
2021-12-31,1053620687,JPM,JPMorgan Chase
2021-12-31,1053620687,KHC,Kraft Heinz
2021-12-31,1053620687,KO,Coca-Cola
2021-12-31,1053620687,LIN,Linde
2021-12-31,1053620687,LLY,Eli Lilly
2021-12-31,1053620687,LMT,Lockheed Martin
2021-12-31,1053620687,LOW,Lowe's
2021-12-31,1053620687,MA,Mastercard
2021-12-31,1053620687,MCD,McDonald's
2021-12-31,1053620687,MDLZ,Mondelēz International
2021-12-31,1053620687,MDT,Medtronic
2021-12-31,1053620687,MET,MetLife
2021-12-31,1053620687,MMM,3M
2021-12-31,1053620687,MO,Altria
2021-12-31,1053620687,MRK,Merck
2021-12-31,1053620687,MS,Morgan Stanley
2021-12-31,1053620687,MSFT,Microsoft
2021-12-31,1053620687,NEE,NextEra Energy
2021-12-31,1053620687,NFLX,Netflix
2021-12-31,1053620687,NKE,Nike
2021-12-31,1053620687,NVDA,Nvidia
2021-12-31,1053620687,ORCL,Oracle
2021-12-31,1053620687,PEP,PepsiCo
2021-12-31,1053620687,PFE,Pfizer
2021-12-31,1053620687,PG,Procter & Gamble
2021-12-31,1053620687,PM,Philip Morris International
2021-12-31,1053620687,PYPL,PayPal
2021-12-31,1053620687,QCOM,Qualcomm
2021-12-31,1053620687,RTX,Raytheon Technologies
2021-12-31,1053620687,SBUX,Starbucks
2021-12-31,1053620687,SO,Southern Company
2021-12-31,1053620687,SPG,Simon Property Group
2021-12-31,1053620687,T,AT&T
2021-12-31,1053620687,TGT,Target
2021-12-31,1053620687,TMO,Thermo Fisher Scientific
2021-12-31,1053620687,TMUS,T-Mobile US
2021-12-31,1053620687,TSLA,Tesla
2021-12-31,1053620687,TXN,Texas Instruments
2021-12-31,1053620687,UNH,UnitedHealth
2021-12-31,1053620687,UNP,Union Pacific
2021-12-31,1053620687,UPS,United Parcel Service
2021-12-31,1053620687,USB,U.S. Bancorp
2021-12-31,1053620687,V,Visa
2021-12-31,1053620687,VZ,Verizon
2021-12-31,1053620687,WBA,Walgreens Boots Alliance
2021-12-31,1053620687,WFC,Wells Fargo
2021-12-31,1053620687,WMT,Walmart
2021-12-31,1053620687,XOM,ExxonMobil
2022-01-07,1064144704,AAPL,Apple
2022-01-07,1064144704,ABBV,AbbVie
2022-01-07,1064144704,ABT,Abbott Laboratories
2022-01-07,1064144704,ACN,Accenture
2022-01-07,1064144704,ADBE,Adobe
2022-01-07,1064144704,AIG,AIG
2022-01-07,1064144704,AMGN,Amgen
2022-01-07,1064144704,AMT,American Tower
2022-01-07,1064144704,AMZN,Amazon.com
2022-01-07,1064144704,AVGO,Broadcom
2022-01-07,1064144704,AXP,American Express
2022-01-07,1064144704,BA,Boeing
2022-01-07,1064144704,BAC,Bank of America
2022-01-07,1064144704,BIIB,Biogen
2022-01-07,1064144704,BK,BNY Mellon
2022-01-07,1064144704,BKNG,Booking Holdings
2022-01-07,1064144704,BLK,BlackRock
2022-01-07,1064144704,BMY,Bristol Myers Squibb
2022-01-07,1064144704,C,Citigroup
2022-01-07,1064144704,CAT,Caterpillar
2022-01-07,1064144704,CHTR,Charter Communications
2022-01-07,1064144704,CL,Colgate-Palmolive
2022-01-07,1064144704,CMCSA,Comcast
2022-01-07,1064144704,COF,Capital One
2022-01-07,1064144704,COP,ConocoPhillips
2022-01-07,1064144704,COST,Costco
2022-01-07,1064144704,CRM,Salesforce
2022-01-07,1064144704,CSCO,Cisco Systems
2022-01-07,1064144704,CVS,CVS Health
2022-01-07,1064144704,CVX,Chevron
2022-01-07,1064144704,DD,DuPont
2022-01-07,1064144704,DHR,Danaher
2022-01-07,1064144704,DIS,Disney
2022-01-07,1064144704,DOW,Dow
2022-01-07,1064144704,DUK,Duke Energy
2022-01-07,1064144704,EMR,Emerson Electric
2022-01-07,1064144704,EXC,Exelon
2022-01-07,1064144704,F,Ford
2022-01-07,1064144704,FB,Meta Platforms
2022-01-07,1064144704,FDX,FedEx
2022-01-07,1064144704,GD,General Dynamics
2022-01-07,1064144704,GE,General Electric
2022-01-07,1064144704,GILD,Gilead Sciences
2022-01-07,1064144704,GM,General Motors
2022-01-07,1064144704,GOOG,Alphabet(Class C)
2022-01-07,1064144704,GOOGL,Alphabet (Class A)
2022-01-07,1064144704,GS,Goldman Sachs
2022-01-07,1064144704,HD,Home Depot
2022-01-07,1064144704,HON,Honeywell
2022-01-07,1064144704,IBM,IBM
2022-01-07,1064144704,INTC,Intel
2022-01-07,1064144704,JNJ,Johnson & Johnson
2022-01-07,1064144704,JPM,JPMorgan Chase
2022-01-07,1064144704,KHC,Kraft Heinz
2022-01-07,1064144704,KO,Coca-Cola
2022-01-07,1064144704,LIN,Linde
2022-01-07,1064144704,LLY,Eli Lilly
2022-01-07,1064144704,LMT,Lockheed Martin
2022-01-07,1064144704,LOW,Lowe's
2022-01-07,1064144704,MA,Mastercard
2022-01-07,1064144704,MCD,McDonald's
2022-01-07,1064144704,MDLZ,Mondelēz International
2022-01-07,1064144704,MDT,Medtronic
2022-01-07,1064144704,MET,MetLife
2022-01-07,1064144704,MMM,3M
2022-01-07,1064144704,MO,Altria
2022-01-07,1064144704,MRK,Merck
2022-01-07,1064144704,MS,Morgan Stanley
2022-01-07,1064144704,MSFT,Microsoft
2022-01-07,1064144704,NEE,NextEra Energy
2022-01-07,1064144704,NFLX,Netflix
2022-01-07,1064144704,NKE,Nike
2022-01-07,1064144704,NVDA,Nvidia
2022-01-07,1064144704,ORCL,Oracle
2022-01-07,1064144704,PEP,PepsiCo
2022-01-07,1064144704,PFE,Pfizer
2022-01-07,1064144704,PG,Procter & Gamble
2022-01-07,1064144704,PM,Philip Morris International
2022-01-07,1064144704,PYPL,PayPal
2022-01-07,1064144704,QCOM,Qualcomm
2022-01-07,1064144704,RTX,Raytheon Technologies
2022-01-07,1064144704,SBUX,Starbucks
2022-01-07,1064144704,SO,Southern Company
2022-01-07,1064144704,SPG,Simon Property Group
2022-01-07,1064144704,T,AT&T
2022-01-07,1064144704,TGT,Target
2022-01-07,1064144704,TMO,Thermo Fisher Scientific
2022-01-07,1064144704,TMUS,T-Mobile US
2022-01-07,1064144704,TSLA,Tesla
2022-01-07,1064144704,TXN,Texas Instruments
2022-01-07,1064144704,UNH,UnitedHealth
2022-01-07,1064144704,UNP,Union Pacific
2022-01-07,1064144704,UPS,United Parcel Service
2022-01-07,1064144704,USB,U.S. Bancorp
2022-01-07,1064144704,V,Visa
2022-01-07,1064144704,VZ,Verizon
2022-01-07,1064144704,WBA,Walgreens Boots Alliance
2022-01-07,1064144704,WFC,Wells Fargo
2022-01-07,1064144704,WMT,Walmart
2022-01-07,1064144704,XOM,ExxonMobil
2022-01-14,1064951014,AAPL,Apple
2022-01-14,1064951014,ABBV,AbbVie
2022-01-14,1064951014,ABT,Abbott
2022-01-14,1064951014,ACN,Accenture
2022-01-14,1064951014,ADBE,Adobe
2022-01-14,1064951014,AIG,AIG
2022-01-14,1064951014,AMGN,Amgen
2022-01-14,1064951014,AMT,American Tower
2022-01-14,1064951014,AMZN,Amazon
2022-01-14,1064951014,AVGO,Broadcom
2022-01-14,1064951014,AXP,American Express
2022-01-14,1064951014,BA,Boeing
2022-01-14,1064951014,BAC,Bank of America
2022-01-14,1064951014,BIIB,Biogen
2022-01-14,1064951014,BK,BNY Mellon
2022-01-14,1064951014,BKNG,Booking Holdings
2022-01-14,1064951014,BLK,BlackRock
2022-01-14,1064951014,BMY,Bristol Myers Squibb
2022-01-14,1064951014,C,Citigroup
2022-01-14,1064951014,CAT,Caterpillar
2022-01-14,1064951014,CHTR,Charter Communications
2022-01-14,1064951014,CL,Colgate-Palmolive
2022-01-14,1064951014,CMCSA,Comcast
2022-01-14,1064951014,COF,Capital One
2022-01-14,1064951014,COP,ConocoPhillips
2022-01-14,1064951014,COST,Costco
2022-01-14,1064951014,CRM,Salesforce
2022-01-14,1064951014,CSCO,Cisco
2022-01-14,1064951014,CVS,CVS Health
2022-01-14,1064951014,CVX,Chevron
2022-01-14,1064951014,DD,DuPont
2022-01-14,1064951014,DHR,Danaher
2022-01-14,1064951014,DIS,Disney
2022-01-14,1064951014,DOW,Dow
2022-01-14,1064951014,DUK,Duke Energy
2022-01-14,1064951014,EMR,Emerson
2022-01-14,1064951014,EXC,Exelon
2022-01-14,1064951014,F,Ford
2022-01-14,1064951014,FB,Meta Platforms
2022-01-14,1064951014,FDX,FedEx
2022-01-14,1064951014,GD,General Dynamics
2022-01-14,1064951014,GE,GE
2022-01-14,1064951014,GILD,Gilead
2022-01-14,1064951014,GM,GM
2022-01-14,1064951014,GOOG,Alphabet(Class C)
2022-01-14,1064951014,GOOGL,Alphabet (Class A)
2022-01-14,1064951014,GS,Goldman Sachs
2022-01-14,1064951014,HD,Home Depot
2022-01-14,1064951014,HON,Honeywell
2022-01-14,1064951014,IBM,IBM
2022-01-14,1064951014,INTC,Intel
2022-01-14,1064951014,JNJ,Johnson & Johnson
2022-01-14,1064951014,JPM,JPMorgan Chase
2022-01-14,1064951014,KHC,Kraft Heinz
2022-01-14,1064951014,KO,Coca-Cola
2022-01-14,1064951014,LIN,Linde
2022-01-14,1064951014,LLY,Eli Lilly
2022-01-14,1064951014,LMT,Lockheed Martin
2022-01-14,1064951014,LOW,Lowe's
2022-01-14,1064951014,MA,Mastercard
2022-01-14,1064951014,MCD,McDonald's
2022-01-14,1064951014,MDLZ,Mondelēz International
2022-01-14,1064951014,MDT,Medtronic
2022-01-14,1064951014,MET,MetLife
2022-01-14,1064951014,MMM,3M
2022-01-14,1064951014,MO,Altria
2022-01-14,1064951014,MRK,Merck
2022-01-14,1064951014,MS,Morgan Stanley
2022-01-14,1064951014,MSFT,Microsoft
2022-01-14,1064951014,NEE,NextEra Energy
2022-01-14,1064951014,NFLX,Netflix
2022-01-14,1064951014,NKE,Nike
2022-01-14,1064951014,NVDA,Nvidia
2022-01-14,1064951014,ORCL,Oracle
2022-01-14,1064951014,PEP,PepsiCo
2022-01-14,1064951014,PFE,Pfizer
2022-01-14,1064951014,PG,Procter & Gamble
2022-01-14,1064951014,PM,Philip Morris International
2022-01-14,1064951014,PYPL,PayPal
2022-01-14,1064951014,QCOM,Qualcomm
2022-01-14,1064951014,RTX,Raytheon Technologies
2022-01-14,1064951014,SBUX,Starbucks
2022-01-14,1064951014,SO,Southern Company
2022-01-14,1064951014,SPG,Simon
2022-01-14,1064951014,T,AT&T
2022-01-14,1064951014,TGT,Target
2022-01-14,1064951014,TMO,Thermo Fisher Scientific
2022-01-14,1064951014,TMUS,T-Mobile
2022-01-14,1064951014,TSLA,Tesla
2022-01-14,1064951014,TXN,Texas Instruments
2022-01-14,1064951014,UNH,UnitedHealth
2022-01-14,1064951014,UNP,Union Pacific
2022-01-14,1064951014,UPS,United Parcel Service
2022-01-14,1064951014,USB,U.S. Bancorp
2022-01-14,1064951014,V,Visa
2022-01-14,1064951014,VZ,Verizon
2022-01-14,1064951014,WBA,Walgreens Boots Alliance
2022-01-14,1064951014,WFC,Wells Fargo
2022-01-14,1064951014,WMT,Walmart
2022-01-14,1064951014,XOM,ExxonMobil
2022-01-21,1064951014,AAPL,Apple
2022-01-21,1064951014,ABBV,AbbVie
2022-01-21,1064951014,ABT,Abbott
2022-01-21,1064951014,ACN,Accenture
2022-01-21,1064951014,ADBE,Adobe
2022-01-21,1064951014,AIG,AIG
2022-01-21,1064951014,AMGN,Amgen
2022-01-21,1064951014,AMT,American Tower
2022-01-21,1064951014,AMZN,Amazon
2022-01-21,1064951014,AVGO,Broadcom
2022-01-21,1064951014,AXP,American Express
2022-01-21,1064951014,BA,Boeing
2022-01-21,1064951014,BAC,Bank of America
2022-01-21,1064951014,BIIB,Biogen
2022-01-21,1064951014,BK,BNY Mellon
2022-01-21,1064951014,BKNG,Booking Holdings
2022-01-21,1064951014,BLK,BlackRock
2022-01-21,1064951014,BMY,Bristol Myers Squibb
2022-01-21,1064951014,C,Citigroup
2022-01-21,1064951014,CAT,Caterpillar
2022-01-21,1064951014,CHTR,Charter Communications
2022-01-21,1064951014,CL,Colgate-Palmolive
2022-01-21,1064951014,CMCSA,Comcast
2022-01-21,1064951014,COF,Capital One
2022-01-21,1064951014,COP,ConocoPhillips
2022-01-21,1064951014,COST,Costco
2022-01-21,1064951014,CRM,Salesforce
2022-01-21,1064951014,CSCO,Cisco
2022-01-21,1064951014,CVS,CVS Health
2022-01-21,1064951014,CVX,Chevron
2022-01-21,1064951014,DD,DuPont
2022-01-21,1064951014,DHR,Danaher
2022-01-21,1064951014,DIS,Disney
2022-01-21,1064951014,DOW,Dow
2022-01-21,1064951014,DUK,Duke Energy
2022-01-21,1064951014,EMR,Emerson
2022-01-21,1064951014,EXC,Exelon
2022-01-21,1064951014,F,Ford
2022-01-21,1064951014,FB,Meta Platforms
2022-01-21,1064951014,FDX,FedEx
2022-01-21,1064951014,GD,General Dynamics
2022-01-21,1064951014,GE,GE
2022-01-21,1064951014,GILD,Gilead
2022-01-21,1064951014,GM,GM
2022-01-21,1064951014,GOOG,Alphabet(Class C)
2022-01-21,1064951014,GOOGL,Alphabet (Class A)
2022-01-21,1064951014,GS,Goldman Sachs
2022-01-21,1064951014,HD,Home Depot
2022-01-21,1064951014,HON,Honeywell
2022-01-21,1064951014,IBM,IBM
2022-01-21,1064951014,INTC,Intel
2022-01-21,1064951014,JNJ,Johnson & Johnson
2022-01-21,1064951014,JPM,JPMorgan Chase
2022-01-21,1064951014,KHC,Kraft Heinz
2022-01-21,1064951014,KO,Coca-Cola
2022-01-21,1064951014,LIN,Linde
2022-01-21,1064951014,LLY,Eli Lilly
2022-01-21,1064951014,LMT,Lockheed Martin
2022-01-21,1064951014,LOW,Lowe's
2022-01-21,1064951014,MA,Mastercard
2022-01-21,1064951014,MCD,McDonald's
2022-01-21,1064951014,MDLZ,Mondelēz International
2022-01-21,1064951014,MDT,Medtronic
2022-01-21,1064951014,MET,MetLife
2022-01-21,1064951014,MMM,3M
2022-01-21,1064951014,MO,Altria
2022-01-21,1064951014,MRK,Merck
2022-01-21,1064951014,MS,Morgan Stanley
2022-01-21,1064951014,MSFT,Microsoft
2022-01-21,1064951014,NEE,NextEra Energy
2022-01-21,1064951014,NFLX,Netflix
2022-01-21,1064951014,NKE,Nike
2022-01-21,1064951014,NVDA,Nvidia
2022-01-21,1064951014,ORCL,Oracle
2022-01-21,1064951014,PEP,PepsiCo
2022-01-21,1064951014,PFE,Pfizer
2022-01-21,1064951014,PG,Procter & Gamble
2022-01-21,1064951014,PM,Philip Morris International
2022-01-21,1064951014,PYPL,PayPal
2022-01-21,1064951014,QCOM,Qualcomm
2022-01-21,1064951014,RTX,Raytheon Technologies
2022-01-21,1064951014,SBUX,Starbucks
2022-01-21,1064951014,SO,Southern Company
2022-01-21,1064951014,SPG,Simon
2022-01-21,1064951014,T,AT&T
2022-01-21,1064951014,TGT,Target
2022-01-21,1064951014,TMO,Thermo Fisher Scientific
2022-01-21,1064951014,TMUS,T-Mobile
2022-01-21,1064951014,TSLA,Tesla
2022-01-21,1064951014,TXN,Texas Instruments
2022-01-21,1064951014,UNH,UnitedHealth
2022-01-21,1064951014,UNP,Union Pacific
2022-01-21,1064951014,UPS,United Parcel Service
2022-01-21,1064951014,USB,U.S. Bancorp
2022-01-21,1064951014,V,Visa
2022-01-21,1064951014,VZ,Verizon
2022-01-21,1064951014,WBA,Walgreens Boots Alliance
2022-01-21,1064951014,WFC,Wells Fargo
2022-01-21,1064951014,WMT,Walmart
2022-01-21,1064951014,XOM,ExxonMobil
2022-01-28,1064951014,AAPL,Apple
2022-01-28,1064951014,ABBV,AbbVie
2022-01-28,1064951014,ABT,Abbott
2022-01-28,1064951014,ACN,Accenture
2022-01-28,1064951014,ADBE,Adobe
2022-01-28,1064951014,AIG,AIG
2022-01-28,1064951014,AMGN,Amgen
2022-01-28,1064951014,AMT,American Tower
2022-01-28,1064951014,AMZN,Amazon
2022-01-28,1064951014,AVGO,Broadcom
2022-01-28,1064951014,AXP,American Express
2022-01-28,1064951014,BA,Boeing
2022-01-28,1064951014,BAC,Bank of America
2022-01-28,1064951014,BIIB,Biogen
2022-01-28,1064951014,BK,BNY Mellon
2022-01-28,1064951014,BKNG,Booking Holdings
2022-01-28,1064951014,BLK,BlackRock
2022-01-28,1064951014,BMY,Bristol Myers Squibb
2022-01-28,1064951014,C,Citigroup
2022-01-28,1064951014,CAT,Caterpillar
2022-01-28,1064951014,CHTR,Charter Communications
2022-01-28,1064951014,CL,Colgate-Palmolive
2022-01-28,1064951014,CMCSA,Comcast
2022-01-28,1064951014,COF,Capital One
2022-01-28,1064951014,COP,ConocoPhillips
2022-01-28,1064951014,COST,Costco
2022-01-28,1064951014,CRM,Salesforce
2022-01-28,1064951014,CSCO,Cisco
2022-01-28,1064951014,CVS,CVS Health
2022-01-28,1064951014,CVX,Chevron
2022-01-28,1064951014,DD,DuPont
2022-01-28,1064951014,DHR,Danaher
2022-01-28,1064951014,DIS,Disney
2022-01-28,1064951014,DOW,Dow
2022-01-28,1064951014,DUK,Duke Energy
2022-01-28,1064951014,EMR,Emerson
2022-01-28,1064951014,EXC,Exelon
2022-01-28,1064951014,F,Ford
2022-01-28,1064951014,FB,Meta Platforms
2022-01-28,1064951014,FDX,FedEx
2022-01-28,1064951014,GD,General Dynamics
2022-01-28,1064951014,GE,GE
2022-01-28,1064951014,GILD,Gilead
2022-01-28,1064951014,GM,GM
2022-01-28,1064951014,GOOG,Alphabet(Class C)
2022-01-28,1064951014,GOOGL,Alphabet (Class A)
2022-01-28,1064951014,GS,Goldman Sachs
2022-01-28,1064951014,HD,Home Depot
2022-01-28,1064951014,HON,Honeywell
2022-01-28,1064951014,IBM,IBM
2022-01-28,1064951014,INTC,Intel
2022-01-28,1064951014,JNJ,Johnson & Johnson
2022-01-28,1064951014,JPM,JPMorgan Chase
2022-01-28,1064951014,KHC,Kraft Heinz
2022-01-28,1064951014,KO,Coca-Cola
2022-01-28,1064951014,LIN,Linde
2022-01-28,1064951014,LLY,Eli Lilly
2022-01-28,1064951014,LMT,Lockheed Martin
2022-01-28,1064951014,LOW,Lowe's
2022-01-28,1064951014,MA,Mastercard
2022-01-28,1064951014,MCD,McDonald's
2022-01-28,1064951014,MDLZ,Mondelēz International
2022-01-28,1064951014,MDT,Medtronic
2022-01-28,1064951014,MET,MetLife
2022-01-28,1064951014,MMM,3M
2022-01-28,1064951014,MO,Altria
2022-01-28,1064951014,MRK,Merck
2022-01-28,1064951014,MS,Morgan Stanley
2022-01-28,1064951014,MSFT,Microsoft
2022-01-28,1064951014,NEE,NextEra Energy
2022-01-28,1064951014,NFLX,Netflix
2022-01-28,1064951014,NKE,Nike
2022-01-28,1064951014,NVDA,Nvidia
2022-01-28,1064951014,ORCL,Oracle
2022-01-28,1064951014,PEP,PepsiCo
2022-01-28,1064951014,PFE,Pfizer
2022-01-28,1064951014,PG,Procter & Gamble
2022-01-28,1064951014,PM,Philip Morris International
2022-01-28,1064951014,PYPL,PayPal
2022-01-28,1064951014,QCOM,Qualcomm
2022-01-28,1064951014,RTX,Raytheon Technologies
2022-01-28,1064951014,SBUX,Starbucks
2022-01-28,1064951014,SO,Southern Company
2022-01-28,1064951014,SPG,Simon
2022-01-28,1064951014,T,AT&T
2022-01-28,1064951014,TGT,Target
2022-01-28,1064951014,TMO,Thermo Fisher Scientific
2022-01-28,1064951014,TMUS,T-Mobile
2022-01-28,1064951014,TSLA,Tesla
2022-01-28,1064951014,TXN,Texas Instruments
2022-01-28,1064951014,UNH,UnitedHealth
2022-01-28,1064951014,UNP,Union Pacific
2022-01-28,1064951014,UPS,United Parcel Service
2022-01-28,1064951014,USB,U.S. Bancorp
2022-01-28,1064951014,V,Visa
2022-01-28,1064951014,VZ,Verizon
2022-01-28,1064951014,WBA,Walgreens Boots Alliance
2022-01-28,1064951014,WFC,Wells Fargo
2022-01-28,1064951014,WMT,Walmart
2022-01-28,1064951014,XOM,ExxonMobil
2022-02-04,1064951014,AAPL,Apple
2022-02-04,1064951014,ABBV,AbbVie
2022-02-04,1064951014,ABT,Abbott
2022-02-04,1064951014,ACN,Accenture
2022-02-04,1064951014,ADBE,Adobe
2022-02-04,1064951014,AIG,AIG
2022-02-04,1064951014,AMGN,Amgen
2022-02-04,1064951014,AMT,American Tower
2022-02-04,1064951014,AMZN,Amazon
2022-02-04,1064951014,AVGO,Broadcom
2022-02-04,1064951014,AXP,American Express
2022-02-04,1064951014,BA,Boeing
2022-02-04,1064951014,BAC,Bank of America
2022-02-04,1064951014,BIIB,Biogen
2022-02-04,1064951014,BK,BNY Mellon
2022-02-04,1064951014,BKNG,Booking Holdings
2022-02-04,1064951014,BLK,BlackRock
2022-02-04,1064951014,BMY,Bristol Myers Squibb
2022-02-04,1064951014,C,Citigroup
2022-02-04,1064951014,CAT,Caterpillar
2022-02-04,1064951014,CHTR,Charter Communications
2022-02-04,1064951014,CL,Colgate-Palmolive
2022-02-04,1064951014,CMCSA,Comcast
2022-02-04,1064951014,COF,Capital One
2022-02-04,1064951014,COP,ConocoPhillips
2022-02-04,1064951014,COST,Costco
2022-02-04,1064951014,CRM,Salesforce
2022-02-04,1064951014,CSCO,Cisco
2022-02-04,1064951014,CVS,CVS Health
2022-02-04,1064951014,CVX,Chevron
2022-02-04,1064951014,DD,DuPont
2022-02-04,1064951014,DHR,Danaher
2022-02-04,1064951014,DIS,Disney
2022-02-04,1064951014,DOW,Dow
2022-02-04,1064951014,DUK,Duke Energy
2022-02-04,1064951014,EMR,Emerson
2022-02-04,1064951014,EXC,Exelon
2022-02-04,1064951014,F,Ford
2022-02-04,1064951014,FB,Meta Platforms
2022-02-04,1064951014,FDX,FedEx
2022-02-04,1064951014,GD,General Dynamics
2022-02-04,1064951014,GE,GE
2022-02-04,1064951014,GILD,Gilead
2022-02-04,1064951014,GM,GM
2022-02-04,1064951014,GOOG,Alphabet(Class C)
2022-02-04,1064951014,GOOGL,Alphabet (Class A)
2022-02-04,1064951014,GS,Goldman Sachs
2022-02-04,1064951014,HD,Home Depot
2022-02-04,1064951014,HON,Honeywell
2022-02-04,1064951014,IBM,IBM
2022-02-04,1064951014,INTC,Intel
2022-02-04,1064951014,JNJ,Johnson & Johnson
2022-02-04,1064951014,JPM,JPMorgan Chase
2022-02-04,1064951014,KHC,Kraft Heinz
2022-02-04,1064951014,KO,Coca-Cola
2022-02-04,1064951014,LIN,Linde
2022-02-04,1064951014,LLY,Eli Lilly
2022-02-04,1064951014,LMT,Lockheed Martin
2022-02-04,1064951014,LOW,Lowe's
2022-02-04,1064951014,MA,Mastercard
2022-02-04,1064951014,MCD,McDonald's
2022-02-04,1064951014,MDLZ,Mondelēz International
2022-02-04,1064951014,MDT,Medtronic
2022-02-04,1064951014,MET,MetLife
2022-02-04,1064951014,MMM,3M
2022-02-04,1064951014,MO,Altria
2022-02-04,1064951014,MRK,Merck
2022-02-04,1064951014,MS,Morgan Stanley
2022-02-04,1064951014,MSFT,Microsoft
2022-02-04,1064951014,NEE,NextEra Energy
2022-02-04,1064951014,NFLX,Netflix
2022-02-04,1064951014,NKE,Nike
2022-02-04,1064951014,NVDA,Nvidia
2022-02-04,1064951014,ORCL,Oracle
2022-02-04,1064951014,PEP,PepsiCo
2022-02-04,1064951014,PFE,Pfizer
2022-02-04,1064951014,PG,Procter & Gamble
2022-02-04,1064951014,PM,Philip Morris International
2022-02-04,1064951014,PYPL,PayPal
2022-02-04,1064951014,QCOM,Qualcomm
2022-02-04,1064951014,RTX,Raytheon Technologies
2022-02-04,1064951014,SBUX,Starbucks
2022-02-04,1064951014,SO,Southern Company
2022-02-04,1064951014,SPG,Simon
2022-02-04,1064951014,T,AT&T
2022-02-04,1064951014,TGT,Target
2022-02-04,1064951014,TMO,Thermo Fisher Scientific
2022-02-04,1064951014,TMUS,T-Mobile
2022-02-04,1064951014,TSLA,Tesla
2022-02-04,1064951014,TXN,Texas Instruments
2022-02-04,1064951014,UNH,UnitedHealth
2022-02-04,1064951014,UNP,Union Pacific
2022-02-04,1064951014,UPS,United Parcel Service
2022-02-04,1064951014,USB,U.S. Bancorp
2022-02-04,1064951014,V,Visa
2022-02-04,1064951014,VZ,Verizon
2022-02-04,1064951014,WBA,Walgreens Boots Alliance
2022-02-04,1064951014,WFC,Wells Fargo
2022-02-04,1064951014,WMT,Walmart
2022-02-04,1064951014,XOM,ExxonMobil
2022-02-11,1069986818,AAPL,Apple
2022-02-11,1069986818,ABBV,AbbVie
2022-02-11,1069986818,ABT,Abbott
2022-02-11,1069986818,ACN,Accenture
2022-02-11,1069986818,ADBE,Adobe
2022-02-11,1069986818,AIG,AIG
2022-02-11,1069986818,AMGN,Amgen
2022-02-11,1069986818,AMT,American Tower
2022-02-11,1069986818,AMZN,Amazon
2022-02-11,1069986818,AVGO,Broadcom
2022-02-11,1069986818,AXP,American Express
2022-02-11,1069986818,BA,Boeing
2022-02-11,1069986818,BAC,Bank of America
2022-02-11,1069986818,BIIB,Biogen
2022-02-11,1069986818,BK,BNY Mellon
2022-02-11,1069986818,BKNG,Booking Holdings
2022-02-11,1069986818,BLK,BlackRock
2022-02-11,1069986818,BMY,Bristol Myers Squibb
2022-02-11,1069986818,C,Citigroup
2022-02-11,1069986818,CAT,Caterpillar
2022-02-11,1069986818,CHTR,Charter Communications
2022-02-11,1069986818,CL,Colgate-Palmolive
2022-02-11,1069986818,CMCSA,Comcast
2022-02-11,1069986818,COF,Capital One
2022-02-11,1069986818,COP,ConocoPhillips
2022-02-11,1069986818,COST,Costco
2022-02-11,1069986818,CRM,Salesforce
2022-02-11,1069986818,CSCO,Cisco
2022-02-11,1069986818,CVS,CVS Health
2022-02-11,1069986818,CVX,Chevron
2022-02-11,1069986818,DD,DuPont
2022-02-11,1069986818,DHR,Danaher
2022-02-11,1069986818,DIS,Disney
2022-02-11,1069986818,DOW,Dow
2022-02-11,1069986818,DUK,Duke Energy
2022-02-11,1069986818,EMR,Emerson
2022-02-11,1069986818,EXC,Exelon
2022-02-11,1069986818,F,Ford
2022-02-11,1069986818,FB,Meta
2022-02-11,1069986818,FDX,FedEx
2022-02-11,1069986818,GD,General Dynamics
2022-02-11,1069986818,GE,GE
2022-02-11,1069986818,GILD,Gilead
2022-02-11,1069986818,GM,GM
2022-02-11,1069986818,GOOG,Alphabet(Class C)
2022-02-11,1069986818,GOOGL,Alphabet (Class A)
2022-02-11,1069986818,GS,Goldman Sachs
2022-02-11,1069986818,HD,Home Depot
2022-02-11,1069986818,HON,Honeywell
2022-02-11,1069986818,IBM,IBM
2022-02-11,1069986818,INTC,Intel
2022-02-11,1069986818,JNJ,Johnson & Johnson
2022-02-11,1069986818,JPM,JPMorgan Chase
2022-02-11,1069986818,KHC,Kraft Heinz
2022-02-11,1069986818,KO,Coca-Cola
2022-02-11,1069986818,LIN,Linde
2022-02-11,1069986818,LLY,Lilly
2022-02-11,1069986818,LMT,Lockheed Martin
2022-02-11,1069986818,LOW,Lowe's
2022-02-11,1069986818,MA,Mastercard
2022-02-11,1069986818,MCD,McDonald's
2022-02-11,1069986818,MDLZ,Mondelēz International
2022-02-11,1069986818,MDT,Medtronic
2022-02-11,1069986818,MET,MetLife
2022-02-11,1069986818,MMM,3M
2022-02-11,1069986818,MO,Altria
2022-02-11,1069986818,MRK,Merck
2022-02-11,1069986818,MS,Morgan Stanley
2022-02-11,1069986818,MSFT,Microsoft
2022-02-11,1069986818,NEE,NextEra Energy
2022-02-11,1069986818,NFLX,Netflix
2022-02-11,1069986818,NKE,Nike
2022-02-11,1069986818,NVDA,Nvidia
2022-02-11,1069986818,ORCL,Oracle
2022-02-11,1069986818,PEP,PepsiCo
2022-02-11,1069986818,PFE,Pfizer
2022-02-11,1069986818,PG,Procter & Gamble
2022-02-11,1069986818,PM,Philip Morris International
2022-02-11,1069986818,PYPL,PayPal
2022-02-11,1069986818,QCOM,Qualcomm
2022-02-11,1069986818,RTX,Raytheon Technologies
2022-02-11,1069986818,SBUX,Starbucks
2022-02-11,1069986818,SO,Southern Company
2022-02-11,1069986818,SPG,Simon
2022-02-11,1069986818,T,AT&T
2022-02-11,1069986818,TGT,Target
2022-02-11,1069986818,TMO,Thermo Fisher Scientific
2022-02-11,1069986818,TMUS,T-Mobile
2022-02-11,1069986818,TSLA,Tesla
2022-02-11,1069986818,TXN,Texas Instruments
2022-02-11,1069986818,UNH,UnitedHealth
2022-02-11,1069986818,UNP,Union Pacific
2022-02-11,1069986818,UPS,United Parcel Service
2022-02-11,1069986818,USB,U.S. Bancorp
2022-02-11,1069986818,V,Visa
2022-02-11,1069986818,VZ,Verizon
2022-02-11,1069986818,WBA,Walgreens Boots Alliance
2022-02-11,1069986818,WFC,Wells Fargo
2022-02-11,1069986818,WMT,Walmart
2022-02-11,1069986818,XOM,ExxonMobil
2022-02-18,1069986818,AAPL,Apple
2022-02-18,1069986818,ABBV,AbbVie
2022-02-18,1069986818,ABT,Abbott
2022-02-18,1069986818,ACN,Accenture
2022-02-18,1069986818,ADBE,Adobe
2022-02-18,1069986818,AIG,AIG
2022-02-18,1069986818,AMGN,Amgen
2022-02-18,1069986818,AMT,American Tower
2022-02-18,1069986818,AMZN,Amazon
2022-02-18,1069986818,AVGO,Broadcom
2022-02-18,1069986818,AXP,American Express
2022-02-18,1069986818,BA,Boeing
2022-02-18,1069986818,BAC,Bank of America
2022-02-18,1069986818,BIIB,Biogen
2022-02-18,1069986818,BK,BNY Mellon
2022-02-18,1069986818,BKNG,Booking Holdings
2022-02-18,1069986818,BLK,BlackRock
2022-02-18,1069986818,BMY,Bristol Myers Squibb
2022-02-18,1069986818,C,Citigroup
2022-02-18,1069986818,CAT,Caterpillar
2022-02-18,1069986818,CHTR,Charter Communications
2022-02-18,1069986818,CL,Colgate-Palmolive
2022-02-18,1069986818,CMCSA,Comcast
2022-02-18,1069986818,COF,Capital One
2022-02-18,1069986818,COP,ConocoPhillips
2022-02-18,1069986818,COST,Costco
2022-02-18,1069986818,CRM,Salesforce
2022-02-18,1069986818,CSCO,Cisco
2022-02-18,1069986818,CVS,CVS Health
2022-02-18,1069986818,CVX,Chevron
2022-02-18,1069986818,DD,DuPont
2022-02-18,1069986818,DHR,Danaher
2022-02-18,1069986818,DIS,Disney
2022-02-18,1069986818,DOW,Dow
2022-02-18,1069986818,DUK,Duke Energy
2022-02-18,1069986818,EMR,Emerson
2022-02-18,1069986818,EXC,Exelon
2022-02-18,1069986818,F,Ford
2022-02-18,1069986818,FB,Meta
2022-02-18,1069986818,FDX,FedEx
2022-02-18,1069986818,GD,General Dynamics
2022-02-18,1069986818,GE,GE
2022-02-18,1069986818,GILD,Gilead
2022-02-18,1069986818,GM,GM
2022-02-18,1069986818,GOOG,Alphabet(Class C)
2022-02-18,1069986818,GOOGL,Alphabet (Class A)
2022-02-18,1069986818,GS,Goldman Sachs
2022-02-18,1069986818,HD,Home Depot
2022-02-18,1069986818,HON,Honeywell
2022-02-18,1069986818,IBM,IBM
2022-02-18,1069986818,INTC,Intel
2022-02-18,1069986818,JNJ,Johnson & Johnson
2022-02-18,1069986818,JPM,JPMorgan Chase
2022-02-18,1069986818,KHC,Kraft Heinz
2022-02-18,1069986818,KO,Coca-Cola
2022-02-18,1069986818,LIN,Linde
2022-02-18,1069986818,LLY,Lilly
2022-02-18,1069986818,LMT,Lockheed Martin
2022-02-18,1069986818,LOW,Lowe's
2022-02-18,1069986818,MA,Mastercard
2022-02-18,1069986818,MCD,McDonald's
2022-02-18,1069986818,MDLZ,Mondelēz International
2022-02-18,1069986818,MDT,Medtronic
2022-02-18,1069986818,MET,MetLife
2022-02-18,1069986818,MMM,3M
2022-02-18,1069986818,MO,Altria
2022-02-18,1069986818,MRK,Merck
2022-02-18,1069986818,MS,Morgan Stanley
2022-02-18,1069986818,MSFT,Microsoft
2022-02-18,1069986818,NEE,NextEra Energy
2022-02-18,1069986818,NFLX,Netflix
2022-02-18,1069986818,NKE,Nike
2022-02-18,1069986818,NVDA,Nvidia
2022-02-18,1069986818,ORCL,Oracle
2022-02-18,1069986818,PEP,PepsiCo
2022-02-18,1069986818,PFE,Pfizer
2022-02-18,1069986818,PG,Procter & Gamble
2022-02-18,1069986818,PM,Philip Morris International
2022-02-18,1069986818,PYPL,PayPal
2022-02-18,1069986818,QCOM,Qualcomm
2022-02-18,1069986818,RTX,Raytheon Technologies
2022-02-18,1069986818,SBUX,Starbucks
2022-02-18,1069986818,SO,Southern Company
2022-02-18,1069986818,SPG,Simon
2022-02-18,1069986818,T,AT&T
2022-02-18,1069986818,TGT,Target
2022-02-18,1069986818,TMO,Thermo Fisher Scientific
2022-02-18,1069986818,TMUS,T-Mobile
2022-02-18,1069986818,TSLA,Tesla
2022-02-18,1069986818,TXN,Texas Instruments
2022-02-18,1069986818,UNH,UnitedHealth
2022-02-18,1069986818,UNP,Union Pacific
2022-02-18,1069986818,UPS,United Parcel Service
2022-02-18,1069986818,USB,U.S. Bancorp
2022-02-18,1069986818,V,Visa
2022-02-18,1069986818,VZ,Verizon
2022-02-18,1069986818,WBA,Walgreens Boots Alliance
2022-02-18,1069986818,WFC,Wells Fargo
2022-02-18,1069986818,WMT,Walmart
2022-02-18,1069986818,XOM,ExxonMobil
2022-02-25,1069986818,AAPL,Apple
2022-02-25,1069986818,ABBV,AbbVie
2022-02-25,1069986818,ABT,Abbott
2022-02-25,1069986818,ACN,Accenture
2022-02-25,1069986818,ADBE,Adobe
2022-02-25,1069986818,AIG,AIG
2022-02-25,1069986818,AMGN,Amgen
2022-02-25,1069986818,AMT,American Tower
2022-02-25,1069986818,AMZN,Amazon
2022-02-25,1069986818,AVGO,Broadcom
2022-02-25,1069986818,AXP,American Express
2022-02-25,1069986818,BA,Boeing
2022-02-25,1069986818,BAC,Bank of America
2022-02-25,1069986818,BIIB,Biogen
2022-02-25,1069986818,BK,BNY Mellon
2022-02-25,1069986818,BKNG,Booking Holdings
2022-02-25,1069986818,BLK,BlackRock
2022-02-25,1069986818,BMY,Bristol Myers Squibb
2022-02-25,1069986818,C,Citigroup
2022-02-25,1069986818,CAT,Caterpillar
2022-02-25,1069986818,CHTR,Charter Communications
2022-02-25,1069986818,CL,Colgate-Palmolive
2022-02-25,1069986818,CMCSA,Comcast
2022-02-25,1069986818,COF,Capital One
2022-02-25,1069986818,COP,ConocoPhillips
2022-02-25,1069986818,COST,Costco
2022-02-25,1069986818,CRM,Salesforce
2022-02-25,1069986818,CSCO,Cisco
2022-02-25,1069986818,CVS,CVS Health
2022-02-25,1069986818,CVX,Chevron
2022-02-25,1069986818,DD,DuPont
2022-02-25,1069986818,DHR,Danaher
2022-02-25,1069986818,DIS,Disney
2022-02-25,1069986818,DOW,Dow
2022-02-25,1069986818,DUK,Duke Energy
2022-02-25,1069986818,EMR,Emerson
2022-02-25,1069986818,EXC,Exelon
2022-02-25,1069986818,F,Ford
2022-02-25,1069986818,FB,Meta
2022-02-25,1069986818,FDX,FedEx
2022-02-25,1069986818,GD,General Dynamics
2022-02-25,1069986818,GE,GE
2022-02-25,1069986818,GILD,Gilead
2022-02-25,1069986818,GM,GM
2022-02-25,1069986818,GOOG,Alphabet(Class C)
2022-02-25,1069986818,GOOGL,Alphabet (Class A)
2022-02-25,1069986818,GS,Goldman Sachs
2022-02-25,1069986818,HD,Home Depot
2022-02-25,1069986818,HON,Honeywell
2022-02-25,1069986818,IBM,IBM
2022-02-25,1069986818,INTC,Intel
2022-02-25,1069986818,JNJ,Johnson & Johnson
2022-02-25,1069986818,JPM,JPMorgan Chase
2022-02-25,1069986818,KHC,Kraft Heinz
2022-02-25,1069986818,KO,Coca-Cola
2022-02-25,1069986818,LIN,Linde
2022-02-25,1069986818,LLY,Lilly
2022-02-25,1069986818,LMT,Lockheed Martin
2022-02-25,1069986818,LOW,Lowe's
2022-02-25,1069986818,MA,Mastercard
2022-02-25,1069986818,MCD,McDonald's
2022-02-25,1069986818,MDLZ,Mondelēz International
2022-02-25,1069986818,MDT,Medtronic
2022-02-25,1069986818,MET,MetLife
2022-02-25,1069986818,MMM,3M
2022-02-25,1069986818,MO,Altria
2022-02-25,1069986818,MRK,Merck
2022-02-25,1069986818,MS,Morgan Stanley
2022-02-25,1069986818,MSFT,Microsoft
2022-02-25,1069986818,NEE,NextEra Energy
2022-02-25,1069986818,NFLX,Netflix
2022-02-25,1069986818,NKE,Nike
2022-02-25,1069986818,NVDA,Nvidia
2022-02-25,1069986818,ORCL,Oracle
2022-02-25,1069986818,PEP,PepsiCo
2022-02-25,1069986818,PFE,Pfizer
2022-02-25,1069986818,PG,Procter & Gamble
2022-02-25,1069986818,PM,Philip Morris International
2022-02-25,1069986818,PYPL,PayPal
2022-02-25,1069986818,QCOM,Qualcomm
2022-02-25,1069986818,RTX,Raytheon Technologies
2022-02-25,1069986818,SBUX,Starbucks
2022-02-25,1069986818,SO,Southern Company
2022-02-25,1069986818,SPG,Simon
2022-02-25,1069986818,T,AT&T
2022-02-25,1069986818,TGT,Target
2022-02-25,1069986818,TMO,Thermo Fisher Scientific
2022-02-25,1069986818,TMUS,T-Mobile
2022-02-25,1069986818,TSLA,Tesla
2022-02-25,1069986818,TXN,Texas Instruments
2022-02-25,1069986818,UNH,UnitedHealth
2022-02-25,1069986818,UNP,Union Pacific
2022-02-25,1069986818,UPS,United Parcel Service
2022-02-25,1069986818,USB,U.S. Bancorp
2022-02-25,1069986818,V,Visa
2022-02-25,1069986818,VZ,Verizon
2022-02-25,1069986818,WBA,Walgreens Boots Alliance
2022-02-25,1069986818,WFC,Wells Fargo
2022-02-25,1069986818,WMT,Walmart
2022-02-25,1069986818,XOM,ExxonMobil
2022-03-04,1074171012,AAPL,Apple
2022-03-04,1074171012,ABBV,AbbVie
2022-03-04,1074171012,ABT,Abbott
2022-03-04,1074171012,ACN,Accenture
2022-03-04,1074171012,ADBE,Adobe
2022-03-04,1074171012,AIG,AIG
2022-03-04,1074171012,AMGN,Amgen
2022-03-04,1074171012,AMT,American Tower
2022-03-04,1074171012,AMZN,Amazon
2022-03-04,1074171012,AVGO,Broadcom
2022-03-04,1074171012,AXP,American Express
2022-03-04,1074171012,BA,Boeing
2022-03-04,1074171012,BAC,Bank of America
2022-03-04,1074171012,BIIB,Biogen
2022-03-04,1074171012,BK,BNY Mellon
2022-03-04,1074171012,BKNG,Booking Holdings
2022-03-04,1074171012,BLK,BlackRock
2022-03-04,1074171012,BMY,Bristol Myers Squibb
2022-03-04,1074171012,C,Citigroup
2022-03-04,1074171012,CAT,Caterpillar
2022-03-04,1074171012,CHTR,Charter Communications
2022-03-04,1074171012,CL,Colgate-Palmolive
2022-03-04,1074171012,CMCSA,Comcast
2022-03-04,1074171012,COF,Capital One
2022-03-04,1074171012,COP,ConocoPhillips
2022-03-04,1074171012,COST,Costco
2022-03-04,1074171012,CRM,Salesforce
2022-03-04,1074171012,CSCO,Cisco
2022-03-04,1074171012,CVS,CVS Health
2022-03-04,1074171012,CVX,Chevron
2022-03-04,1074171012,DD,DuPont
2022-03-04,1074171012,DHR,Danaher
2022-03-04,1074171012,DIS,Disney
2022-03-04,1074171012,DOW,Dow
2022-03-04,1074171012,DUK,Duke Energy
2022-03-04,1074171012,EMR,Emerson
2022-03-04,1074171012,EXC,Exelon
2022-03-04,1074171012,F,Ford
2022-03-04,1074171012,FB,Meta
2022-03-04,1074171012,FDX,FedEx
2022-03-04,1074171012,GD,General Dynamics
2022-03-04,1074171012,GE,GE
2022-03-04,1074171012,GILD,Gilead
2022-03-04,1074171012,GM,GM
2022-03-04,1074171012,GOOG,Alphabet(Class C)
2022-03-04,1074171012,GOOGL,Alphabet (Class A)
2022-03-04,1074171012,GS,Goldman Sachs
2022-03-04,1074171012,HD,Home Depot
2022-03-04,1074171012,HON,Honeywell
2022-03-04,1074171012,IBM,IBM
2022-03-04,1074171012,INTC,Intel
2022-03-04,1074171012,JNJ,Johnson & Johnson
2022-03-04,1074171012,JPM,JPMorgan Chase
2022-03-04,1074171012,KHC,Kraft Heinz
2022-03-04,1074171012,KO,Coca-Cola
2022-03-04,1074171012,LIN,Linde
2022-03-04,1074171012,LLY,Lilly
2022-03-04,1074171012,LMT,Lockheed Martin
2022-03-04,1074171012,LOW,Lowe's
2022-03-04,1074171012,MA,Mastercard
2022-03-04,1074171012,MCD,McDonald's
2022-03-04,1074171012,MDLZ,Mondelēz International
2022-03-04,1074171012,MDT,Medtronic
2022-03-04,1074171012,MET,MetLife
2022-03-04,1074171012,MMM,3M
2022-03-04,1074171012,MO,Altria
2022-03-04,1074171012,MRK,Merck
2022-03-04,1074171012,MS,Morgan Stanley
2022-03-04,1074171012,MSFT,Microsoft
2022-03-04,1074171012,NEE,NextEra Energy
2022-03-04,1074171012,NFLX,Netflix
2022-03-04,1074171012,NKE,Nike
2022-03-04,1074171012,NVDA,Nvidia
2022-03-04,1074171012,ORCL,Oracle
2022-03-04,1074171012,PEP,PepsiCo
2022-03-04,1074171012,PFE,Pfizer
2022-03-04,1074171012,PG,Procter & Gamble
2022-03-04,1074171012,PM,Philip Morris International
2022-03-04,1074171012,PYPL,PayPal
2022-03-04,1074171012,QCOM,Qualcomm
2022-03-04,1074171012,RTX,Raytheon Technologies
2022-03-04,1074171012,SBUX,Starbucks
2022-03-04,1074171012,SO,Southern Company
2022-03-04,1074171012,SPG,Simon
2022-03-04,1074171012,T,AT&T
2022-03-04,1074171012,TGT,Target
2022-03-04,1074171012,TMO,Thermo Fisher Scientific
2022-03-04,1074171012,TMUS,T-Mobile
2022-03-04,1074171012,TSLA,Tesla
2022-03-04,1074171012,TXN,Texas Instruments
2022-03-04,1074171012,UNH,UnitedHealth
2022-03-04,1074171012,UNP,Union Pacific
2022-03-04,1074171012,UPS,United Parcel Service
2022-03-04,1074171012,USB,U.S. Bank
2022-03-04,1074171012,V,Visa
2022-03-04,1074171012,VZ,Verizon
2022-03-04,1074171012,WBA,Walgreens Boots Alliance
2022-03-04,1074171012,WFC,Wells Fargo
2022-03-04,1074171012,WMT,Walmart
2022-03-04,1074171012,XOM,ExxonMobil
2022-03-11,1074171012,AAPL,Apple
2022-03-11,1074171012,ABBV,AbbVie
2022-03-11,1074171012,ABT,Abbott
2022-03-11,1074171012,ACN,Accenture
2022-03-11,1074171012,ADBE,Adobe
2022-03-11,1074171012,AIG,AIG
2022-03-11,1074171012,AMGN,Amgen
2022-03-11,1074171012,AMT,American Tower
2022-03-11,1074171012,AMZN,Amazon
2022-03-11,1074171012,AVGO,Broadcom
2022-03-11,1074171012,AXP,American Express
2022-03-11,1074171012,BA,Boeing
2022-03-11,1074171012,BAC,Bank of America
2022-03-11,1074171012,BIIB,Biogen
2022-03-11,1074171012,BK,BNY Mellon
2022-03-11,1074171012,BKNG,Booking Holdings
2022-03-11,1074171012,BLK,BlackRock
2022-03-11,1074171012,BMY,Bristol Myers Squibb
2022-03-11,1074171012,C,Citigroup
2022-03-11,1074171012,CAT,Caterpillar
2022-03-11,1074171012,CHTR,Charter Communications
2022-03-11,1074171012,CL,Colgate-Palmolive
2022-03-11,1074171012,CMCSA,Comcast
2022-03-11,1074171012,COF,Capital One
2022-03-11,1074171012,COP,ConocoPhillips
2022-03-11,1074171012,COST,Costco
2022-03-11,1074171012,CRM,Salesforce
2022-03-11,1074171012,CSCO,Cisco
2022-03-11,1074171012,CVS,CVS Health
2022-03-11,1074171012,CVX,Chevron
2022-03-11,1074171012,DD,DuPont
2022-03-11,1074171012,DHR,Danaher
2022-03-11,1074171012,DIS,Disney
2022-03-11,1074171012,DOW,Dow
2022-03-11,1074171012,DUK,Duke Energy
2022-03-11,1074171012,EMR,Emerson
2022-03-11,1074171012,EXC,Exelon
2022-03-11,1074171012,F,Ford
2022-03-11,1074171012,FB,Meta
2022-03-11,1074171012,FDX,FedEx
2022-03-11,1074171012,GD,General Dynamics
2022-03-11,1074171012,GE,GE
2022-03-11,1074171012,GILD,Gilead
2022-03-11,1074171012,GM,GM
2022-03-11,1074171012,GOOG,Alphabet(Class C)
2022-03-11,1074171012,GOOGL,Alphabet (Class A)
2022-03-11,1074171012,GS,Goldman Sachs
2022-03-11,1074171012,HD,Home Depot
2022-03-11,1074171012,HON,Honeywell
2022-03-11,1074171012,IBM,IBM
2022-03-11,1074171012,INTC,Intel
2022-03-11,1074171012,JNJ,Johnson & Johnson
2022-03-11,1074171012,JPM,JPMorgan Chase
2022-03-11,1074171012,KHC,Kraft Heinz
2022-03-11,1074171012,KO,Coca-Cola
2022-03-11,1074171012,LIN,Linde
2022-03-11,1074171012,LLY,Lilly
2022-03-11,1074171012,LMT,Lockheed Martin
2022-03-11,1074171012,LOW,Lowe's
2022-03-11,1074171012,MA,Mastercard
2022-03-11,1074171012,MCD,McDonald's
2022-03-11,1074171012,MDLZ,Mondelēz International
2022-03-11,1074171012,MDT,Medtronic
2022-03-11,1074171012,MET,MetLife
2022-03-11,1074171012,MMM,3M
2022-03-11,1074171012,MO,Altria
2022-03-11,1074171012,MRK,Merck
2022-03-11,1074171012,MS,Morgan Stanley
2022-03-11,1074171012,MSFT,Microsoft
2022-03-11,1074171012,NEE,NextEra Energy
2022-03-11,1074171012,NFLX,Netflix
2022-03-11,1074171012,NKE,Nike
2022-03-11,1074171012,NVDA,Nvidia
2022-03-11,1074171012,ORCL,Oracle
2022-03-11,1074171012,PEP,PepsiCo
2022-03-11,1074171012,PFE,Pfizer
2022-03-11,1074171012,PG,Procter & Gamble
2022-03-11,1074171012,PM,Philip Morris International
2022-03-11,1074171012,PYPL,PayPal
2022-03-11,1074171012,QCOM,Qualcomm
2022-03-11,1074171012,RTX,Raytheon Technologies
2022-03-11,1074171012,SBUX,Starbucks
2022-03-11,1074171012,SO,Southern Company
2022-03-11,1074171012,SPG,Simon
2022-03-11,1074171012,T,AT&T
2022-03-11,1074171012,TGT,Target
2022-03-11,1074171012,TMO,Thermo Fisher Scientific
2022-03-11,1074171012,TMUS,T-Mobile
2022-03-11,1074171012,TSLA,Tesla
2022-03-11,1074171012,TXN,Texas Instruments
2022-03-11,1074171012,UNH,UnitedHealth
2022-03-11,1074171012,UNP,Union Pacific
2022-03-11,1074171012,UPS,United Parcel Service
2022-03-11,1074171012,USB,U.S. Bank
2022-03-11,1074171012,V,Visa
2022-03-11,1074171012,VZ,Verizon
2022-03-11,1074171012,WBA,Walgreens Boots Alliance
2022-03-11,1074171012,WFC,Wells Fargo
2022-03-11,1074171012,WMT,Walmart
2022-03-11,1074171012,XOM,ExxonMobil
2022-03-18,1074171012,AAPL,Apple
2022-03-18,1074171012,ABBV,AbbVie
2022-03-18,1074171012,ABT,Abbott
2022-03-18,1074171012,ACN,Accenture
2022-03-18,1074171012,ADBE,Adobe
2022-03-18,1074171012,AIG,AIG
2022-03-18,1074171012,AMGN,Amgen
2022-03-18,1074171012,AMT,American Tower
2022-03-18,1074171012,AMZN,Amazon
2022-03-18,1074171012,AVGO,Broadcom
2022-03-18,1074171012,AXP,American Express
2022-03-18,1074171012,BA,Boeing
2022-03-18,1074171012,BAC,Bank of America
2022-03-18,1074171012,BIIB,Biogen
2022-03-18,1074171012,BK,BNY Mellon
2022-03-18,1074171012,BKNG,Booking Holdings
2022-03-18,1074171012,BLK,BlackRock
2022-03-18,1074171012,BMY,Bristol Myers Squibb
2022-03-18,1074171012,C,Citigroup
2022-03-18,1074171012,CAT,Caterpillar
2022-03-18,1074171012,CHTR,Charter Communications
2022-03-18,1074171012,CL,Colgate-Palmolive
2022-03-18,1074171012,CMCSA,Comcast
2022-03-18,1074171012,COF,Capital One
2022-03-18,1074171012,COP,ConocoPhillips
2022-03-18,1074171012,COST,Costco
2022-03-18,1074171012,CRM,Salesforce
2022-03-18,1074171012,CSCO,Cisco
2022-03-18,1074171012,CVS,CVS Health
2022-03-18,1074171012,CVX,Chevron
2022-03-18,1074171012,DD,DuPont
2022-03-18,1074171012,DHR,Danaher
2022-03-18,1074171012,DIS,Disney
2022-03-18,1074171012,DOW,Dow
2022-03-18,1074171012,DUK,Duke Energy
2022-03-18,1074171012,EMR,Emerson
2022-03-18,1074171012,EXC,Exelon
2022-03-18,1074171012,F,Ford
2022-03-18,1074171012,FB,Meta
2022-03-18,1074171012,FDX,FedEx
2022-03-18,1074171012,GD,General Dynamics
2022-03-18,1074171012,GE,GE
2022-03-18,1074171012,GILD,Gilead
2022-03-18,1074171012,GM,GM
2022-03-18,1074171012,GOOG,Alphabet(Class C)
2022-03-18,1074171012,GOOGL,Alphabet (Class A)
2022-03-18,1074171012,GS,Goldman Sachs
2022-03-18,1074171012,HD,Home Depot
2022-03-18,1074171012,HON,Honeywell
2022-03-18,1074171012,IBM,IBM
2022-03-18,1074171012,INTC,Intel
2022-03-18,1074171012,JNJ,Johnson & Johnson
2022-03-18,1074171012,JPM,JPMorgan Chase
2022-03-18,1074171012,KHC,Kraft Heinz
2022-03-18,1074171012,KO,Coca-Cola
2022-03-18,1074171012,LIN,Linde
2022-03-18,1074171012,LLY,Lilly
2022-03-18,1074171012,LMT,Lockheed Martin
2022-03-18,1074171012,LOW,Lowe's
2022-03-18,1074171012,MA,Mastercard
2022-03-18,1074171012,MCD,McDonald's
2022-03-18,1074171012,MDLZ,Mondelēz International
2022-03-18,1074171012,MDT,Medtronic
2022-03-18,1074171012,MET,MetLife
2022-03-18,1074171012,MMM,3M
2022-03-18,1074171012,MO,Altria
2022-03-18,1074171012,MRK,Merck
2022-03-18,1074171012,MS,Morgan Stanley
2022-03-18,1074171012,MSFT,Microsoft
2022-03-18,1074171012,NEE,NextEra Energy
2022-03-18,1074171012,NFLX,Netflix
2022-03-18,1074171012,NKE,Nike
2022-03-18,1074171012,NVDA,Nvidia
2022-03-18,1074171012,ORCL,Oracle
2022-03-18,1074171012,PEP,PepsiCo
2022-03-18,1074171012,PFE,Pfizer
2022-03-18,1074171012,PG,Procter & Gamble
2022-03-18,1074171012,PM,Philip Morris International
2022-03-18,1074171012,PYPL,PayPal
2022-03-18,1074171012,QCOM,Qualcomm
2022-03-18,1074171012,RTX,Raytheon Technologies
2022-03-18,1074171012,SBUX,Starbucks
2022-03-18,1074171012,SO,Southern Company
2022-03-18,1074171012,SPG,Simon
2022-03-18,1074171012,T,AT&T
2022-03-18,1074171012,TGT,Target
2022-03-18,1074171012,TMO,Thermo Fisher Scientific
2022-03-18,1074171012,TMUS,T-Mobile
2022-03-18,1074171012,TSLA,Tesla
2022-03-18,1074171012,TXN,Texas Instruments
2022-03-18,1074171012,UNH,UnitedHealth
2022-03-18,1074171012,UNP,Union Pacific
2022-03-18,1074171012,UPS,United Parcel Service
2022-03-18,1074171012,USB,U.S. Bank
2022-03-18,1074171012,V,Visa
2022-03-18,1074171012,VZ,Verizon
2022-03-18,1074171012,WBA,Walgreens Boots Alliance
2022-03-18,1074171012,WFC,Wells Fargo
2022-03-18,1074171012,WMT,Walmart
2022-03-18,1074171012,XOM,ExxonMobil
2022-03-25,1078093940,AAPL,Apple
2022-03-25,1078093940,ABBV,AbbVie
2022-03-25,1078093940,ABT,Abbott
2022-03-25,1078093940,ACN,Accenture
2022-03-25,1078093940,ADBE,Adobe
2022-03-25,1078093940,AIG,AIG
2022-03-25,1078093940,AMGN,Amgen
2022-03-25,1078093940,AMT,American Tower
2022-03-25,1078093940,AMZN,Amazon
2022-03-25,1078093940,AVGO,Broadcom
2022-03-25,1078093940,AXP,American Express
2022-03-25,1078093940,BA,Boeing
2022-03-25,1078093940,BAC,Bank of America
2022-03-25,1078093940,BK,BNY Mellon
2022-03-25,1078093940,BKNG,Booking Holdings
2022-03-25,1078093940,BLK,BlackRock
2022-03-25,1078093940,BMY,Bristol Myers Squibb
2022-03-25,1078093940,C,Citigroup
2022-03-25,1078093940,CAT,Caterpillar
2022-03-25,1078093940,CHTR,Charter Communications
2022-03-25,1078093940,CL,Colgate-Palmolive
2022-03-25,1078093940,CMCSA,Comcast
2022-03-25,1078093940,COF,Capital One
2022-03-25,1078093940,COP,ConocoPhillips
2022-03-25,1078093940,COST,Costco
2022-03-25,1078093940,CRM,Salesforce
2022-03-25,1078093940,CSCO,Cisco
2022-03-25,1078093940,CVS,CVS Health
2022-03-25,1078093940,CVX,Chevron
2022-03-25,1078093940,DD,DuPont
2022-03-25,1078093940,DHR,Danaher
2022-03-25,1078093940,DIS,Disney
2022-03-25,1078093940,DOW,Dow
2022-03-25,1078093940,DUK,Duke Energy
2022-03-25,1078093940,EMR,Emerson
2022-03-25,1078093940,EXC,Exelon
2022-03-25,1078093940,F,Ford
2022-03-25,1078093940,FB,Meta
2022-03-25,1078093940,FDX,FedEx
2022-03-25,1078093940,GD,General Dynamics
2022-03-25,1078093940,GE,GE
2022-03-25,1078093940,GILD,Gilead
2022-03-25,1078093940,GM,GM
2022-03-25,1078093940,GOOG,Alphabet(Class C)
2022-03-25,1078093940,GOOGL,Alphabet (Class A)
2022-03-25,1078093940,GS,Goldman Sachs
2022-03-25,1078093940,HD,Home Depot
2022-03-25,1078093940,HON,Honeywell
2022-03-25,1078093940,IBM,IBM
2022-03-25,1078093940,INTC,Intel
2022-03-25,1078093940,JNJ,Johnson & Johnson
2022-03-25,1078093940,JPM,JPMorgan Chase
2022-03-25,1078093940,KHC,Kraft Heinz
2022-03-25,1078093940,KO,Coca-Cola
2022-03-25,1078093940,LIN,Linde
2022-03-25,1078093940,LLY,Lilly
2022-03-25,1078093940,LMT,Lockheed Martin
2022-03-25,1078093940,LOW,Lowe's
2022-03-25,1078093940,MA,Mastercard
2022-03-25,1078093940,MCD,McDonald's
2022-03-25,1078093940,MDLZ,Mondelēz International
2022-03-25,1078093940,MDT,Medtronic
2022-03-25,1078093940,MET,MetLife
2022-03-25,1078093940,MMM,3M
2022-03-25,1078093940,MO,Altria
2022-03-25,1078093940,MRK,Merck
2022-03-25,1078093940,MS,Morgan Stanley
2022-03-25,1078093940,MSFT,Microsoft
2022-03-25,1078093940,NEE,NextEra Energy
2022-03-25,1078093940,NFLX,Netflix
2022-03-25,1078093940,NKE,Nike
2022-03-25,1078093940,NVDA,Nvidia
2022-03-25,1078093940,ORCL,Oracle
2022-03-25,1078093940,PEP,PepsiCo
2022-03-25,1078093940,PFE,Pfizer
2022-03-25,1078093940,PG,Procter & Gamble
2022-03-25,1078093940,PM,Philip Morris International
2022-03-25,1078093940,PYPL,PayPal
2022-03-25,1078093940,QCOM,Qualcomm
2022-03-25,1078093940,RTX,Raytheon Technologies
2022-03-25,1078093940,SBUX,Starbucks
2022-03-25,1078093940,SCHW,Charles Schwab
2022-03-25,1078093940,SO,Southern Company
2022-03-25,1078093940,SPG,Simon
2022-03-25,1078093940,T,AT&T
2022-03-25,1078093940,TGT,Target
2022-03-25,1078093940,TMO,Thermo Fisher Scientific
2022-03-25,1078093940,TMUS,T-Mobile
2022-03-25,1078093940,TSLA,Tesla
2022-03-25,1078093940,TXN,Texas Instruments
2022-03-25,1078093940,UNH,UnitedHealth
2022-03-25,1078093940,UNP,Union Pacific
2022-03-25,1078093940,UPS,United Parcel Service
2022-03-25,1078093940,USB,U.S. Bank
2022-03-25,1078093940,V,Visa
2022-03-25,1078093940,VZ,Verizon
2022-03-25,1078093940,WBA,Walgreens Boots Alliance
2022-03-25,1078093940,WFC,Wells Fargo
2022-03-25,1078093940,WMT,Walmart
2022-03-25,1078093940,XOM,ExxonMobil
2022-04-01,1079595721,AAPL,Apple
2022-04-01,1079595721,ABBV,AbbVie
2022-04-01,1079595721,ABT,Abbott
2022-04-01,1079595721,ACN,Accenture
2022-04-01,1079595721,ADBE,Adobe
2022-04-01,1079595721,AIG,AIG
2022-04-01,1079595721,AMGN,Amgen
2022-04-01,1079595721,AMT,American Tower
2022-04-01,1079595721,AMZN,Amazon
2022-04-01,1079595721,AVGO,Broadcom
2022-04-01,1079595721,AXP,American Express
2022-04-01,1079595721,BA,Boeing
2022-04-01,1079595721,BAC,Bank of America
2022-04-01,1079595721,BK,BNY Mellon
2022-04-01,1079595721,BKNG,Booking Holdings
2022-04-01,1079595721,BLK,BlackRock
2022-04-01,1079595721,BMY,Bristol Myers Squibb
2022-04-01,1079595721,C,Citigroup
2022-04-01,1079595721,CAT,Caterpillar
2022-04-01,1079595721,CHTR,Charter Communications
2022-04-01,1079595721,CL,Colgate-Palmolive
2022-04-01,1079595721,CMCSA,Comcast
2022-04-01,1079595721,COF,Capital One
2022-04-01,1079595721,COP,ConocoPhillips
2022-04-01,1079595721,COST,Costco
2022-04-01,1079595721,CRM,Salesforce
2022-04-01,1079595721,CSCO,Cisco
2022-04-01,1079595721,CVS,CVS Health
2022-04-01,1079595721,CVX,Chevron
2022-04-01,1079595721,DD,DuPont
2022-04-01,1079595721,DHR,Danaher
2022-04-01,1079595721,DIS,Disney
2022-04-01,1079595721,DOW,Dow
2022-04-01,1079595721,DUK,Duke Energy
2022-04-01,1079595721,EMR,Emerson
2022-04-01,1079595721,EXC,Exelon
2022-04-01,1079595721,F,Ford
2022-04-01,1079595721,FB,Meta
2022-04-01,1079595721,FDX,FedEx
2022-04-01,1079595721,GD,General Dynamics
2022-04-01,1079595721,GE,GE
2022-04-01,1079595721,GILD,Gilead
2022-04-01,1079595721,GM,GM
2022-04-01,1079595721,GOOG,Alphabet(Class C)
2022-04-01,1079595721,GOOGL,Alphabet (Class A)
2022-04-01,1079595721,GS,Goldman Sachs
2022-04-01,1079595721,HD,Home Depot
2022-04-01,1079595721,HON,Honeywell
2022-04-01,1079595721,IBM,IBM
2022-04-01,1079595721,INTC,Intel
2022-04-01,1079595721,JNJ,Johnson & Johnson
2022-04-01,1079595721,JPM,JPMorgan Chase
2022-04-01,1079595721,KHC,Kraft Heinz
2022-04-01,1079595721,KO,Coca-Cola
2022-04-01,1079595721,LIN,Linde
2022-04-01,1079595721,LLY,Lilly
2022-04-01,1079595721,LMT,Lockheed Martin
2022-04-01,1079595721,LOW,Lowe's
2022-04-01,1079595721,MA,Mastercard
2022-04-01,1079595721,MCD,McDonald's
2022-04-01,1079595721,MDLZ,Mondelēz International
2022-04-01,1079595721,MDT,Medtronic
2022-04-01,1079595721,MET,MetLife
2022-04-01,1079595721,MMM,3M
2022-04-01,1079595721,MO,Altria
2022-04-01,1079595721,MRK,Merck
2022-04-01,1079595721,MS,Morgan Stanley
2022-04-01,1079595721,MSFT,Microsoft
2022-04-01,1079595721,NEE,NextEra Energy
2022-04-01,1079595721,NFLX,Netflix
2022-04-01,1079595721,NKE,Nike
2022-04-01,1079595721,NVDA,Nvidia
2022-04-01,1079595721,ORCL,Oracle
2022-04-01,1079595721,PEP,PepsiCo
2022-04-01,1079595721,PFE,Pfizer
2022-04-01,1079595721,PG,Procter & Gamble
2022-04-01,1079595721,PM,Philip Morris International
2022-04-01,1079595721,PYPL,PayPal
2022-04-01,1079595721,QCOM,Qualcomm
2022-04-01,1079595721,RTX,Raytheon Technologies
2022-04-01,1079595721,SBUX,Starbucks
2022-04-01,1079595721,SCHW,Charles Schwab
2022-04-01,1079595721,SO,Southern Company
2022-04-01,1079595721,SPG,Simon
2022-04-01,1079595721,T,AT&T
2022-04-01,1079595721,TGT,Target
2022-04-01,1079595721,TMO,Thermo Fisher Scientific
2022-04-01,1079595721,TMUS,T-Mobile
2022-04-01,1079595721,TSLA,Tesla
2022-04-01,1079595721,TXN,Texas Instruments
2022-04-01,1079595721,UNH,UnitedHealth
2022-04-01,1079595721,UNP,Union Pacific
2022-04-01,1079595721,UPS,United Parcel Service
2022-04-01,1079595721,USB,U.S. Bank
2022-04-01,1079595721,V,Visa
2022-04-01,1079595721,VZ,Verizon
2022-04-01,1079595721,WBA,Walgreens Boots Alliance
2022-04-01,1079595721,WFC,Wells Fargo
2022-04-01,1079595721,WMT,Walmart
2022-04-01,1079595721,XOM,ExxonMobil
2022-04-08,1079595721,AAPL,Apple
2022-04-08,1079595721,ABBV,AbbVie
2022-04-08,1079595721,ABT,Abbott
2022-04-08,1079595721,ACN,Accenture
2022-04-08,1079595721,ADBE,Adobe
2022-04-08,1079595721,AIG,AIG
2022-04-08,1079595721,AMGN,Amgen
2022-04-08,1079595721,AMT,American Tower
2022-04-08,1079595721,AMZN,Amazon
2022-04-08,1079595721,AVGO,Broadcom
2022-04-08,1079595721,AXP,American Express
2022-04-08,1079595721,BA,Boeing
2022-04-08,1079595721,BAC,Bank of America
2022-04-08,1079595721,BK,BNY Mellon
2022-04-08,1079595721,BKNG,Booking Holdings
2022-04-08,1079595721,BLK,BlackRock
2022-04-08,1079595721,BMY,Bristol Myers Squibb
2022-04-08,1079595721,C,Citigroup
2022-04-08,1079595721,CAT,Caterpillar
2022-04-08,1079595721,CHTR,Charter Communications
2022-04-08,1079595721,CL,Colgate-Palmolive
2022-04-08,1079595721,CMCSA,Comcast
2022-04-08,1079595721,COF,Capital One
2022-04-08,1079595721,COP,ConocoPhillips
2022-04-08,1079595721,COST,Costco
2022-04-08,1079595721,CRM,Salesforce
2022-04-08,1079595721,CSCO,Cisco
2022-04-08,1079595721,CVS,CVS Health
2022-04-08,1079595721,CVX,Chevron
2022-04-08,1079595721,DD,DuPont
2022-04-08,1079595721,DHR,Danaher
2022-04-08,1079595721,DIS,Disney
2022-04-08,1079595721,DOW,Dow
2022-04-08,1079595721,DUK,Duke Energy
2022-04-08,1079595721,EMR,Emerson
2022-04-08,1079595721,EXC,Exelon
2022-04-08,1079595721,F,Ford
2022-04-08,1079595721,FB,Meta
2022-04-08,1079595721,FDX,FedEx
2022-04-08,1079595721,GD,General Dynamics
2022-04-08,1079595721,GE,GE
2022-04-08,1079595721,GILD,Gilead
2022-04-08,1079595721,GM,GM
2022-04-08,1079595721,GOOG,Alphabet(Class C)
2022-04-08,1079595721,GOOGL,Alphabet (Class A)
2022-04-08,1079595721,GS,Goldman Sachs
2022-04-08,1079595721,HD,Home Depot
2022-04-08,1079595721,HON,Honeywell
2022-04-08,1079595721,IBM,IBM
2022-04-08,1079595721,INTC,Intel
2022-04-08,1079595721,JNJ,Johnson & Johnson
2022-04-08,1079595721,JPM,JPMorgan Chase
2022-04-08,1079595721,KHC,Kraft Heinz
2022-04-08,1079595721,KO,Coca-Cola
2022-04-08,1079595721,LIN,Linde
2022-04-08,1079595721,LLY,Lilly
2022-04-08,1079595721,LMT,Lockheed Martin
2022-04-08,1079595721,LOW,Lowe's
2022-04-08,1079595721,MA,Mastercard
2022-04-08,1079595721,MCD,McDonald's
2022-04-08,1079595721,MDLZ,Mondelēz International
2022-04-08,1079595721,MDT,Medtronic
2022-04-08,1079595721,MET,MetLife
2022-04-08,1079595721,MMM,3M
2022-04-08,1079595721,MO,Altria
2022-04-08,1079595721,MRK,Merck
2022-04-08,1079595721,MS,Morgan Stanley
2022-04-08,1079595721,MSFT,Microsoft
2022-04-08,1079595721,NEE,NextEra Energy
2022-04-08,1079595721,NFLX,Netflix
2022-04-08,1079595721,NKE,Nike
2022-04-08,1079595721,NVDA,Nvidia
2022-04-08,1079595721,ORCL,Oracle
2022-04-08,1079595721,PEP,PepsiCo
2022-04-08,1079595721,PFE,Pfizer
2022-04-08,1079595721,PG,Procter & Gamble
2022-04-08,1079595721,PM,Philip Morris International
2022-04-08,1079595721,PYPL,PayPal
2022-04-08,1079595721,QCOM,Qualcomm
2022-04-08,1079595721,RTX,Raytheon Technologies
2022-04-08,1079595721,SBUX,Starbucks
2022-04-08,1079595721,SCHW,Charles Schwab
2022-04-08,1079595721,SO,Southern Company
2022-04-08,1079595721,SPG,Simon
2022-04-08,1079595721,T,AT&T
2022-04-08,1079595721,TGT,Target
2022-04-08,1079595721,TMO,Thermo Fisher Scientific
2022-04-08,1079595721,TMUS,T-Mobile
2022-04-08,1079595721,TSLA,Tesla
2022-04-08,1079595721,TXN,Texas Instruments
2022-04-08,1079595721,UNH,UnitedHealth
2022-04-08,1079595721,UNP,Union Pacific
2022-04-08,1079595721,UPS,United Parcel Service
2022-04-08,1079595721,USB,U.S. Bank
2022-04-08,1079595721,V,Visa
2022-04-08,1079595721,VZ,Verizon
2022-04-08,1079595721,WBA,Walgreens Boots Alliance
2022-04-08,1079595721,WFC,Wells Fargo
2022-04-08,1079595721,WMT,Walmart
2022-04-08,1079595721,XOM,ExxonMobil
2022-04-15,1079595721,AAPL,Apple
2022-04-15,1079595721,ABBV,AbbVie
2022-04-15,1079595721,ABT,Abbott
2022-04-15,1079595721,ACN,Accenture
2022-04-15,1079595721,ADBE,Adobe
2022-04-15,1079595721,AIG,AIG
2022-04-15,1079595721,AMGN,Amgen
2022-04-15,1079595721,AMT,American Tower
2022-04-15,1079595721,AMZN,Amazon
2022-04-15,1079595721,AVGO,Broadcom
2022-04-15,1079595721,AXP,American Express
2022-04-15,1079595721,BA,Boeing
2022-04-15,1079595721,BAC,Bank of America
2022-04-15,1079595721,BK,BNY Mellon
2022-04-15,1079595721,BKNG,Booking Holdings
2022-04-15,1079595721,BLK,BlackRock
2022-04-15,1079595721,BMY,Bristol Myers Squibb
2022-04-15,1079595721,C,Citigroup
2022-04-15,1079595721,CAT,Caterpillar
2022-04-15,1079595721,CHTR,Charter Communications
2022-04-15,1079595721,CL,Colgate-Palmolive
2022-04-15,1079595721,CMCSA,Comcast
2022-04-15,1079595721,COF,Capital One
2022-04-15,1079595721,COP,ConocoPhillips
2022-04-15,1079595721,COST,Costco
2022-04-15,1079595721,CRM,Salesforce
2022-04-15,1079595721,CSCO,Cisco
2022-04-15,1079595721,CVS,CVS Health
2022-04-15,1079595721,CVX,Chevron
2022-04-15,1079595721,DD,DuPont
2022-04-15,1079595721,DHR,Danaher
2022-04-15,1079595721,DIS,Disney
2022-04-15,1079595721,DOW,Dow
2022-04-15,1079595721,DUK,Duke Energy
2022-04-15,1079595721,EMR,Emerson
2022-04-15,1079595721,EXC,Exelon
2022-04-15,1079595721,F,Ford
2022-04-15,1079595721,FB,Meta
2022-04-15,1079595721,FDX,FedEx
2022-04-15,1079595721,GD,General Dynamics
2022-04-15,1079595721,GE,GE
2022-04-15,1079595721,GILD,Gilead
2022-04-15,1079595721,GM,GM
2022-04-15,1079595721,GOOG,Alphabet(Class C)
2022-04-15,1079595721,GOOGL,Alphabet (Class A)
2022-04-15,1079595721,GS,Goldman Sachs
2022-04-15,1079595721,HD,Home Depot
2022-04-15,1079595721,HON,Honeywell
2022-04-15,1079595721,IBM,IBM
2022-04-15,1079595721,INTC,Intel
2022-04-15,1079595721,JNJ,Johnson & Johnson
2022-04-15,1079595721,JPM,JPMorgan Chase
2022-04-15,1079595721,KHC,Kraft Heinz
2022-04-15,1079595721,KO,Coca-Cola
2022-04-15,1079595721,LIN,Linde
2022-04-15,1079595721,LLY,Lilly
2022-04-15,1079595721,LMT,Lockheed Martin
2022-04-15,1079595721,LOW,Lowe's
2022-04-15,1079595721,MA,Mastercard
2022-04-15,1079595721,MCD,McDonald's
2022-04-15,1079595721,MDLZ,Mondelēz International
2022-04-15,1079595721,MDT,Medtronic
2022-04-15,1079595721,MET,MetLife
2022-04-15,1079595721,MMM,3M
2022-04-15,1079595721,MO,Altria
2022-04-15,1079595721,MRK,Merck
2022-04-15,1079595721,MS,Morgan Stanley
2022-04-15,1079595721,MSFT,Microsoft
2022-04-15,1079595721,NEE,NextEra Energy
2022-04-15,1079595721,NFLX,Netflix
2022-04-15,1079595721,NKE,Nike
2022-04-15,1079595721,NVDA,Nvidia
2022-04-15,1079595721,ORCL,Oracle
2022-04-15,1079595721,PEP,PepsiCo
2022-04-15,1079595721,PFE,Pfizer
2022-04-15,1079595721,PG,Procter & Gamble
2022-04-15,1079595721,PM,Philip Morris International
2022-04-15,1079595721,PYPL,PayPal
2022-04-15,1079595721,QCOM,Qualcomm
2022-04-15,1079595721,RTX,Raytheon Technologies
2022-04-15,1079595721,SBUX,Starbucks
2022-04-15,1079595721,SCHW,Charles Schwab
2022-04-15,1079595721,SO,Southern Company
2022-04-15,1079595721,SPG,Simon
2022-04-15,1079595721,T,AT&T
2022-04-15,1079595721,TGT,Target
2022-04-15,1079595721,TMO,Thermo Fisher Scientific
2022-04-15,1079595721,TMUS,T-Mobile
2022-04-15,1079595721,TSLA,Tesla
2022-04-15,1079595721,TXN,Texas Instruments
2022-04-15,1079595721,UNH,UnitedHealth
2022-04-15,1079595721,UNP,Union Pacific
2022-04-15,1079595721,UPS,United Parcel Service
2022-04-15,1079595721,USB,U.S. Bank
2022-04-15,1079595721,V,Visa
2022-04-15,1079595721,VZ,Verizon
2022-04-15,1079595721,WBA,Walgreens Boots Alliance
2022-04-15,1079595721,WFC,Wells Fargo
2022-04-15,1079595721,WMT,Walmart
2022-04-15,1079595721,XOM,ExxonMobil
2022-04-22,1079595721,AAPL,Apple
2022-04-22,1079595721,ABBV,AbbVie
2022-04-22,1079595721,ABT,Abbott
2022-04-22,1079595721,ACN,Accenture
2022-04-22,1079595721,ADBE,Adobe
2022-04-22,1079595721,AIG,AIG
2022-04-22,1079595721,AMGN,Amgen
2022-04-22,1079595721,AMT,American Tower
2022-04-22,1079595721,AMZN,Amazon
2022-04-22,1079595721,AVGO,Broadcom
2022-04-22,1079595721,AXP,American Express
2022-04-22,1079595721,BA,Boeing
2022-04-22,1079595721,BAC,Bank of America
2022-04-22,1079595721,BK,BNY Mellon
2022-04-22,1079595721,BKNG,Booking Holdings
2022-04-22,1079595721,BLK,BlackRock
2022-04-22,1079595721,BMY,Bristol Myers Squibb
2022-04-22,1079595721,C,Citigroup
2022-04-22,1079595721,CAT,Caterpillar
2022-04-22,1079595721,CHTR,Charter Communications
2022-04-22,1079595721,CL,Colgate-Palmolive
2022-04-22,1079595721,CMCSA,Comcast
2022-04-22,1079595721,COF,Capital One
2022-04-22,1079595721,COP,ConocoPhillips
2022-04-22,1079595721,COST,Costco
2022-04-22,1079595721,CRM,Salesforce
2022-04-22,1079595721,CSCO,Cisco
2022-04-22,1079595721,CVS,CVS Health
2022-04-22,1079595721,CVX,Chevron
2022-04-22,1079595721,DD,DuPont
2022-04-22,1079595721,DHR,Danaher
2022-04-22,1079595721,DIS,Disney
2022-04-22,1079595721,DOW,Dow
2022-04-22,1079595721,DUK,Duke Energy
2022-04-22,1079595721,EMR,Emerson
2022-04-22,1079595721,EXC,Exelon
2022-04-22,1079595721,F,Ford
2022-04-22,1079595721,FB,Meta
2022-04-22,1079595721,FDX,FedEx
2022-04-22,1079595721,GD,General Dynamics
2022-04-22,1079595721,GE,GE
2022-04-22,1079595721,GILD,Gilead
2022-04-22,1079595721,GM,GM
2022-04-22,1079595721,GOOG,Alphabet(Class C)
2022-04-22,1079595721,GOOGL,Alphabet (Class A)
2022-04-22,1079595721,GS,Goldman Sachs
2022-04-22,1079595721,HD,Home Depot
2022-04-22,1079595721,HON,Honeywell
2022-04-22,1079595721,IBM,IBM
2022-04-22,1079595721,INTC,Intel
2022-04-22,1079595721,JNJ,Johnson & Johnson
2022-04-22,1079595721,JPM,JPMorgan Chase
2022-04-22,1079595721,KHC,Kraft Heinz
2022-04-22,1079595721,KO,Coca-Cola
2022-04-22,1079595721,LIN,Linde
2022-04-22,1079595721,LLY,Lilly
2022-04-22,1079595721,LMT,Lockheed Martin
2022-04-22,1079595721,LOW,Lowe's
2022-04-22,1079595721,MA,Mastercard
2022-04-22,1079595721,MCD,McDonald's
2022-04-22,1079595721,MDLZ,Mondelēz International
2022-04-22,1079595721,MDT,Medtronic
2022-04-22,1079595721,MET,MetLife
2022-04-22,1079595721,MMM,3M
2022-04-22,1079595721,MO,Altria
2022-04-22,1079595721,MRK,Merck
2022-04-22,1079595721,MS,Morgan Stanley
2022-04-22,1079595721,MSFT,Microsoft
2022-04-22,1079595721,NEE,NextEra Energy
2022-04-22,1079595721,NFLX,Netflix
2022-04-22,1079595721,NKE,Nike
2022-04-22,1079595721,NVDA,Nvidia
2022-04-22,1079595721,ORCL,Oracle
2022-04-22,1079595721,PEP,PepsiCo
2022-04-22,1079595721,PFE,Pfizer
2022-04-22,1079595721,PG,Procter & Gamble
2022-04-22,1079595721,PM,Philip Morris International
2022-04-22,1079595721,PYPL,PayPal
2022-04-22,1079595721,QCOM,Qualcomm
2022-04-22,1079595721,RTX,Raytheon Technologies
2022-04-22,1079595721,SBUX,Starbucks
2022-04-22,1079595721,SCHW,Charles Schwab
2022-04-22,1079595721,SO,Southern Company
2022-04-22,1079595721,SPG,Simon
2022-04-22,1079595721,T,AT&T
2022-04-22,1079595721,TGT,Target
2022-04-22,1079595721,TMO,Thermo Fisher Scientific
2022-04-22,1079595721,TMUS,T-Mobile
2022-04-22,1079595721,TSLA,Tesla
2022-04-22,1079595721,TXN,Texas Instruments
2022-04-22,1079595721,UNH,UnitedHealth
2022-04-22,1079595721,UNP,Union Pacific
2022-04-22,1079595721,UPS,United Parcel Service
2022-04-22,1079595721,USB,U.S. Bank
2022-04-22,1079595721,V,Visa
2022-04-22,1079595721,VZ,Verizon
2022-04-22,1079595721,WBA,Walgreens Boots Alliance
2022-04-22,1079595721,WFC,Wells Fargo
2022-04-22,1079595721,WMT,Walmart
2022-04-22,1079595721,XOM,ExxonMobil
2022-04-29,1079595721,AAPL,Apple
2022-04-29,1079595721,ABBV,AbbVie
2022-04-29,1079595721,ABT,Abbott
2022-04-29,1079595721,ACN,Accenture
2022-04-29,1079595721,ADBE,Adobe
2022-04-29,1079595721,AIG,AIG
2022-04-29,1079595721,AMGN,Amgen
2022-04-29,1079595721,AMT,American Tower
2022-04-29,1079595721,AMZN,Amazon
2022-04-29,1079595721,AVGO,Broadcom
2022-04-29,1079595721,AXP,American Express
2022-04-29,1079595721,BA,Boeing
2022-04-29,1079595721,BAC,Bank of America
2022-04-29,1079595721,BK,BNY Mellon
2022-04-29,1079595721,BKNG,Booking Holdings
2022-04-29,1079595721,BLK,BlackRock
2022-04-29,1079595721,BMY,Bristol Myers Squibb
2022-04-29,1079595721,C,Citigroup
2022-04-29,1079595721,CAT,Caterpillar
2022-04-29,1079595721,CHTR,Charter Communications
2022-04-29,1079595721,CL,Colgate-Palmolive
2022-04-29,1079595721,CMCSA,Comcast
2022-04-29,1079595721,COF,Capital One
2022-04-29,1079595721,COP,ConocoPhillips
2022-04-29,1079595721,COST,Costco
2022-04-29,1079595721,CRM,Salesforce
2022-04-29,1079595721,CSCO,Cisco
2022-04-29,1079595721,CVS,CVS Health
2022-04-29,1079595721,CVX,Chevron
2022-04-29,1079595721,DD,DuPont
2022-04-29,1079595721,DHR,Danaher
2022-04-29,1079595721,DIS,Disney
2022-04-29,1079595721,DOW,Dow
2022-04-29,1079595721,DUK,Duke Energy
2022-04-29,1079595721,EMR,Emerson
2022-04-29,1079595721,EXC,Exelon
2022-04-29,1079595721,F,Ford
2022-04-29,1079595721,FB,Meta
2022-04-29,1079595721,FDX,FedEx
2022-04-29,1079595721,GD,General Dynamics
2022-04-29,1079595721,GE,GE
2022-04-29,1079595721,GILD,Gilead
2022-04-29,1079595721,GM,GM
2022-04-29,1079595721,GOOG,Alphabet(Class C)
2022-04-29,1079595721,GOOGL,Alphabet (Class A)
2022-04-29,1079595721,GS,Goldman Sachs
2022-04-29,1079595721,HD,Home Depot
2022-04-29,1079595721,HON,Honeywell
2022-04-29,1079595721,IBM,IBM
2022-04-29,1079595721,INTC,Intel
2022-04-29,1079595721,JNJ,Johnson & Johnson
2022-04-29,1079595721,JPM,JPMorgan Chase
2022-04-29,1079595721,KHC,Kraft Heinz
2022-04-29,1079595721,KO,Coca-Cola
2022-04-29,1079595721,LIN,Linde
2022-04-29,1079595721,LLY,Lilly
2022-04-29,1079595721,LMT,Lockheed Martin
2022-04-29,1079595721,LOW,Lowe's
2022-04-29,1079595721,MA,Mastercard
2022-04-29,1079595721,MCD,McDonald's
2022-04-29,1079595721,MDLZ,Mondelēz International
2022-04-29,1079595721,MDT,Medtronic
2022-04-29,1079595721,MET,MetLife
2022-04-29,1079595721,MMM,3M
2022-04-29,1079595721,MO,Altria
2022-04-29,1079595721,MRK,Merck
2022-04-29,1079595721,MS,Morgan Stanley
2022-04-29,1079595721,MSFT,Microsoft
2022-04-29,1079595721,NEE,NextEra Energy
2022-04-29,1079595721,NFLX,Netflix
2022-04-29,1079595721,NKE,Nike
2022-04-29,1079595721,NVDA,Nvidia
2022-04-29,1079595721,ORCL,Oracle
2022-04-29,1079595721,PEP,PepsiCo
2022-04-29,1079595721,PFE,Pfizer
2022-04-29,1079595721,PG,Procter & Gamble
2022-04-29,1079595721,PM,Philip Morris International
2022-04-29,1079595721,PYPL,PayPal
2022-04-29,1079595721,QCOM,Qualcomm
2022-04-29,1079595721,RTX,Raytheon Technologies
2022-04-29,1079595721,SBUX,Starbucks
2022-04-29,1079595721,SCHW,Charles Schwab
2022-04-29,1079595721,SO,Southern Company
2022-04-29,1079595721,SPG,Simon
2022-04-29,1079595721,T,AT&T
2022-04-29,1079595721,TGT,Target
2022-04-29,1079595721,TMO,Thermo Fisher Scientific
2022-04-29,1079595721,TMUS,T-Mobile
2022-04-29,1079595721,TSLA,Tesla
2022-04-29,1079595721,TXN,Texas Instruments
2022-04-29,1079595721,UNH,UnitedHealth
2022-04-29,1079595721,UNP,Union Pacific
2022-04-29,1079595721,UPS,United Parcel Service
2022-04-29,1079595721,USB,U.S. Bank
2022-04-29,1079595721,V,Visa
2022-04-29,1079595721,VZ,Verizon
2022-04-29,1079595721,WBA,Walgreens Boots Alliance
2022-04-29,1079595721,WFC,Wells Fargo
2022-04-29,1079595721,WMT,Walmart
2022-04-29,1079595721,XOM,ExxonMobil
2022-05-06,1085836258,AAPL,Apple
2022-05-06,1085836258,ABBV,AbbVie
2022-05-06,1085836258,ABT,Abbott
2022-05-06,1085836258,ACN,Accenture
2022-05-06,1085836258,ADBE,Adobe
2022-05-06,1085836258,AIG,AIG
2022-05-06,1085836258,AMGN,Amgen
2022-05-06,1085836258,AMT,American Tower
2022-05-06,1085836258,AMZN,Amazon
2022-05-06,1085836258,AVGO,Broadcom
2022-05-06,1085836258,AXP,American Express
2022-05-06,1085836258,BA,Boeing
2022-05-06,1085836258,BAC,Bank of America
2022-05-06,1085836258,BK,BNY Mellon
2022-05-06,1085836258,BKNG,Booking Holdings
2022-05-06,1085836258,BLK,BlackRock
2022-05-06,1085836258,BMY,Bristol Myers Squibb
2022-05-06,1085836258,C,Citigroup
2022-05-06,1085836258,CAT,Caterpillar
2022-05-06,1085836258,CHTR,Charter Communications
2022-05-06,1085836258,CL,Colgate-Palmolive
2022-05-06,1085836258,CMCSA,Comcast
2022-05-06,1085836258,COF,Capital One
2022-05-06,1085836258,COP,ConocoPhillips
2022-05-06,1085836258,COST,Costco
2022-05-06,1085836258,CRM,Salesforce
2022-05-06,1085836258,CSCO,Cisco
2022-05-06,1085836258,CVS,CVS Health
2022-05-06,1085836258,CVX,Chevron
2022-05-06,1085836258,DD,DuPont
2022-05-06,1085836258,DHR,Danaher
2022-05-06,1085836258,DIS,Disney
2022-05-06,1085836258,DOW,Dow
2022-05-06,1085836258,DUK,Duke Energy
2022-05-06,1085836258,EMR,Emerson
2022-05-06,1085836258,EXC,Exelon
2022-05-06,1085836258,F,Ford
2022-05-06,1085836258,FB,Meta
2022-05-06,1085836258,FDX,FedEx
2022-05-06,1085836258,GD,General Dynamics
2022-05-06,1085836258,GE,GE
2022-05-06,1085836258,GILD,Gilead
2022-05-06,1085836258,GM,GM
2022-05-06,1085836258,GOOG,Alphabet(Class C)
2022-05-06,1085836258,GOOGL,Alphabet (Class A)
2022-05-06,1085836258,GS,Goldman Sachs
2022-05-06,1085836258,HD,Home Depot
2022-05-06,1085836258,HON,Honeywell
2022-05-06,1085836258,IBM,IBM
2022-05-06,1085836258,INTC,Intel
2022-05-06,1085836258,JNJ,Johnson & Johnson
2022-05-06,1085836258,JPM,JPMorgan Chase
2022-05-06,1085836258,KHC,Kraft Heinz
2022-05-06,1085836258,KO,Coca-Cola
2022-05-06,1085836258,LIN,Linde
2022-05-06,1085836258,LLY,Lilly
2022-05-06,1085836258,LMT,Lockheed Martin
2022-05-06,1085836258,LOW,Lowe's
2022-05-06,1085836258,MA,Mastercard
2022-05-06,1085836258,MCD,McDonald's
2022-05-06,1085836258,MDLZ,Mondelēz International
2022-05-06,1085836258,MDT,Medtronic
2022-05-06,1085836258,MET,MetLife
2022-05-06,1085836258,MMM,3M
2022-05-06,1085836258,MO,Altria
2022-05-06,1085836258,MRK,Merck
2022-05-06,1085836258,MS,Morgan Stanley
2022-05-06,1085836258,MSFT,Microsoft
2022-05-06,1085836258,NEE,NextEra Energy
2022-05-06,1085836258,NFLX,Netflix
2022-05-06,1085836258,NKE,Nike
2022-05-06,1085836258,NVDA,Nvidia
2022-05-06,1085836258,ORCL,Oracle
2022-05-06,1085836258,PEP,PepsiCo
2022-05-06,1085836258,PFE,Pfizer
2022-05-06,1085836258,PG,Procter & Gamble
2022-05-06,1085836258,PM,Philip Morris International
2022-05-06,1085836258,PYPL,PayPal
2022-05-06,1085836258,QCOM,Qualcomm
2022-05-06,1085836258,RTX,Raytheon Technologies
2022-05-06,1085836258,SBUX,Starbucks
2022-05-06,1085836258,SCHW,Charles Schwab
2022-05-06,1085836258,SO,Southern Company
2022-05-06,1085836258,SPG,Simon
2022-05-06,1085836258,T,AT&T
2022-05-06,1085836258,TGT,Target
2022-05-06,1085836258,TMO,Thermo Fisher Scientific
2022-05-06,1085836258,TMUS,T-Mobile
2022-05-06,1085836258,TSLA,Tesla
2022-05-06,1085836258,TXN,Texas Instruments
2022-05-06,1085836258,UNH,UnitedHealth
2022-05-06,1085836258,UNP,Union Pacific
2022-05-06,1085836258,UPS,United Parcel Service
2022-05-06,1085836258,USB,U.S. Bank
2022-05-06,1085836258,V,Visa
2022-05-06,1085836258,VZ,Verizon
2022-05-06,1085836258,WBA,Walgreens Boots Alliance
2022-05-06,1085836258,WFC,Wells Fargo
2022-05-06,1085836258,WMT,Walmart
2022-05-06,1085836258,XOM,ExxonMobil
2022-05-13,1087080885,AAPL,Apple
2022-05-13,1087080885,ABBV,AbbVie
2022-05-13,1087080885,ABT,Abbott
2022-05-13,1087080885,ACN,Accenture
2022-05-13,1087080885,ADBE,Adobe
2022-05-13,1087080885,AIG,AIG
2022-05-13,1087080885,AMGN,Amgen
2022-05-13,1087080885,AMT,American Tower
2022-05-13,1087080885,AMZN,Amazon
2022-05-13,1087080885,AVGO,Broadcom
2022-05-13,1087080885,AXP,American Express
2022-05-13,1087080885,BA,Boeing
2022-05-13,1087080885,BAC,Bank of America
2022-05-13,1087080885,BK,BNY Mellon
2022-05-13,1087080885,BKNG,Booking Holdings
2022-05-13,1087080885,BLK,BlackRock
2022-05-13,1087080885,BMY,Bristol Myers Squibb
2022-05-13,1087080885,C,Citigroup
2022-05-13,1087080885,CAT,Caterpillar
2022-05-13,1087080885,CHTR,Charter Communications
2022-05-13,1087080885,CL,Colgate-Palmolive
2022-05-13,1087080885,CMCSA,Comcast
2022-05-13,1087080885,COF,Capital One
2022-05-13,1087080885,COP,ConocoPhillips
2022-05-13,1087080885,COST,Costco
2022-05-13,1087080885,CRM,Salesforce
2022-05-13,1087080885,CSCO,Cisco
2022-05-13,1087080885,CVS,CVS Health
2022-05-13,1087080885,CVX,Chevron
2022-05-13,1087080885,DD,DuPont
2022-05-13,1087080885,DHR,Danaher
2022-05-13,1087080885,DIS,Disney
2022-05-13,1087080885,DOW,Dow
2022-05-13,1087080885,DUK,Duke Energy
2022-05-13,1087080885,EMR,Emerson
2022-05-13,1087080885,EXC,Exelon
2022-05-13,1087080885,F,Ford
2022-05-13,1087080885,FB,Meta
2022-05-13,1087080885,FDX,FedEx
2022-05-13,1087080885,GD,General Dynamics
2022-05-13,1087080885,GE,GE
2022-05-13,1087080885,GILD,Gilead
2022-05-13,1087080885,GM,GM
2022-05-13,1087080885,GOOG,Alphabet(Class C)
2022-05-13,1087080885,GOOGL,Alphabet (Class A)
2022-05-13,1087080885,GS,Goldman Sachs
2022-05-13,1087080885,HD,Home Depot
2022-05-13,1087080885,HON,Honeywell
2022-05-13,1087080885,IBM,IBM
2022-05-13,1087080885,INTC,Intel
2022-05-13,1087080885,JNJ,Johnson & Johnson
2022-05-13,1087080885,JPM,JPMorgan Chase
2022-05-13,1087080885,KHC,Kraft Heinz
2022-05-13,1087080885,KO,Coca-Cola
2022-05-13,1087080885,LIN,Linde
2022-05-13,1087080885,LLY,Lilly
2022-05-13,1087080885,LMT,Lockheed Martin
2022-05-13,1087080885,LOW,Lowe's
2022-05-13,1087080885,MA,Mastercard
2022-05-13,1087080885,MCD,McDonald's
2022-05-13,1087080885,MDLZ,Mondelēz International
2022-05-13,1087080885,MDT,Medtronic
2022-05-13,1087080885,MET,MetLife
2022-05-13,1087080885,MMM,3M
2022-05-13,1087080885,MO,Altria
2022-05-13,1087080885,MRK,Merck
2022-05-13,1087080885,MS,Morgan Stanley
2022-05-13,1087080885,MSFT,Microsoft
2022-05-13,1087080885,NEE,NextEra Energy
2022-05-13,1087080885,NFLX,Netflix
2022-05-13,1087080885,NKE,Nike
2022-05-13,1087080885,NVDA,Nvidia
2022-05-13,1087080885,ORCL,Oracle
2022-05-13,1087080885,PEP,PepsiCo
2022-05-13,1087080885,PFE,Pfizer
2022-05-13,1087080885,PG,Procter & Gamble
2022-05-13,1087080885,PM,Philip Morris International
2022-05-13,1087080885,PYPL,PayPal
2022-05-13,1087080885,QCOM,Qualcomm
2022-05-13,1087080885,RTX,Raytheon Technologies
2022-05-13,1087080885,SBUX,Starbucks
2022-05-13,1087080885,SCHW,Charles Schwab
2022-05-13,1087080885,SO,Southern Company
2022-05-13,1087080885,SPG,Simon
2022-05-13,1087080885,T,AT&T
2022-05-13,1087080885,TGT,Target
2022-05-13,1087080885,TMO,Thermo Fisher Scientific
2022-05-13,1087080885,TMUS,T-Mobile
2022-05-13,1087080885,TSLA,Tesla
2022-05-13,1087080885,TXN,Texas Instruments
2022-05-13,1087080885,UNH,UnitedHealth
2022-05-13,1087080885,UNP,Union Pacific
2022-05-13,1087080885,UPS,United Parcel Service
2022-05-13,1087080885,USB,U.S. Bank
2022-05-13,1087080885,V,Visa
2022-05-13,1087080885,VZ,Verizon
2022-05-13,1087080885,WBA,Walgreens Boots Alliance
2022-05-13,1087080885,WFC,Wells Fargo
2022-05-13,1087080885,WMT,Walmart
2022-05-13,1087080885,XOM,ExxonMobil
2022-05-20,1087080885,AAPL,Apple
2022-05-20,1087080885,ABBV,AbbVie
2022-05-20,1087080885,ABT,Abbott
2022-05-20,1087080885,ACN,Accenture
2022-05-20,1087080885,ADBE,Adobe
2022-05-20,1087080885,AIG,AIG
2022-05-20,1087080885,AMGN,Amgen
2022-05-20,1087080885,AMT,American Tower
2022-05-20,1087080885,AMZN,Amazon
2022-05-20,1087080885,AVGO,Broadcom
2022-05-20,1087080885,AXP,American Express
2022-05-20,1087080885,BA,Boeing
2022-05-20,1087080885,BAC,Bank of America
2022-05-20,1087080885,BK,BNY Mellon
2022-05-20,1087080885,BKNG,Booking Holdings
2022-05-20,1087080885,BLK,BlackRock
2022-05-20,1087080885,BMY,Bristol Myers Squibb
2022-05-20,1087080885,C,Citigroup
2022-05-20,1087080885,CAT,Caterpillar
2022-05-20,1087080885,CHTR,Charter Communications
2022-05-20,1087080885,CL,Colgate-Palmolive
2022-05-20,1087080885,CMCSA,Comcast
2022-05-20,1087080885,COF,Capital One
2022-05-20,1087080885,COP,ConocoPhillips
2022-05-20,1087080885,COST,Costco
2022-05-20,1087080885,CRM,Salesforce
2022-05-20,1087080885,CSCO,Cisco
2022-05-20,1087080885,CVS,CVS Health
2022-05-20,1087080885,CVX,Chevron
2022-05-20,1087080885,DD,DuPont
2022-05-20,1087080885,DHR,Danaher
2022-05-20,1087080885,DIS,Disney
2022-05-20,1087080885,DOW,Dow
2022-05-20,1087080885,DUK,Duke Energy
2022-05-20,1087080885,EMR,Emerson
2022-05-20,1087080885,EXC,Exelon
2022-05-20,1087080885,F,Ford
2022-05-20,1087080885,FB,Meta
2022-05-20,1087080885,FDX,FedEx
2022-05-20,1087080885,GD,General Dynamics
2022-05-20,1087080885,GE,GE
2022-05-20,1087080885,GILD,Gilead
2022-05-20,1087080885,GM,GM
2022-05-20,1087080885,GOOG,Alphabet(Class C)
2022-05-20,1087080885,GOOGL,Alphabet (Class A)
2022-05-20,1087080885,GS,Goldman Sachs
2022-05-20,1087080885,HD,Home Depot
2022-05-20,1087080885,HON,Honeywell
2022-05-20,1087080885,IBM,IBM
2022-05-20,1087080885,INTC,Intel
2022-05-20,1087080885,JNJ,Johnson & Johnson
2022-05-20,1087080885,JPM,JPMorgan Chase
2022-05-20,1087080885,KHC,Kraft Heinz
2022-05-20,1087080885,KO,Coca-Cola
2022-05-20,1087080885,LIN,Linde
2022-05-20,1087080885,LLY,Lilly
2022-05-20,1087080885,LMT,Lockheed Martin
2022-05-20,1087080885,LOW,Lowe's
2022-05-20,1087080885,MA,Mastercard
2022-05-20,1087080885,MCD,McDonald's
2022-05-20,1087080885,MDLZ,Mondelēz International
2022-05-20,1087080885,MDT,Medtronic
2022-05-20,1087080885,MET,MetLife
2022-05-20,1087080885,MMM,3M
2022-05-20,1087080885,MO,Altria
2022-05-20,1087080885,MRK,Merck
2022-05-20,1087080885,MS,Morgan Stanley
2022-05-20,1087080885,MSFT,Microsoft
2022-05-20,1087080885,NEE,NextEra Energy
2022-05-20,1087080885,NFLX,Netflix
2022-05-20,1087080885,NKE,Nike
2022-05-20,1087080885,NVDA,Nvidia
2022-05-20,1087080885,ORCL,Oracle
2022-05-20,1087080885,PEP,PepsiCo
2022-05-20,1087080885,PFE,Pfizer
2022-05-20,1087080885,PG,Procter & Gamble
2022-05-20,1087080885,PM,Philip Morris International
2022-05-20,1087080885,PYPL,PayPal
2022-05-20,1087080885,QCOM,Qualcomm
2022-05-20,1087080885,RTX,Raytheon Technologies
2022-05-20,1087080885,SBUX,Starbucks
2022-05-20,1087080885,SCHW,Charles Schwab
2022-05-20,1087080885,SO,Southern Company
2022-05-20,1087080885,SPG,Simon
2022-05-20,1087080885,T,AT&T
2022-05-20,1087080885,TGT,Target
2022-05-20,1087080885,TMO,Thermo Fisher Scientific
2022-05-20,1087080885,TMUS,T-Mobile
2022-05-20,1087080885,TSLA,Tesla
2022-05-20,1087080885,TXN,Texas Instruments
2022-05-20,1087080885,UNH,UnitedHealth
2022-05-20,1087080885,UNP,Union Pacific
2022-05-20,1087080885,UPS,United Parcel Service
2022-05-20,1087080885,USB,U.S. Bank
2022-05-20,1087080885,V,Visa
2022-05-20,1087080885,VZ,Verizon
2022-05-20,1087080885,WBA,Walgreens Boots Alliance
2022-05-20,1087080885,WFC,Wells Fargo
2022-05-20,1087080885,WMT,Walmart
2022-05-20,1087080885,XOM,ExxonMobil
2022-05-27,1087080885,AAPL,Apple
2022-05-27,1087080885,ABBV,AbbVie
2022-05-27,1087080885,ABT,Abbott
2022-05-27,1087080885,ACN,Accenture
2022-05-27,1087080885,ADBE,Adobe
2022-05-27,1087080885,AIG,AIG
2022-05-27,1087080885,AMGN,Amgen
2022-05-27,1087080885,AMT,American Tower
2022-05-27,1087080885,AMZN,Amazon
2022-05-27,1087080885,AVGO,Broadcom
2022-05-27,1087080885,AXP,American Express
2022-05-27,1087080885,BA,Boeing
2022-05-27,1087080885,BAC,Bank of America
2022-05-27,1087080885,BK,BNY Mellon
2022-05-27,1087080885,BKNG,Booking Holdings
2022-05-27,1087080885,BLK,BlackRock
2022-05-27,1087080885,BMY,Bristol Myers Squibb
2022-05-27,1087080885,C,Citigroup
2022-05-27,1087080885,CAT,Caterpillar
2022-05-27,1087080885,CHTR,Charter Communications
2022-05-27,1087080885,CL,Colgate-Palmolive
2022-05-27,1087080885,CMCSA,Comcast
2022-05-27,1087080885,COF,Capital One
2022-05-27,1087080885,COP,ConocoPhillips
2022-05-27,1087080885,COST,Costco
2022-05-27,1087080885,CRM,Salesforce
2022-05-27,1087080885,CSCO,Cisco
2022-05-27,1087080885,CVS,CVS Health
2022-05-27,1087080885,CVX,Chevron
2022-05-27,1087080885,DD,DuPont
2022-05-27,1087080885,DHR,Danaher
2022-05-27,1087080885,DIS,Disney
2022-05-27,1087080885,DOW,Dow
2022-05-27,1087080885,DUK,Duke Energy
2022-05-27,1087080885,EMR,Emerson
2022-05-27,1087080885,EXC,Exelon
2022-05-27,1087080885,F,Ford
2022-05-27,1087080885,FB,Meta
2022-05-27,1087080885,FDX,FedEx
2022-05-27,1087080885,GD,General Dynamics
2022-05-27,1087080885,GE,GE
2022-05-27,1087080885,GILD,Gilead
2022-05-27,1087080885,GM,GM
2022-05-27,1087080885,GOOG,Alphabet(Class C)
2022-05-27,1087080885,GOOGL,Alphabet (Class A)
2022-05-27,1087080885,GS,Goldman Sachs
2022-05-27,1087080885,HD,Home Depot
2022-05-27,1087080885,HON,Honeywell
2022-05-27,1087080885,IBM,IBM
2022-05-27,1087080885,INTC,Intel
2022-05-27,1087080885,JNJ,Johnson & Johnson
2022-05-27,1087080885,JPM,JPMorgan Chase
2022-05-27,1087080885,KHC,Kraft Heinz
2022-05-27,1087080885,KO,Coca-Cola
2022-05-27,1087080885,LIN,Linde
2022-05-27,1087080885,LLY,Lilly
2022-05-27,1087080885,LMT,Lockheed Martin
2022-05-27,1087080885,LOW,Lowe's
2022-05-27,1087080885,MA,Mastercard
2022-05-27,1087080885,MCD,McDonald's
2022-05-27,1087080885,MDLZ,Mondelēz International
2022-05-27,1087080885,MDT,Medtronic
2022-05-27,1087080885,MET,MetLife
2022-05-27,1087080885,MMM,3M
2022-05-27,1087080885,MO,Altria
2022-05-27,1087080885,MRK,Merck
2022-05-27,1087080885,MS,Morgan Stanley
2022-05-27,1087080885,MSFT,Microsoft
2022-05-27,1087080885,NEE,NextEra Energy
2022-05-27,1087080885,NFLX,Netflix
2022-05-27,1087080885,NKE,Nike
2022-05-27,1087080885,NVDA,Nvidia
2022-05-27,1087080885,ORCL,Oracle
2022-05-27,1087080885,PEP,PepsiCo
2022-05-27,1087080885,PFE,Pfizer
2022-05-27,1087080885,PG,Procter & Gamble
2022-05-27,1087080885,PM,Philip Morris International
2022-05-27,1087080885,PYPL,PayPal
2022-05-27,1087080885,QCOM,Qualcomm
2022-05-27,1087080885,RTX,Raytheon Technologies
2022-05-27,1087080885,SBUX,Starbucks
2022-05-27,1087080885,SCHW,Charles Schwab
2022-05-27,1087080885,SO,Southern Company
2022-05-27,1087080885,SPG,Simon
2022-05-27,1087080885,T,AT&T
2022-05-27,1087080885,TGT,Target
2022-05-27,1087080885,TMO,Thermo Fisher Scientific
2022-05-27,1087080885,TMUS,T-Mobile
2022-05-27,1087080885,TSLA,Tesla
2022-05-27,1087080885,TXN,Texas Instruments
2022-05-27,1087080885,UNH,UnitedHealth
2022-05-27,1087080885,UNP,Union Pacific
2022-05-27,1087080885,UPS,United Parcel Service
2022-05-27,1087080885,USB,U.S. Bank
2022-05-27,1087080885,V,Visa
2022-05-27,1087080885,VZ,Verizon
2022-05-27,1087080885,WBA,Walgreens Boots Alliance
2022-05-27,1087080885,WFC,Wells Fargo
2022-05-27,1087080885,WMT,Walmart
2022-05-27,1087080885,XOM,ExxonMobil
2022-06-03,1087080885,AAPL,Apple
2022-06-03,1087080885,ABBV,AbbVie
2022-06-03,1087080885,ABT,Abbott
2022-06-03,1087080885,ACN,Accenture
2022-06-03,1087080885,ADBE,Adobe
2022-06-03,1087080885,AIG,AIG
2022-06-03,1087080885,AMGN,Amgen
2022-06-03,1087080885,AMT,American Tower
2022-06-03,1087080885,AMZN,Amazon
2022-06-03,1087080885,AVGO,Broadcom
2022-06-03,1087080885,AXP,American Express
2022-06-03,1087080885,BA,Boeing
2022-06-03,1087080885,BAC,Bank of America
2022-06-03,1087080885,BK,BNY Mellon
2022-06-03,1087080885,BKNG,Booking Holdings
2022-06-03,1087080885,BLK,BlackRock
2022-06-03,1087080885,BMY,Bristol Myers Squibb
2022-06-03,1087080885,C,Citigroup
2022-06-03,1087080885,CAT,Caterpillar
2022-06-03,1087080885,CHTR,Charter Communications
2022-06-03,1087080885,CL,Colgate-Palmolive
2022-06-03,1087080885,CMCSA,Comcast
2022-06-03,1087080885,COF,Capital One
2022-06-03,1087080885,COP,ConocoPhillips
2022-06-03,1087080885,COST,Costco
2022-06-03,1087080885,CRM,Salesforce
2022-06-03,1087080885,CSCO,Cisco
2022-06-03,1087080885,CVS,CVS Health
2022-06-03,1087080885,CVX,Chevron
2022-06-03,1087080885,DD,DuPont
2022-06-03,1087080885,DHR,Danaher
2022-06-03,1087080885,DIS,Disney
2022-06-03,1087080885,DOW,Dow
2022-06-03,1087080885,DUK,Duke Energy
2022-06-03,1087080885,EMR,Emerson
2022-06-03,1087080885,EXC,Exelon
2022-06-03,1087080885,F,Ford
2022-06-03,1087080885,FB,Meta
2022-06-03,1087080885,FDX,FedEx
2022-06-03,1087080885,GD,General Dynamics
2022-06-03,1087080885,GE,GE
2022-06-03,1087080885,GILD,Gilead
2022-06-03,1087080885,GM,GM
2022-06-03,1087080885,GOOG,Alphabet(Class C)
2022-06-03,1087080885,GOOGL,Alphabet (Class A)
2022-06-03,1087080885,GS,Goldman Sachs
2022-06-03,1087080885,HD,Home Depot
2022-06-03,1087080885,HON,Honeywell
2022-06-03,1087080885,IBM,IBM
2022-06-03,1087080885,INTC,Intel
2022-06-03,1087080885,JNJ,Johnson & Johnson
2022-06-03,1087080885,JPM,JPMorgan Chase
2022-06-03,1087080885,KHC,Kraft Heinz
2022-06-03,1087080885,KO,Coca-Cola
2022-06-03,1087080885,LIN,Linde
2022-06-03,1087080885,LLY,Lilly
2022-06-03,1087080885,LMT,Lockheed Martin
2022-06-03,1087080885,LOW,Lowe's
2022-06-03,1087080885,MA,Mastercard
2022-06-03,1087080885,MCD,McDonald's
2022-06-03,1087080885,MDLZ,Mondelēz International
2022-06-03,1087080885,MDT,Medtronic
2022-06-03,1087080885,MET,MetLife
2022-06-03,1087080885,MMM,3M
2022-06-03,1087080885,MO,Altria
2022-06-03,1087080885,MRK,Merck
2022-06-03,1087080885,MS,Morgan Stanley
2022-06-03,1087080885,MSFT,Microsoft
2022-06-03,1087080885,NEE,NextEra Energy
2022-06-03,1087080885,NFLX,Netflix
2022-06-03,1087080885,NKE,Nike
2022-06-03,1087080885,NVDA,Nvidia
2022-06-03,1087080885,ORCL,Oracle
2022-06-03,1087080885,PEP,PepsiCo
2022-06-03,1087080885,PFE,Pfizer
2022-06-03,1087080885,PG,Procter & Gamble
2022-06-03,1087080885,PM,Philip Morris International
2022-06-03,1087080885,PYPL,PayPal
2022-06-03,1087080885,QCOM,Qualcomm
2022-06-03,1087080885,RTX,Raytheon Technologies
2022-06-03,1087080885,SBUX,Starbucks
2022-06-03,1087080885,SCHW,Charles Schwab
2022-06-03,1087080885,SO,Southern Company
2022-06-03,1087080885,SPG,Simon
2022-06-03,1087080885,T,AT&T
2022-06-03,1087080885,TGT,Target
2022-06-03,1087080885,TMO,Thermo Fisher Scientific
2022-06-03,1087080885,TMUS,T-Mobile
2022-06-03,1087080885,TSLA,Tesla
2022-06-03,1087080885,TXN,Texas Instruments
2022-06-03,1087080885,UNH,UnitedHealth
2022-06-03,1087080885,UNP,Union Pacific
2022-06-03,1087080885,UPS,United Parcel Service
2022-06-03,1087080885,USB,U.S. Bank
2022-06-03,1087080885,V,Visa
2022-06-03,1087080885,VZ,Verizon
2022-06-03,1087080885,WBA,Walgreens Boots Alliance
2022-06-03,1087080885,WFC,Wells Fargo
2022-06-03,1087080885,WMT,Walmart
2022-06-03,1087080885,XOM,ExxonMobil
2022-06-10,1092242052,AAPL,Apple
2022-06-10,1092242052,ABBV,AbbVie
2022-06-10,1092242052,ABT,Abbott
2022-06-10,1092242052,ACN,Accenture
2022-06-10,1092242052,ADBE,Adobe
2022-06-10,1092242052,AIG,AIG
2022-06-10,1092242052,AMGN,Amgen
2022-06-10,1092242052,AMT,American Tower
2022-06-10,1092242052,AMZN,Amazon
2022-06-10,1092242052,AVGO,Broadcom
2022-06-10,1092242052,AXP,American Express
2022-06-10,1092242052,BA,Boeing
2022-06-10,1092242052,BAC,Bank of America
2022-06-10,1092242052,BK,BNY Mellon
2022-06-10,1092242052,BKNG,Booking Holdings
2022-06-10,1092242052,BLK,BlackRock
2022-06-10,1092242052,BMY,Bristol Myers Squibb
2022-06-10,1092242052,C,Citigroup
2022-06-10,1092242052,CAT,Caterpillar
2022-06-10,1092242052,CHTR,Charter Communications
2022-06-10,1092242052,CL,Colgate-Palmolive
2022-06-10,1092242052,CMCSA,Comcast
2022-06-10,1092242052,COF,Capital One
2022-06-10,1092242052,COP,ConocoPhillips
2022-06-10,1092242052,COST,Costco
2022-06-10,1092242052,CRM,Salesforce
2022-06-10,1092242052,CSCO,Cisco
2022-06-10,1092242052,CVS,CVS Health
2022-06-10,1092242052,CVX,Chevron
2022-06-10,1092242052,DD,DuPont
2022-06-10,1092242052,DHR,Danaher
2022-06-10,1092242052,DIS,Disney
2022-06-10,1092242052,DOW,Dow
2022-06-10,1092242052,DUK,Duke Energy
2022-06-10,1092242052,EMR,Emerson
2022-06-10,1092242052,EXC,Exelon
2022-06-10,1092242052,F,Ford
2022-06-10,1092242052,FDX,FedEx
2022-06-10,1092242052,GD,General Dynamics
2022-06-10,1092242052,GE,GE
2022-06-10,1092242052,GILD,Gilead
2022-06-10,1092242052,GM,GM
2022-06-10,1092242052,GOOG,Alphabet(Class C)
2022-06-10,1092242052,GOOGL,Alphabet (Class A)
2022-06-10,1092242052,GS,Goldman Sachs
2022-06-10,1092242052,HD,Home Depot
2022-06-10,1092242052,HON,Honeywell
2022-06-10,1092242052,IBM,IBM
2022-06-10,1092242052,INTC,Intel
2022-06-10,1092242052,JNJ,Johnson & Johnson
2022-06-10,1092242052,JPM,JPMorgan Chase
2022-06-10,1092242052,KHC,Kraft Heinz
2022-06-10,1092242052,KO,Coca-Cola
2022-06-10,1092242052,LIN,Linde
2022-06-10,1092242052,LLY,Lilly
2022-06-10,1092242052,LMT,Lockheed Martin
2022-06-10,1092242052,LOW,Lowe's
2022-06-10,1092242052,MA,Mastercard
2022-06-10,1092242052,MCD,McDonald's
2022-06-10,1092242052,MDLZ,Mondelēz International
2022-06-10,1092242052,MDT,Medtronic
2022-06-10,1092242052,MET,MetLife
2022-06-10,1092242052,META,Meta
2022-06-10,1092242052,MMM,3M
2022-06-10,1092242052,MO,Altria
2022-06-10,1092242052,MRK,Merck
2022-06-10,1092242052,MS,Morgan Stanley
2022-06-10,1092242052,MSFT,Microsoft
2022-06-10,1092242052,NEE,NextEra Energy
2022-06-10,1092242052,NFLX,Netflix
2022-06-10,1092242052,NKE,Nike
2022-06-10,1092242052,NVDA,Nvidia
2022-06-10,1092242052,ORCL,Oracle
2022-06-10,1092242052,PEP,PepsiCo
2022-06-10,1092242052,PFE,Pfizer
2022-06-10,1092242052,PG,Procter & Gamble
2022-06-10,1092242052,PM,Philip Morris International
2022-06-10,1092242052,PYPL,PayPal
2022-06-10,1092242052,QCOM,Qualcomm
2022-06-10,1092242052,RTX,Raytheon Technologies
2022-06-10,1092242052,SBUX,Starbucks
2022-06-10,1092242052,SCHW,Charles Schwab
2022-06-10,1092242052,SO,Southern Company
2022-06-10,1092242052,SPG,Simon
2022-06-10,1092242052,T,AT&T
2022-06-10,1092242052,TGT,Target
2022-06-10,1092242052,TMO,Thermo Fisher Scientific
2022-06-10,1092242052,TMUS,T-Mobile
2022-06-10,1092242052,TSLA,Tesla
2022-06-10,1092242052,TXN,Texas Instruments
2022-06-10,1092242052,UNH,UnitedHealth
2022-06-10,1092242052,UNP,Union Pacific
2022-06-10,1092242052,UPS,United Parcel Service
2022-06-10,1092242052,USB,U.S. Bank
2022-06-10,1092242052,V,Visa
2022-06-10,1092242052,VZ,Verizon
2022-06-10,1092242052,WBA,Walgreens Boots Alliance
2022-06-10,1092242052,WFC,Wells Fargo
2022-06-10,1092242052,WMT,Walmart
2022-06-10,1092242052,XOM,ExxonMobil
2022-06-17,1092242052,AAPL,Apple
2022-06-17,1092242052,ABBV,AbbVie
2022-06-17,1092242052,ABT,Abbott
2022-06-17,1092242052,ACN,Accenture
2022-06-17,1092242052,ADBE,Adobe
2022-06-17,1092242052,AIG,AIG
2022-06-17,1092242052,AMGN,Amgen
2022-06-17,1092242052,AMT,American Tower
2022-06-17,1092242052,AMZN,Amazon
2022-06-17,1092242052,AVGO,Broadcom
2022-06-17,1092242052,AXP,American Express
2022-06-17,1092242052,BA,Boeing
2022-06-17,1092242052,BAC,Bank of America
2022-06-17,1092242052,BK,BNY Mellon
2022-06-17,1092242052,BKNG,Booking Holdings
2022-06-17,1092242052,BLK,BlackRock
2022-06-17,1092242052,BMY,Bristol Myers Squibb
2022-06-17,1092242052,C,Citigroup
2022-06-17,1092242052,CAT,Caterpillar
2022-06-17,1092242052,CHTR,Charter Communications
2022-06-17,1092242052,CL,Colgate-Palmolive
2022-06-17,1092242052,CMCSA,Comcast
2022-06-17,1092242052,COF,Capital One
2022-06-17,1092242052,COP,ConocoPhillips
2022-06-17,1092242052,COST,Costco
2022-06-17,1092242052,CRM,Salesforce
2022-06-17,1092242052,CSCO,Cisco
2022-06-17,1092242052,CVS,CVS Health
2022-06-17,1092242052,CVX,Chevron
2022-06-17,1092242052,DD,DuPont
2022-06-17,1092242052,DHR,Danaher
2022-06-17,1092242052,DIS,Disney
2022-06-17,1092242052,DOW,Dow
2022-06-17,1092242052,DUK,Duke Energy
2022-06-17,1092242052,EMR,Emerson
2022-06-17,1092242052,EXC,Exelon
2022-06-17,1092242052,F,Ford
2022-06-17,1092242052,FDX,FedEx
2022-06-17,1092242052,GD,General Dynamics
2022-06-17,1092242052,GE,GE
2022-06-17,1092242052,GILD,Gilead
2022-06-17,1092242052,GM,GM
2022-06-17,1092242052,GOOG,Alphabet(Class C)
2022-06-17,1092242052,GOOGL,Alphabet (Class A)
2022-06-17,1092242052,GS,Goldman Sachs
2022-06-17,1092242052,HD,Home Depot
2022-06-17,1092242052,HON,Honeywell
2022-06-17,1092242052,IBM,IBM
2022-06-17,1092242052,INTC,Intel
2022-06-17,1092242052,JNJ,Johnson & Johnson
2022-06-17,1092242052,JPM,JPMorgan Chase
2022-06-17,1092242052,KHC,Kraft Heinz
2022-06-17,1092242052,KO,Coca-Cola
2022-06-17,1092242052,LIN,Linde
2022-06-17,1092242052,LLY,Lilly
2022-06-17,1092242052,LMT,Lockheed Martin
2022-06-17,1092242052,LOW,Lowe's
2022-06-17,1092242052,MA,Mastercard
2022-06-17,1092242052,MCD,McDonald's
2022-06-17,1092242052,MDLZ,Mondelēz International
2022-06-17,1092242052,MDT,Medtronic
2022-06-17,1092242052,MET,MetLife
2022-06-17,1092242052,META,Meta
2022-06-17,1092242052,MMM,3M
2022-06-17,1092242052,MO,Altria
2022-06-17,1092242052,MRK,Merck
2022-06-17,1092242052,MS,Morgan Stanley
2022-06-17,1092242052,MSFT,Microsoft
2022-06-17,1092242052,NEE,NextEra Energy
2022-06-17,1092242052,NFLX,Netflix
2022-06-17,1092242052,NKE,Nike
2022-06-17,1092242052,NVDA,Nvidia
2022-06-17,1092242052,ORCL,Oracle
2022-06-17,1092242052,PEP,PepsiCo
2022-06-17,1092242052,PFE,Pfizer
2022-06-17,1092242052,PG,Procter & Gamble
2022-06-17,1092242052,PM,Philip Morris International
2022-06-17,1092242052,PYPL,PayPal
2022-06-17,1092242052,QCOM,Qualcomm
2022-06-17,1092242052,RTX,Raytheon Technologies
2022-06-17,1092242052,SBUX,Starbucks
2022-06-17,1092242052,SCHW,Charles Schwab
2022-06-17,1092242052,SO,Southern Company
2022-06-17,1092242052,SPG,Simon
2022-06-17,1092242052,T,AT&T
2022-06-17,1092242052,TGT,Target
2022-06-17,1092242052,TMO,Thermo Fisher Scientific
2022-06-17,1092242052,TMUS,T-Mobile
2022-06-17,1092242052,TSLA,Tesla
2022-06-17,1092242052,TXN,Texas Instruments
2022-06-17,1092242052,UNH,UnitedHealth
2022-06-17,1092242052,UNP,Union Pacific
2022-06-17,1092242052,UPS,United Parcel Service
2022-06-17,1092242052,USB,U.S. Bank
2022-06-17,1092242052,V,Visa
2022-06-17,1092242052,VZ,Verizon
2022-06-17,1092242052,WBA,Walgreens Boots Alliance
2022-06-17,1092242052,WFC,Wells Fargo
2022-06-17,1092242052,WMT,Walmart
2022-06-17,1092242052,XOM,ExxonMobil
2022-06-24,1092242052,AAPL,Apple
2022-06-24,1092242052,ABBV,AbbVie
2022-06-24,1092242052,ABT,Abbott
2022-06-24,1092242052,ACN,Accenture
2022-06-24,1092242052,ADBE,Adobe
2022-06-24,1092242052,AIG,AIG
2022-06-24,1092242052,AMGN,Amgen
2022-06-24,1092242052,AMT,American Tower
2022-06-24,1092242052,AMZN,Amazon
2022-06-24,1092242052,AVGO,Broadcom
2022-06-24,1092242052,AXP,American Express
2022-06-24,1092242052,BA,Boeing
2022-06-24,1092242052,BAC,Bank of America
2022-06-24,1092242052,BK,BNY Mellon
2022-06-24,1092242052,BKNG,Booking Holdings
2022-06-24,1092242052,BLK,BlackRock
2022-06-24,1092242052,BMY,Bristol Myers Squibb
2022-06-24,1092242052,C,Citigroup
2022-06-24,1092242052,CAT,Caterpillar
2022-06-24,1092242052,CHTR,Charter Communications
2022-06-24,1092242052,CL,Colgate-Palmolive
2022-06-24,1092242052,CMCSA,Comcast
2022-06-24,1092242052,COF,Capital One
2022-06-24,1092242052,COP,ConocoPhillips
2022-06-24,1092242052,COST,Costco
2022-06-24,1092242052,CRM,Salesforce
2022-06-24,1092242052,CSCO,Cisco
2022-06-24,1092242052,CVS,CVS Health
2022-06-24,1092242052,CVX,Chevron
2022-06-24,1092242052,DD,DuPont
2022-06-24,1092242052,DHR,Danaher
2022-06-24,1092242052,DIS,Disney
2022-06-24,1092242052,DOW,Dow
2022-06-24,1092242052,DUK,Duke Energy
2022-06-24,1092242052,EMR,Emerson
2022-06-24,1092242052,EXC,Exelon
2022-06-24,1092242052,F,Ford
2022-06-24,1092242052,FDX,FedEx
2022-06-24,1092242052,GD,General Dynamics
2022-06-24,1092242052,GE,GE
2022-06-24,1092242052,GILD,Gilead
2022-06-24,1092242052,GM,GM
2022-06-24,1092242052,GOOG,Alphabet(Class C)
2022-06-24,1092242052,GOOGL,Alphabet (Class A)
2022-06-24,1092242052,GS,Goldman Sachs
2022-06-24,1092242052,HD,Home Depot
2022-06-24,1092242052,HON,Honeywell
2022-06-24,1092242052,IBM,IBM
2022-06-24,1092242052,INTC,Intel
2022-06-24,1092242052,JNJ,Johnson & Johnson
2022-06-24,1092242052,JPM,JPMorgan Chase
2022-06-24,1092242052,KHC,Kraft Heinz
2022-06-24,1092242052,KO,Coca-Cola
2022-06-24,1092242052,LIN,Linde
2022-06-24,1092242052,LLY,Lilly
2022-06-24,1092242052,LMT,Lockheed Martin
2022-06-24,1092242052,LOW,Lowe's
2022-06-24,1092242052,MA,Mastercard
2022-06-24,1092242052,MCD,McDonald's
2022-06-24,1092242052,MDLZ,Mondelēz International
2022-06-24,1092242052,MDT,Medtronic
2022-06-24,1092242052,MET,MetLife
2022-06-24,1092242052,META,Meta
2022-06-24,1092242052,MMM,3M
2022-06-24,1092242052,MO,Altria
2022-06-24,1092242052,MRK,Merck
2022-06-24,1092242052,MS,Morgan Stanley
2022-06-24,1092242052,MSFT,Microsoft
2022-06-24,1092242052,NEE,NextEra Energy
2022-06-24,1092242052,NFLX,Netflix
2022-06-24,1092242052,NKE,Nike
2022-06-24,1092242052,NVDA,Nvidia
2022-06-24,1092242052,ORCL,Oracle
2022-06-24,1092242052,PEP,PepsiCo
2022-06-24,1092242052,PFE,Pfizer
2022-06-24,1092242052,PG,Procter & Gamble
2022-06-24,1092242052,PM,Philip Morris International
2022-06-24,1092242052,PYPL,PayPal
2022-06-24,1092242052,QCOM,Qualcomm
2022-06-24,1092242052,RTX,Raytheon Technologies
2022-06-24,1092242052,SBUX,Starbucks
2022-06-24,1092242052,SCHW,Charles Schwab
2022-06-24,1092242052,SO,Southern Company
2022-06-24,1092242052,SPG,Simon
2022-06-24,1092242052,T,AT&T
2022-06-24,1092242052,TGT,Target
2022-06-24,1092242052,TMO,Thermo Fisher Scientific
2022-06-24,1092242052,TMUS,T-Mobile
2022-06-24,1092242052,TSLA,Tesla
2022-06-24,1092242052,TXN,Texas Instruments
2022-06-24,1092242052,UNH,UnitedHealth
2022-06-24,1092242052,UNP,Union Pacific
2022-06-24,1092242052,UPS,United Parcel Service
2022-06-24,1092242052,USB,U.S. Bank
2022-06-24,1092242052,V,Visa
2022-06-24,1092242052,VZ,Verizon
2022-06-24,1092242052,WBA,Walgreens Boots Alliance
2022-06-24,1092242052,WFC,Wells Fargo
2022-06-24,1092242052,WMT,Walmart
2022-06-24,1092242052,XOM,ExxonMobil
2022-07-01,1092242052,AAPL,Apple
2022-07-01,1092242052,ABBV,AbbVie
2022-07-01,1092242052,ABT,Abbott
2022-07-01,1092242052,ACN,Accenture
2022-07-01,1092242052,ADBE,Adobe
2022-07-01,1092242052,AIG,AIG
2022-07-01,1092242052,AMGN,Amgen
2022-07-01,1092242052,AMT,American Tower
2022-07-01,1092242052,AMZN,Amazon
2022-07-01,1092242052,AVGO,Broadcom
2022-07-01,1092242052,AXP,American Express
2022-07-01,1092242052,BA,Boeing
2022-07-01,1092242052,BAC,Bank of America
2022-07-01,1092242052,BK,BNY Mellon
2022-07-01,1092242052,BKNG,Booking Holdings
2022-07-01,1092242052,BLK,BlackRock
2022-07-01,1092242052,BMY,Bristol Myers Squibb
2022-07-01,1092242052,C,Citigroup
2022-07-01,1092242052,CAT,Caterpillar
2022-07-01,1092242052,CHTR,Charter Communications
2022-07-01,1092242052,CL,Colgate-Palmolive
2022-07-01,1092242052,CMCSA,Comcast
2022-07-01,1092242052,COF,Capital One
2022-07-01,1092242052,COP,ConocoPhillips
2022-07-01,1092242052,COST,Costco
2022-07-01,1092242052,CRM,Salesforce
2022-07-01,1092242052,CSCO,Cisco
2022-07-01,1092242052,CVS,CVS Health
2022-07-01,1092242052,CVX,Chevron
2022-07-01,1092242052,DD,DuPont
2022-07-01,1092242052,DHR,Danaher
2022-07-01,1092242052,DIS,Disney
2022-07-01,1092242052,DOW,Dow
2022-07-01,1092242052,DUK,Duke Energy
2022-07-01,1092242052,EMR,Emerson
2022-07-01,1092242052,EXC,Exelon
2022-07-01,1092242052,F,Ford
2022-07-01,1092242052,FDX,FedEx
2022-07-01,1092242052,GD,General Dynamics
2022-07-01,1092242052,GE,GE
2022-07-01,1092242052,GILD,Gilead
2022-07-01,1092242052,GM,GM
2022-07-01,1092242052,GOOG,Alphabet(Class C)
2022-07-01,1092242052,GOOGL,Alphabet (Class A)
2022-07-01,1092242052,GS,Goldman Sachs
2022-07-01,1092242052,HD,Home Depot
2022-07-01,1092242052,HON,Honeywell
2022-07-01,1092242052,IBM,IBM
2022-07-01,1092242052,INTC,Intel
2022-07-01,1092242052,JNJ,Johnson & Johnson
2022-07-01,1092242052,JPM,JPMorgan Chase
2022-07-01,1092242052,KHC,Kraft Heinz
2022-07-01,1092242052,KO,Coca-Cola
2022-07-01,1092242052,LIN,Linde
2022-07-01,1092242052,LLY,Lilly
2022-07-01,1092242052,LMT,Lockheed Martin
2022-07-01,1092242052,LOW,Lowe's
2022-07-01,1092242052,MA,Mastercard
2022-07-01,1092242052,MCD,McDonald's
2022-07-01,1092242052,MDLZ,Mondelēz International
2022-07-01,1092242052,MDT,Medtronic
2022-07-01,1092242052,MET,MetLife
2022-07-01,1092242052,META,Meta
2022-07-01,1092242052,MMM,3M
2022-07-01,1092242052,MO,Altria
2022-07-01,1092242052,MRK,Merck
2022-07-01,1092242052,MS,Morgan Stanley
2022-07-01,1092242052,MSFT,Microsoft
2022-07-01,1092242052,NEE,NextEra Energy
2022-07-01,1092242052,NFLX,Netflix
2022-07-01,1092242052,NKE,Nike
2022-07-01,1092242052,NVDA,Nvidia
2022-07-01,1092242052,ORCL,Oracle
2022-07-01,1092242052,PEP,PepsiCo
2022-07-01,1092242052,PFE,Pfizer
2022-07-01,1092242052,PG,Procter & Gamble
2022-07-01,1092242052,PM,Philip Morris International
2022-07-01,1092242052,PYPL,PayPal
2022-07-01,1092242052,QCOM,Qualcomm
2022-07-01,1092242052,RTX,Raytheon Technologies
2022-07-01,1092242052,SBUX,Starbucks
2022-07-01,1092242052,SCHW,Charles Schwab
2022-07-01,1092242052,SO,Southern Company
2022-07-01,1092242052,SPG,Simon
2022-07-01,1092242052,T,AT&T
2022-07-01,1092242052,TGT,Target
2022-07-01,1092242052,TMO,Thermo Fisher Scientific
2022-07-01,1092242052,TMUS,T-Mobile
2022-07-01,1092242052,TSLA,Tesla
2022-07-01,1092242052,TXN,Texas Instruments
2022-07-01,1092242052,UNH,UnitedHealth
2022-07-01,1092242052,UNP,Union Pacific
2022-07-01,1092242052,UPS,United Parcel Service
2022-07-01,1092242052,USB,U.S. Bank
2022-07-01,1092242052,V,Visa
2022-07-01,1092242052,VZ,Verizon
2022-07-01,1092242052,WBA,Walgreens Boots Alliance
2022-07-01,1092242052,WFC,Wells Fargo
2022-07-01,1092242052,WMT,Walmart
2022-07-01,1092242052,XOM,ExxonMobil
2022-07-08,1092242052,AAPL,Apple
2022-07-08,1092242052,ABBV,AbbVie
2022-07-08,1092242052,ABT,Abbott
2022-07-08,1092242052,ACN,Accenture
2022-07-08,1092242052,ADBE,Adobe
2022-07-08,1092242052,AIG,AIG
2022-07-08,1092242052,AMGN,Amgen
2022-07-08,1092242052,AMT,American Tower
2022-07-08,1092242052,AMZN,Amazon
2022-07-08,1092242052,AVGO,Broadcom
2022-07-08,1092242052,AXP,American Express
2022-07-08,1092242052,BA,Boeing
2022-07-08,1092242052,BAC,Bank of America
2022-07-08,1092242052,BK,BNY Mellon
2022-07-08,1092242052,BKNG,Booking Holdings
2022-07-08,1092242052,BLK,BlackRock
2022-07-08,1092242052,BMY,Bristol Myers Squibb
2022-07-08,1092242052,C,Citigroup
2022-07-08,1092242052,CAT,Caterpillar
2022-07-08,1092242052,CHTR,Charter Communications
2022-07-08,1092242052,CL,Colgate-Palmolive
2022-07-08,1092242052,CMCSA,Comcast
2022-07-08,1092242052,COF,Capital One
2022-07-08,1092242052,COP,ConocoPhillips
2022-07-08,1092242052,COST,Costco
2022-07-08,1092242052,CRM,Salesforce
2022-07-08,1092242052,CSCO,Cisco
2022-07-08,1092242052,CVS,CVS Health
2022-07-08,1092242052,CVX,Chevron
2022-07-08,1092242052,DD,DuPont
2022-07-08,1092242052,DHR,Danaher
2022-07-08,1092242052,DIS,Disney
2022-07-08,1092242052,DOW,Dow
2022-07-08,1092242052,DUK,Duke Energy
2022-07-08,1092242052,EMR,Emerson
2022-07-08,1092242052,EXC,Exelon
2022-07-08,1092242052,F,Ford
2022-07-08,1092242052,FDX,FedEx
2022-07-08,1092242052,GD,General Dynamics
2022-07-08,1092242052,GE,GE
2022-07-08,1092242052,GILD,Gilead
2022-07-08,1092242052,GM,GM
2022-07-08,1092242052,GOOG,Alphabet(Class C)
2022-07-08,1092242052,GOOGL,Alphabet (Class A)
2022-07-08,1092242052,GS,Goldman Sachs
2022-07-08,1092242052,HD,Home Depot
2022-07-08,1092242052,HON,Honeywell
2022-07-08,1092242052,IBM,IBM
2022-07-08,1092242052,INTC,Intel
2022-07-08,1092242052,JNJ,Johnson & Johnson
2022-07-08,1092242052,JPM,JPMorgan Chase
2022-07-08,1092242052,KHC,Kraft Heinz
2022-07-08,1092242052,KO,Coca-Cola
2022-07-08,1092242052,LIN,Linde
2022-07-08,1092242052,LLY,Lilly
2022-07-08,1092242052,LMT,Lockheed Martin
2022-07-08,1092242052,LOW,Lowe's
2022-07-08,1092242052,MA,Mastercard
2022-07-08,1092242052,MCD,McDonald's
2022-07-08,1092242052,MDLZ,Mondelēz International
2022-07-08,1092242052,MDT,Medtronic
2022-07-08,1092242052,MET,MetLife
2022-07-08,1092242052,META,Meta
2022-07-08,1092242052,MMM,3M
2022-07-08,1092242052,MO,Altria
2022-07-08,1092242052,MRK,Merck
2022-07-08,1092242052,MS,Morgan Stanley
2022-07-08,1092242052,MSFT,Microsoft
2022-07-08,1092242052,NEE,NextEra Energy
2022-07-08,1092242052,NFLX,Netflix
2022-07-08,1092242052,NKE,Nike
2022-07-08,1092242052,NVDA,Nvidia
2022-07-08,1092242052,ORCL,Oracle
2022-07-08,1092242052,PEP,PepsiCo
2022-07-08,1092242052,PFE,Pfizer
2022-07-08,1092242052,PG,Procter & Gamble
2022-07-08,1092242052,PM,Philip Morris International
2022-07-08,1092242052,PYPL,PayPal
2022-07-08,1092242052,QCOM,Qualcomm
2022-07-08,1092242052,RTX,Raytheon Technologies
2022-07-08,1092242052,SBUX,Starbucks
2022-07-08,1092242052,SCHW,Charles Schwab
2022-07-08,1092242052,SO,Southern Company
2022-07-08,1092242052,SPG,Simon
2022-07-08,1092242052,T,AT&T
2022-07-08,1092242052,TGT,Target
2022-07-08,1092242052,TMO,Thermo Fisher Scientific
2022-07-08,1092242052,TMUS,T-Mobile
2022-07-08,1092242052,TSLA,Tesla
2022-07-08,1092242052,TXN,Texas Instruments
2022-07-08,1092242052,UNH,UnitedHealth
2022-07-08,1092242052,UNP,Union Pacific
2022-07-08,1092242052,UPS,United Parcel Service
2022-07-08,1092242052,USB,U.S. Bank
2022-07-08,1092242052,V,Visa
2022-07-08,1092242052,VZ,Verizon
2022-07-08,1092242052,WBA,Walgreens Boots Alliance
2022-07-08,1092242052,WFC,Wells Fargo
2022-07-08,1092242052,WMT,Walmart
2022-07-08,1092242052,XOM,ExxonMobil
2022-07-15,1092242052,AAPL,Apple
2022-07-15,1092242052,ABBV,AbbVie
2022-07-15,1092242052,ABT,Abbott
2022-07-15,1092242052,ACN,Accenture
2022-07-15,1092242052,ADBE,Adobe
2022-07-15,1092242052,AIG,AIG
2022-07-15,1092242052,AMGN,Amgen
2022-07-15,1092242052,AMT,American Tower
2022-07-15,1092242052,AMZN,Amazon
2022-07-15,1092242052,AVGO,Broadcom
2022-07-15,1092242052,AXP,American Express
2022-07-15,1092242052,BA,Boeing
2022-07-15,1092242052,BAC,Bank of America
2022-07-15,1092242052,BK,BNY Mellon
2022-07-15,1092242052,BKNG,Booking Holdings
2022-07-15,1092242052,BLK,BlackRock
2022-07-15,1092242052,BMY,Bristol Myers Squibb
2022-07-15,1092242052,C,Citigroup
2022-07-15,1092242052,CAT,Caterpillar
2022-07-15,1092242052,CHTR,Charter Communications
2022-07-15,1092242052,CL,Colgate-Palmolive
2022-07-15,1092242052,CMCSA,Comcast
2022-07-15,1092242052,COF,Capital One
2022-07-15,1092242052,COP,ConocoPhillips
2022-07-15,1092242052,COST,Costco
2022-07-15,1092242052,CRM,Salesforce
2022-07-15,1092242052,CSCO,Cisco
2022-07-15,1092242052,CVS,CVS Health
2022-07-15,1092242052,CVX,Chevron
2022-07-15,1092242052,DD,DuPont
2022-07-15,1092242052,DHR,Danaher
2022-07-15,1092242052,DIS,Disney
2022-07-15,1092242052,DOW,Dow
2022-07-15,1092242052,DUK,Duke Energy
2022-07-15,1092242052,EMR,Emerson
2022-07-15,1092242052,EXC,Exelon
2022-07-15,1092242052,F,Ford
2022-07-15,1092242052,FDX,FedEx
2022-07-15,1092242052,GD,General Dynamics
2022-07-15,1092242052,GE,GE
2022-07-15,1092242052,GILD,Gilead
2022-07-15,1092242052,GM,GM
2022-07-15,1092242052,GOOG,Alphabet(Class C)
2022-07-15,1092242052,GOOGL,Alphabet (Class A)
2022-07-15,1092242052,GS,Goldman Sachs
2022-07-15,1092242052,HD,Home Depot
2022-07-15,1092242052,HON,Honeywell
2022-07-15,1092242052,IBM,IBM
2022-07-15,1092242052,INTC,Intel
2022-07-15,1092242052,JNJ,Johnson & Johnson
2022-07-15,1092242052,JPM,JPMorgan Chase
2022-07-15,1092242052,KHC,Kraft Heinz
2022-07-15,1092242052,KO,Coca-Cola
2022-07-15,1092242052,LIN,Linde
2022-07-15,1092242052,LLY,Lilly
2022-07-15,1092242052,LMT,Lockheed Martin
2022-07-15,1092242052,LOW,Lowe's
2022-07-15,1092242052,MA,Mastercard
2022-07-15,1092242052,MCD,McDonald's
2022-07-15,1092242052,MDLZ,Mondelēz International
2022-07-15,1092242052,MDT,Medtronic
2022-07-15,1092242052,MET,MetLife
2022-07-15,1092242052,META,Meta
2022-07-15,1092242052,MMM,3M
2022-07-15,1092242052,MO,Altria
2022-07-15,1092242052,MRK,Merck
2022-07-15,1092242052,MS,Morgan Stanley
2022-07-15,1092242052,MSFT,Microsoft
2022-07-15,1092242052,NEE,NextEra Energy
2022-07-15,1092242052,NFLX,Netflix
2022-07-15,1092242052,NKE,Nike
2022-07-15,1092242052,NVDA,Nvidia
2022-07-15,1092242052,ORCL,Oracle
2022-07-15,1092242052,PEP,PepsiCo
2022-07-15,1092242052,PFE,Pfizer
2022-07-15,1092242052,PG,Procter & Gamble
2022-07-15,1092242052,PM,Philip Morris International
2022-07-15,1092242052,PYPL,PayPal
2022-07-15,1092242052,QCOM,Qualcomm
2022-07-15,1092242052,RTX,Raytheon Technologies
2022-07-15,1092242052,SBUX,Starbucks
2022-07-15,1092242052,SCHW,Charles Schwab
2022-07-15,1092242052,SO,Southern Company
2022-07-15,1092242052,SPG,Simon
2022-07-15,1092242052,T,AT&T
2022-07-15,1092242052,TGT,Target
2022-07-15,1092242052,TMO,Thermo Fisher Scientific
2022-07-15,1092242052,TMUS,T-Mobile
2022-07-15,1092242052,TSLA,Tesla
2022-07-15,1092242052,TXN,Texas Instruments
2022-07-15,1092242052,UNH,UnitedHealth
2022-07-15,1092242052,UNP,Union Pacific
2022-07-15,1092242052,UPS,United Parcel Service
2022-07-15,1092242052,USB,U.S. Bank
2022-07-15,1092242052,V,Visa
2022-07-15,1092242052,VZ,Verizon
2022-07-15,1092242052,WBA,Walgreens Boots Alliance
2022-07-15,1092242052,WFC,Wells Fargo
2022-07-15,1092242052,WMT,Walmart
2022-07-15,1092242052,XOM,ExxonMobil
2022-07-22,1092242052,AAPL,Apple
2022-07-22,1092242052,ABBV,AbbVie
2022-07-22,1092242052,ABT,Abbott
2022-07-22,1092242052,ACN,Accenture
2022-07-22,1092242052,ADBE,Adobe
2022-07-22,1092242052,AIG,AIG
2022-07-22,1092242052,AMGN,Amgen
2022-07-22,1092242052,AMT,American Tower
2022-07-22,1092242052,AMZN,Amazon
2022-07-22,1092242052,AVGO,Broadcom
2022-07-22,1092242052,AXP,American Express
2022-07-22,1092242052,BA,Boeing
2022-07-22,1092242052,BAC,Bank of America
2022-07-22,1092242052,BK,BNY Mellon
2022-07-22,1092242052,BKNG,Booking Holdings
2022-07-22,1092242052,BLK,BlackRock
2022-07-22,1092242052,BMY,Bristol Myers Squibb
2022-07-22,1092242052,C,Citigroup
2022-07-22,1092242052,CAT,Caterpillar
2022-07-22,1092242052,CHTR,Charter Communications
2022-07-22,1092242052,CL,Colgate-Palmolive
2022-07-22,1092242052,CMCSA,Comcast
2022-07-22,1092242052,COF,Capital One
2022-07-22,1092242052,COP,ConocoPhillips
2022-07-22,1092242052,COST,Costco
2022-07-22,1092242052,CRM,Salesforce
2022-07-22,1092242052,CSCO,Cisco
2022-07-22,1092242052,CVS,CVS Health
2022-07-22,1092242052,CVX,Chevron
2022-07-22,1092242052,DD,DuPont
2022-07-22,1092242052,DHR,Danaher
2022-07-22,1092242052,DIS,Disney
2022-07-22,1092242052,DOW,Dow
2022-07-22,1092242052,DUK,Duke Energy
2022-07-22,1092242052,EMR,Emerson
2022-07-22,1092242052,EXC,Exelon
2022-07-22,1092242052,F,Ford
2022-07-22,1092242052,FDX,FedEx
2022-07-22,1092242052,GD,General Dynamics
2022-07-22,1092242052,GE,GE
2022-07-22,1092242052,GILD,Gilead
2022-07-22,1092242052,GM,GM
2022-07-22,1092242052,GOOG,Alphabet(Class C)
2022-07-22,1092242052,GOOGL,Alphabet (Class A)
2022-07-22,1092242052,GS,Goldman Sachs
2022-07-22,1092242052,HD,Home Depot
2022-07-22,1092242052,HON,Honeywell
2022-07-22,1092242052,IBM,IBM
2022-07-22,1092242052,INTC,Intel
2022-07-22,1092242052,JNJ,Johnson & Johnson
2022-07-22,1092242052,JPM,JPMorgan Chase
2022-07-22,1092242052,KHC,Kraft Heinz
2022-07-22,1092242052,KO,Coca-Cola
2022-07-22,1092242052,LIN,Linde
2022-07-22,1092242052,LLY,Lilly
2022-07-22,1092242052,LMT,Lockheed Martin
2022-07-22,1092242052,LOW,Lowe's
2022-07-22,1092242052,MA,Mastercard
2022-07-22,1092242052,MCD,McDonald's
2022-07-22,1092242052,MDLZ,Mondelēz International
2022-07-22,1092242052,MDT,Medtronic
2022-07-22,1092242052,MET,MetLife
2022-07-22,1092242052,META,Meta
2022-07-22,1092242052,MMM,3M
2022-07-22,1092242052,MO,Altria
2022-07-22,1092242052,MRK,Merck
2022-07-22,1092242052,MS,Morgan Stanley
2022-07-22,1092242052,MSFT,Microsoft
2022-07-22,1092242052,NEE,NextEra Energy
2022-07-22,1092242052,NFLX,Netflix
2022-07-22,1092242052,NKE,Nike
2022-07-22,1092242052,NVDA,Nvidia
2022-07-22,1092242052,ORCL,Oracle
2022-07-22,1092242052,PEP,PepsiCo
2022-07-22,1092242052,PFE,Pfizer
2022-07-22,1092242052,PG,Procter & Gamble
2022-07-22,1092242052,PM,Philip Morris International
2022-07-22,1092242052,PYPL,PayPal
2022-07-22,1092242052,QCOM,Qualcomm
2022-07-22,1092242052,RTX,Raytheon Technologies
2022-07-22,1092242052,SBUX,Starbucks
2022-07-22,1092242052,SCHW,Charles Schwab
2022-07-22,1092242052,SO,Southern Company
2022-07-22,1092242052,SPG,Simon
2022-07-22,1092242052,T,AT&T
2022-07-22,1092242052,TGT,Target
2022-07-22,1092242052,TMO,Thermo Fisher Scientific
2022-07-22,1092242052,TMUS,T-Mobile
2022-07-22,1092242052,TSLA,Tesla
2022-07-22,1092242052,TXN,Texas Instruments
2022-07-22,1092242052,UNH,UnitedHealth
2022-07-22,1092242052,UNP,Union Pacific
2022-07-22,1092242052,UPS,United Parcel Service
2022-07-22,1092242052,USB,U.S. Bank
2022-07-22,1092242052,V,Visa
2022-07-22,1092242052,VZ,Verizon
2022-07-22,1092242052,WBA,Walgreens Boots Alliance
2022-07-22,1092242052,WFC,Wells Fargo
2022-07-22,1092242052,WMT,Walmart
2022-07-22,1092242052,XOM,ExxonMobil
2022-07-29,1092242052,AAPL,Apple
2022-07-29,1092242052,ABBV,AbbVie
2022-07-29,1092242052,ABT,Abbott
2022-07-29,1092242052,ACN,Accenture
2022-07-29,1092242052,ADBE,Adobe
2022-07-29,1092242052,AIG,AIG
2022-07-29,1092242052,AMGN,Amgen
2022-07-29,1092242052,AMT,American Tower
2022-07-29,1092242052,AMZN,Amazon
2022-07-29,1092242052,AVGO,Broadcom
2022-07-29,1092242052,AXP,American Express
2022-07-29,1092242052,BA,Boeing
2022-07-29,1092242052,BAC,Bank of America
2022-07-29,1092242052,BK,BNY Mellon
2022-07-29,1092242052,BKNG,Booking Holdings
2022-07-29,1092242052,BLK,BlackRock
2022-07-29,1092242052,BMY,Bristol Myers Squibb
2022-07-29,1092242052,C,Citigroup
2022-07-29,1092242052,CAT,Caterpillar
2022-07-29,1092242052,CHTR,Charter Communications
2022-07-29,1092242052,CL,Colgate-Palmolive
2022-07-29,1092242052,CMCSA,Comcast
2022-07-29,1092242052,COF,Capital One
2022-07-29,1092242052,COP,ConocoPhillips
2022-07-29,1092242052,COST,Costco
2022-07-29,1092242052,CRM,Salesforce
2022-07-29,1092242052,CSCO,Cisco
2022-07-29,1092242052,CVS,CVS Health
2022-07-29,1092242052,CVX,Chevron
2022-07-29,1092242052,DD,DuPont
2022-07-29,1092242052,DHR,Danaher
2022-07-29,1092242052,DIS,Disney
2022-07-29,1092242052,DOW,Dow
2022-07-29,1092242052,DUK,Duke Energy
2022-07-29,1092242052,EMR,Emerson
2022-07-29,1092242052,EXC,Exelon
2022-07-29,1092242052,F,Ford
2022-07-29,1092242052,FDX,FedEx
2022-07-29,1092242052,GD,General Dynamics
2022-07-29,1092242052,GE,GE
2022-07-29,1092242052,GILD,Gilead
2022-07-29,1092242052,GM,GM
2022-07-29,1092242052,GOOG,Alphabet(Class C)
2022-07-29,1092242052,GOOGL,Alphabet (Class A)
2022-07-29,1092242052,GS,Goldman Sachs
2022-07-29,1092242052,HD,Home Depot
2022-07-29,1092242052,HON,Honeywell
2022-07-29,1092242052,IBM,IBM
2022-07-29,1092242052,INTC,Intel
2022-07-29,1092242052,JNJ,Johnson & Johnson
2022-07-29,1092242052,JPM,JPMorgan Chase
2022-07-29,1092242052,KHC,Kraft Heinz
2022-07-29,1092242052,KO,Coca-Cola
2022-07-29,1092242052,LIN,Linde
2022-07-29,1092242052,LLY,Lilly
2022-07-29,1092242052,LMT,Lockheed Martin
2022-07-29,1092242052,LOW,Lowe's
2022-07-29,1092242052,MA,Mastercard
2022-07-29,1092242052,MCD,McDonald's
2022-07-29,1092242052,MDLZ,Mondelēz International
2022-07-29,1092242052,MDT,Medtronic
2022-07-29,1092242052,MET,MetLife
2022-07-29,1092242052,META,Meta
2022-07-29,1092242052,MMM,3M
2022-07-29,1092242052,MO,Altria
2022-07-29,1092242052,MRK,Merck
2022-07-29,1092242052,MS,Morgan Stanley
2022-07-29,1092242052,MSFT,Microsoft
2022-07-29,1092242052,NEE,NextEra Energy
2022-07-29,1092242052,NFLX,Netflix
2022-07-29,1092242052,NKE,Nike
2022-07-29,1092242052,NVDA,Nvidia
2022-07-29,1092242052,ORCL,Oracle
2022-07-29,1092242052,PEP,PepsiCo
2022-07-29,1092242052,PFE,Pfizer
2022-07-29,1092242052,PG,Procter & Gamble
2022-07-29,1092242052,PM,Philip Morris International
2022-07-29,1092242052,PYPL,PayPal
2022-07-29,1092242052,QCOM,Qualcomm
2022-07-29,1092242052,RTX,Raytheon Technologies
2022-07-29,1092242052,SBUX,Starbucks
2022-07-29,1092242052,SCHW,Charles Schwab
2022-07-29,1092242052,SO,Southern Company
2022-07-29,1092242052,SPG,Simon
2022-07-29,1092242052,T,AT&T
2022-07-29,1092242052,TGT,Target
2022-07-29,1092242052,TMO,Thermo Fisher Scientific
2022-07-29,1092242052,TMUS,T-Mobile
2022-07-29,1092242052,TSLA,Tesla
2022-07-29,1092242052,TXN,Texas Instruments
2022-07-29,1092242052,UNH,UnitedHealth
2022-07-29,1092242052,UNP,Union Pacific
2022-07-29,1092242052,UPS,United Parcel Service
2022-07-29,1092242052,USB,U.S. Bank
2022-07-29,1092242052,V,Visa
2022-07-29,1092242052,VZ,Verizon
2022-07-29,1092242052,WBA,Walgreens Boots Alliance
2022-07-29,1092242052,WFC,Wells Fargo
2022-07-29,1092242052,WMT,Walmart
2022-07-29,1092242052,XOM,ExxonMobil
2022-08-05,1092242052,AAPL,Apple
2022-08-05,1092242052,ABBV,AbbVie
2022-08-05,1092242052,ABT,Abbott
2022-08-05,1092242052,ACN,Accenture
2022-08-05,1092242052,ADBE,Adobe
2022-08-05,1092242052,AIG,AIG
2022-08-05,1092242052,AMGN,Amgen
2022-08-05,1092242052,AMT,American Tower
2022-08-05,1092242052,AMZN,Amazon
2022-08-05,1092242052,AVGO,Broadcom
2022-08-05,1092242052,AXP,American Express
2022-08-05,1092242052,BA,Boeing
2022-08-05,1092242052,BAC,Bank of America
2022-08-05,1092242052,BK,BNY Mellon
2022-08-05,1092242052,BKNG,Booking Holdings
2022-08-05,1092242052,BLK,BlackRock
2022-08-05,1092242052,BMY,Bristol Myers Squibb
2022-08-05,1092242052,C,Citigroup
2022-08-05,1092242052,CAT,Caterpillar
2022-08-05,1092242052,CHTR,Charter Communications
2022-08-05,1092242052,CL,Colgate-Palmolive
2022-08-05,1092242052,CMCSA,Comcast
2022-08-05,1092242052,COF,Capital One
2022-08-05,1092242052,COP,ConocoPhillips
2022-08-05,1092242052,COST,Costco
2022-08-05,1092242052,CRM,Salesforce
2022-08-05,1092242052,CSCO,Cisco
2022-08-05,1092242052,CVS,CVS Health
2022-08-05,1092242052,CVX,Chevron
2022-08-05,1092242052,DD,DuPont
2022-08-05,1092242052,DHR,Danaher
2022-08-05,1092242052,DIS,Disney
2022-08-05,1092242052,DOW,Dow
2022-08-05,1092242052,DUK,Duke Energy
2022-08-05,1092242052,EMR,Emerson
2022-08-05,1092242052,EXC,Exelon
2022-08-05,1092242052,F,Ford
2022-08-05,1092242052,FDX,FedEx
2022-08-05,1092242052,GD,General Dynamics
2022-08-05,1092242052,GE,GE
2022-08-05,1092242052,GILD,Gilead
2022-08-05,1092242052,GM,GM
2022-08-05,1092242052,GOOG,Alphabet(Class C)
2022-08-05,1092242052,GOOGL,Alphabet (Class A)
2022-08-05,1092242052,GS,Goldman Sachs
2022-08-05,1092242052,HD,Home Depot
2022-08-05,1092242052,HON,Honeywell
2022-08-05,1092242052,IBM,IBM
2022-08-05,1092242052,INTC,Intel
2022-08-05,1092242052,JNJ,Johnson & Johnson
2022-08-05,1092242052,JPM,JPMorgan Chase
2022-08-05,1092242052,KHC,Kraft Heinz
2022-08-05,1092242052,KO,Coca-Cola
2022-08-05,1092242052,LIN,Linde
2022-08-05,1092242052,LLY,Lilly
2022-08-05,1092242052,LMT,Lockheed Martin
2022-08-05,1092242052,LOW,Lowe's
2022-08-05,1092242052,MA,Mastercard
2022-08-05,1092242052,MCD,McDonald's
2022-08-05,1092242052,MDLZ,Mondelēz International
2022-08-05,1092242052,MDT,Medtronic
2022-08-05,1092242052,MET,MetLife
2022-08-05,1092242052,META,Meta
2022-08-05,1092242052,MMM,3M
2022-08-05,1092242052,MO,Altria
2022-08-05,1092242052,MRK,Merck
2022-08-05,1092242052,MS,Morgan Stanley
2022-08-05,1092242052,MSFT,Microsoft
2022-08-05,1092242052,NEE,NextEra Energy
2022-08-05,1092242052,NFLX,Netflix
2022-08-05,1092242052,NKE,Nike
2022-08-05,1092242052,NVDA,Nvidia
2022-08-05,1092242052,ORCL,Oracle
2022-08-05,1092242052,PEP,PepsiCo
2022-08-05,1092242052,PFE,Pfizer
2022-08-05,1092242052,PG,Procter & Gamble
2022-08-05,1092242052,PM,Philip Morris International
2022-08-05,1092242052,PYPL,PayPal
2022-08-05,1092242052,QCOM,Qualcomm
2022-08-05,1092242052,RTX,Raytheon Technologies
2022-08-05,1092242052,SBUX,Starbucks
2022-08-05,1092242052,SCHW,Charles Schwab
2022-08-05,1092242052,SO,Southern Company
2022-08-05,1092242052,SPG,Simon
2022-08-05,1092242052,T,AT&T
2022-08-05,1092242052,TGT,Target
2022-08-05,1092242052,TMO,Thermo Fisher Scientific
2022-08-05,1092242052,TMUS,T-Mobile
2022-08-05,1092242052,TSLA,Tesla
2022-08-05,1092242052,TXN,Texas Instruments
2022-08-05,1092242052,UNH,UnitedHealth
2022-08-05,1092242052,UNP,Union Pacific
2022-08-05,1092242052,UPS,United Parcel Service
2022-08-05,1092242052,USB,U.S. Bank
2022-08-05,1092242052,V,Visa
2022-08-05,1092242052,VZ,Verizon
2022-08-05,1092242052,WBA,Walgreens Boots Alliance
2022-08-05,1092242052,WFC,Wells Fargo
2022-08-05,1092242052,WMT,Walmart
2022-08-05,1092242052,XOM,ExxonMobil
2022-08-12,1103798869,AAPL,Apple
2022-08-12,1103798869,ABBV,AbbVie
2022-08-12,1103798869,ABT,Abbott
2022-08-12,1103798869,ACN,Accenture
2022-08-12,1103798869,ADBE,Adobe
2022-08-12,1103798869,AIG,AIG
2022-08-12,1103798869,AMGN,Amgen
2022-08-12,1103798869,AMT,American Tower
2022-08-12,1103798869,AMZN,Amazon
2022-08-12,1103798869,AVGO,Broadcom
2022-08-12,1103798869,AXP,American Express
2022-08-12,1103798869,BA,Boeing
2022-08-12,1103798869,BAC,Bank of America
2022-08-12,1103798869,BK,BNY Mellon
2022-08-12,1103798869,BKNG,Booking Holdings
2022-08-12,1103798869,BLK,BlackRock
2022-08-12,1103798869,BMY,Bristol Myers Squibb
2022-08-12,1103798869,C,Citigroup
2022-08-12,1103798869,CAT,Caterpillar
2022-08-12,1103798869,CHTR,Charter Communications
2022-08-12,1103798869,CL,Colgate-Palmolive
2022-08-12,1103798869,CMCSA,Comcast
2022-08-12,1103798869,COF,Capital One
2022-08-12,1103798869,COP,ConocoPhillips
2022-08-12,1103798869,COST,Costco
2022-08-12,1103798869,CRM,Salesforce
2022-08-12,1103798869,CSCO,Cisco
2022-08-12,1103798869,CVS,CVS Health
2022-08-12,1103798869,CVX,Chevron
2022-08-12,1103798869,DD,DuPont
2022-08-12,1103798869,DHR,Danaher
2022-08-12,1103798869,DIS,Disney
2022-08-12,1103798869,DOW,Dow
2022-08-12,1103798869,DUK,Duke Energy
2022-08-12,1103798869,EMR,Emerson
2022-08-12,1103798869,EXC,Exelon
2022-08-12,1103798869,F,Ford
2022-08-12,1103798869,FDX,FedEx
2022-08-12,1103798869,GD,General Dynamics
2022-08-12,1103798869,GE,GE
2022-08-12,1103798869,GILD,Gilead
2022-08-12,1103798869,GM,GM
2022-08-12,1103798869,GOOG,Alphabet(Class C)
2022-08-12,1103798869,GOOGL,Alphabet (Class A)
2022-08-12,1103798869,GS,Goldman Sachs
2022-08-12,1103798869,HD,Home Depot
2022-08-12,1103798869,HON,Honeywell
2022-08-12,1103798869,IBM,IBM
2022-08-12,1103798869,INTC,Intel
2022-08-12,1103798869,JNJ,Johnson & Johnson
2022-08-12,1103798869,JPM,JPMorgan Chase
2022-08-12,1103798869,KHC,Kraft Heinz
2022-08-12,1103798869,KO,Coca-Cola
2022-08-12,1103798869,LIN,Linde
2022-08-12,1103798869,LLY,Lilly
2022-08-12,1103798869,LMT,Lockheed Martin
2022-08-12,1103798869,LOW,Lowe's
2022-08-12,1103798869,MA,Mastercard
2022-08-12,1103798869,MCD,McDonald's
2022-08-12,1103798869,MDLZ,Mondelēz International
2022-08-12,1103798869,MDT,Medtronic
2022-08-12,1103798869,MET,MetLife
2022-08-12,1103798869,META,Meta
2022-08-12,1103798869,MMM,3M
2022-08-12,1103798869,MO,Altria
2022-08-12,1103798869,MRK,Merck
2022-08-12,1103798869,MS,Morgan Stanley
2022-08-12,1103798869,MSFT,Microsoft
2022-08-12,1103798869,NEE,NextEra Energy
2022-08-12,1103798869,NFLX,Netflix
2022-08-12,1103798869,NKE,Nike
2022-08-12,1103798869,NVDA,Nvidia
2022-08-12,1103798869,ORCL,Oracle
2022-08-12,1103798869,PEP,PepsiCo
2022-08-12,1103798869,PFE,Pfizer
2022-08-12,1103798869,PG,Procter & Gamble
2022-08-12,1103798869,PM,Philip Morris International
2022-08-12,1103798869,PYPL,PayPal
2022-08-12,1103798869,QCOM,Qualcomm
2022-08-12,1103798869,RTX,Raytheon Technologies
2022-08-12,1103798869,SBUX,Starbucks
2022-08-12,1103798869,SCHW,Charles Schwab
2022-08-12,1103798869,SO,Southern Company
2022-08-12,1103798869,SPG,Simon
2022-08-12,1103798869,T,AT&T
2022-08-12,1103798869,TGT,Target
2022-08-12,1103798869,TMO,Thermo Fisher Scientific
2022-08-12,1103798869,TMUS,T-Mobile
2022-08-12,1103798869,TSLA,Tesla
2022-08-12,1103798869,TXN,Texas Instruments
2022-08-12,1103798869,UNH,UnitedHealth
2022-08-12,1103798869,UNP,Union Pacific
2022-08-12,1103798869,UPS,United Parcel Service
2022-08-12,1103798869,USB,U.S. Bank
2022-08-12,1103798869,V,Visa
2022-08-12,1103798869,VZ,Verizon
2022-08-12,1103798869,WBA,Walgreens Boots Alliance
2022-08-12,1103798869,WFC,Wells Fargo
2022-08-12,1103798869,WMT,Walmart
2022-08-12,1103798869,XOM,ExxonMobil
2022-08-19,1103798869,AAPL,Apple
2022-08-19,1103798869,ABBV,AbbVie
2022-08-19,1103798869,ABT,Abbott
2022-08-19,1103798869,ACN,Accenture
2022-08-19,1103798869,ADBE,Adobe
2022-08-19,1103798869,AIG,AIG
2022-08-19,1103798869,AMGN,Amgen
2022-08-19,1103798869,AMT,American Tower
2022-08-19,1103798869,AMZN,Amazon
2022-08-19,1103798869,AVGO,Broadcom
2022-08-19,1103798869,AXP,American Express
2022-08-19,1103798869,BA,Boeing
2022-08-19,1103798869,BAC,Bank of America
2022-08-19,1103798869,BK,BNY Mellon
2022-08-19,1103798869,BKNG,Booking Holdings
2022-08-19,1103798869,BLK,BlackRock
2022-08-19,1103798869,BMY,Bristol Myers Squibb
2022-08-19,1103798869,C,Citigroup
2022-08-19,1103798869,CAT,Caterpillar
2022-08-19,1103798869,CHTR,Charter Communications
2022-08-19,1103798869,CL,Colgate-Palmolive
2022-08-19,1103798869,CMCSA,Comcast
2022-08-19,1103798869,COF,Capital One
2022-08-19,1103798869,COP,ConocoPhillips
2022-08-19,1103798869,COST,Costco
2022-08-19,1103798869,CRM,Salesforce
2022-08-19,1103798869,CSCO,Cisco
2022-08-19,1103798869,CVS,CVS Health
2022-08-19,1103798869,CVX,Chevron
2022-08-19,1103798869,DD,DuPont
2022-08-19,1103798869,DHR,Danaher
2022-08-19,1103798869,DIS,Disney
2022-08-19,1103798869,DOW,Dow
2022-08-19,1103798869,DUK,Duke Energy
2022-08-19,1103798869,EMR,Emerson
2022-08-19,1103798869,EXC,Exelon
2022-08-19,1103798869,F,Ford
2022-08-19,1103798869,FDX,FedEx
2022-08-19,1103798869,GD,General Dynamics
2022-08-19,1103798869,GE,GE
2022-08-19,1103798869,GILD,Gilead
2022-08-19,1103798869,GM,GM
2022-08-19,1103798869,GOOG,Alphabet(Class C)
2022-08-19,1103798869,GOOGL,Alphabet (Class A)
2022-08-19,1103798869,GS,Goldman Sachs
2022-08-19,1103798869,HD,Home Depot
2022-08-19,1103798869,HON,Honeywell
2022-08-19,1103798869,IBM,IBM
2022-08-19,1103798869,INTC,Intel
2022-08-19,1103798869,JNJ,Johnson & Johnson
2022-08-19,1103798869,JPM,JPMorgan Chase
2022-08-19,1103798869,KHC,Kraft Heinz
2022-08-19,1103798869,KO,Coca-Cola
2022-08-19,1103798869,LIN,Linde
2022-08-19,1103798869,LLY,Lilly
2022-08-19,1103798869,LMT,Lockheed Martin
2022-08-19,1103798869,LOW,Lowe's
2022-08-19,1103798869,MA,Mastercard
2022-08-19,1103798869,MCD,McDonald's
2022-08-19,1103798869,MDLZ,Mondelēz International
2022-08-19,1103798869,MDT,Medtronic
2022-08-19,1103798869,MET,MetLife
2022-08-19,1103798869,META,Meta
2022-08-19,1103798869,MMM,3M
2022-08-19,1103798869,MO,Altria
2022-08-19,1103798869,MRK,Merck
2022-08-19,1103798869,MS,Morgan Stanley
2022-08-19,1103798869,MSFT,Microsoft
2022-08-19,1103798869,NEE,NextEra Energy
2022-08-19,1103798869,NFLX,Netflix
2022-08-19,1103798869,NKE,Nike
2022-08-19,1103798869,NVDA,Nvidia
2022-08-19,1103798869,ORCL,Oracle
2022-08-19,1103798869,PEP,PepsiCo
2022-08-19,1103798869,PFE,Pfizer
2022-08-19,1103798869,PG,Procter & Gamble
2022-08-19,1103798869,PM,Philip Morris International
2022-08-19,1103798869,PYPL,PayPal
2022-08-19,1103798869,QCOM,Qualcomm
2022-08-19,1103798869,RTX,Raytheon Technologies
2022-08-19,1103798869,SBUX,Starbucks
2022-08-19,1103798869,SCHW,Charles Schwab
2022-08-19,1103798869,SO,Southern Company
2022-08-19,1103798869,SPG,Simon
2022-08-19,1103798869,T,AT&T
2022-08-19,1103798869,TGT,Target
2022-08-19,1103798869,TMO,Thermo Fisher Scientific
2022-08-19,1103798869,TMUS,T-Mobile
2022-08-19,1103798869,TSLA,Tesla
2022-08-19,1103798869,TXN,Texas Instruments
2022-08-19,1103798869,UNH,UnitedHealth
2022-08-19,1103798869,UNP,Union Pacific
2022-08-19,1103798869,UPS,United Parcel Service
2022-08-19,1103798869,USB,U.S. Bank
2022-08-19,1103798869,V,Visa
2022-08-19,1103798869,VZ,Verizon
2022-08-19,1103798869,WBA,Walgreens Boots Alliance
2022-08-19,1103798869,WFC,Wells Fargo
2022-08-19,1103798869,WMT,Walmart
2022-08-19,1103798869,XOM,ExxonMobil
2022-08-26,1103798869,AAPL,Apple
2022-08-26,1103798869,ABBV,AbbVie
2022-08-26,1103798869,ABT,Abbott
2022-08-26,1103798869,ACN,Accenture
2022-08-26,1103798869,ADBE,Adobe
2022-08-26,1103798869,AIG,AIG
2022-08-26,1103798869,AMGN,Amgen
2022-08-26,1103798869,AMT,American Tower
2022-08-26,1103798869,AMZN,Amazon
2022-08-26,1103798869,AVGO,Broadcom
2022-08-26,1103798869,AXP,American Express
2022-08-26,1103798869,BA,Boeing
2022-08-26,1103798869,BAC,Bank of America
2022-08-26,1103798869,BK,BNY Mellon
2022-08-26,1103798869,BKNG,Booking Holdings
2022-08-26,1103798869,BLK,BlackRock
2022-08-26,1103798869,BMY,Bristol Myers Squibb
2022-08-26,1103798869,C,Citigroup
2022-08-26,1103798869,CAT,Caterpillar
2022-08-26,1103798869,CHTR,Charter Communications
2022-08-26,1103798869,CL,Colgate-Palmolive
2022-08-26,1103798869,CMCSA,Comcast
2022-08-26,1103798869,COF,Capital One
2022-08-26,1103798869,COP,ConocoPhillips
2022-08-26,1103798869,COST,Costco
2022-08-26,1103798869,CRM,Salesforce
2022-08-26,1103798869,CSCO,Cisco
2022-08-26,1103798869,CVS,CVS Health
2022-08-26,1103798869,CVX,Chevron
2022-08-26,1103798869,DD,DuPont
2022-08-26,1103798869,DHR,Danaher
2022-08-26,1103798869,DIS,Disney
2022-08-26,1103798869,DOW,Dow
2022-08-26,1103798869,DUK,Duke Energy
2022-08-26,1103798869,EMR,Emerson
2022-08-26,1103798869,EXC,Exelon
2022-08-26,1103798869,F,Ford
2022-08-26,1103798869,FDX,FedEx
2022-08-26,1103798869,GD,General Dynamics
2022-08-26,1103798869,GE,GE
2022-08-26,1103798869,GILD,Gilead
2022-08-26,1103798869,GM,GM
2022-08-26,1103798869,GOOG,Alphabet(Class C)
2022-08-26,1103798869,GOOGL,Alphabet (Class A)
2022-08-26,1103798869,GS,Goldman Sachs
2022-08-26,1103798869,HD,Home Depot
2022-08-26,1103798869,HON,Honeywell
2022-08-26,1103798869,IBM,IBM
2022-08-26,1103798869,INTC,Intel
2022-08-26,1103798869,JNJ,Johnson & Johnson
2022-08-26,1103798869,JPM,JPMorgan Chase
2022-08-26,1103798869,KHC,Kraft Heinz
2022-08-26,1103798869,KO,Coca-Cola
2022-08-26,1103798869,LIN,Linde
2022-08-26,1103798869,LLY,Lilly
2022-08-26,1103798869,LMT,Lockheed Martin
2022-08-26,1103798869,LOW,Lowe's
2022-08-26,1103798869,MA,Mastercard
2022-08-26,1103798869,MCD,McDonald's
2022-08-26,1103798869,MDLZ,Mondelēz International
2022-08-26,1103798869,MDT,Medtronic
2022-08-26,1103798869,MET,MetLife
2022-08-26,1103798869,META,Meta
2022-08-26,1103798869,MMM,3M
2022-08-26,1103798869,MO,Altria
2022-08-26,1103798869,MRK,Merck
2022-08-26,1103798869,MS,Morgan Stanley
2022-08-26,1103798869,MSFT,Microsoft
2022-08-26,1103798869,NEE,NextEra Energy
2022-08-26,1103798869,NFLX,Netflix
2022-08-26,1103798869,NKE,Nike
2022-08-26,1103798869,NVDA,Nvidia
2022-08-26,1103798869,ORCL,Oracle
2022-08-26,1103798869,PEP,PepsiCo
2022-08-26,1103798869,PFE,Pfizer
2022-08-26,1103798869,PG,Procter & Gamble
2022-08-26,1103798869,PM,Philip Morris International
2022-08-26,1103798869,PYPL,PayPal
2022-08-26,1103798869,QCOM,Qualcomm
2022-08-26,1103798869,RTX,Raytheon Technologies
2022-08-26,1103798869,SBUX,Starbucks
2022-08-26,1103798869,SCHW,Charles Schwab
2022-08-26,1103798869,SO,Southern Company
2022-08-26,1103798869,SPG,Simon
2022-08-26,1103798869,T,AT&T
2022-08-26,1103798869,TGT,Target
2022-08-26,1103798869,TMO,Thermo Fisher Scientific
2022-08-26,1103798869,TMUS,T-Mobile
2022-08-26,1103798869,TSLA,Tesla
2022-08-26,1103798869,TXN,Texas Instruments
2022-08-26,1103798869,UNH,UnitedHealth
2022-08-26,1103798869,UNP,Union Pacific
2022-08-26,1103798869,UPS,United Parcel Service
2022-08-26,1103798869,USB,U.S. Bank
2022-08-26,1103798869,V,Visa
2022-08-26,1103798869,VZ,Verizon
2022-08-26,1103798869,WBA,Walgreens Boots Alliance
2022-08-26,1103798869,WFC,Wells Fargo
2022-08-26,1103798869,WMT,Walmart
2022-08-26,1103798869,XOM,ExxonMobil
2022-09-02,1103798869,AAPL,Apple
2022-09-02,1103798869,ABBV,AbbVie
2022-09-02,1103798869,ABT,Abbott
2022-09-02,1103798869,ACN,Accenture
2022-09-02,1103798869,ADBE,Adobe
2022-09-02,1103798869,AIG,AIG
2022-09-02,1103798869,AMGN,Amgen
2022-09-02,1103798869,AMT,American Tower
2022-09-02,1103798869,AMZN,Amazon
2022-09-02,1103798869,AVGO,Broadcom
2022-09-02,1103798869,AXP,American Express
2022-09-02,1103798869,BA,Boeing
2022-09-02,1103798869,BAC,Bank of America
2022-09-02,1103798869,BK,BNY Mellon
2022-09-02,1103798869,BKNG,Booking Holdings
2022-09-02,1103798869,BLK,BlackRock
2022-09-02,1103798869,BMY,Bristol Myers Squibb
2022-09-02,1103798869,C,Citigroup
2022-09-02,1103798869,CAT,Caterpillar
2022-09-02,1103798869,CHTR,Charter Communications
2022-09-02,1103798869,CL,Colgate-Palmolive
2022-09-02,1103798869,CMCSA,Comcast
2022-09-02,1103798869,COF,Capital One
2022-09-02,1103798869,COP,ConocoPhillips
2022-09-02,1103798869,COST,Costco
2022-09-02,1103798869,CRM,Salesforce
2022-09-02,1103798869,CSCO,Cisco
2022-09-02,1103798869,CVS,CVS Health
2022-09-02,1103798869,CVX,Chevron
2022-09-02,1103798869,DD,DuPont
2022-09-02,1103798869,DHR,Danaher
2022-09-02,1103798869,DIS,Disney
2022-09-02,1103798869,DOW,Dow
2022-09-02,1103798869,DUK,Duke Energy
2022-09-02,1103798869,EMR,Emerson
2022-09-02,1103798869,EXC,Exelon
2022-09-02,1103798869,F,Ford
2022-09-02,1103798869,FDX,FedEx
2022-09-02,1103798869,GD,General Dynamics
2022-09-02,1103798869,GE,GE
2022-09-02,1103798869,GILD,Gilead
2022-09-02,1103798869,GM,GM
2022-09-02,1103798869,GOOG,Alphabet(Class C)
2022-09-02,1103798869,GOOGL,Alphabet (Class A)
2022-09-02,1103798869,GS,Goldman Sachs
2022-09-02,1103798869,HD,Home Depot
2022-09-02,1103798869,HON,Honeywell
2022-09-02,1103798869,IBM,IBM
2022-09-02,1103798869,INTC,Intel
2022-09-02,1103798869,JNJ,Johnson & Johnson
2022-09-02,1103798869,JPM,JPMorgan Chase
2022-09-02,1103798869,KHC,Kraft Heinz
2022-09-02,1103798869,KO,Coca-Cola
2022-09-02,1103798869,LIN,Linde
2022-09-02,1103798869,LLY,Lilly
2022-09-02,1103798869,LMT,Lockheed Martin
2022-09-02,1103798869,LOW,Lowe's
2022-09-02,1103798869,MA,Mastercard
2022-09-02,1103798869,MCD,McDonald's
2022-09-02,1103798869,MDLZ,Mondelēz International
2022-09-02,1103798869,MDT,Medtronic
2022-09-02,1103798869,MET,MetLife
2022-09-02,1103798869,META,Meta
2022-09-02,1103798869,MMM,3M
2022-09-02,1103798869,MO,Altria
2022-09-02,1103798869,MRK,Merck
2022-09-02,1103798869,MS,Morgan Stanley
2022-09-02,1103798869,MSFT,Microsoft
2022-09-02,1103798869,NEE,NextEra Energy
2022-09-02,1103798869,NFLX,Netflix
2022-09-02,1103798869,NKE,Nike
2022-09-02,1103798869,NVDA,Nvidia
2022-09-02,1103798869,ORCL,Oracle
2022-09-02,1103798869,PEP,PepsiCo
2022-09-02,1103798869,PFE,Pfizer
2022-09-02,1103798869,PG,Procter & Gamble
2022-09-02,1103798869,PM,Philip Morris International
2022-09-02,1103798869,PYPL,PayPal
2022-09-02,1103798869,QCOM,Qualcomm
2022-09-02,1103798869,RTX,Raytheon Technologies
2022-09-02,1103798869,SBUX,Starbucks
2022-09-02,1103798869,SCHW,Charles Schwab
2022-09-02,1103798869,SO,Southern Company
2022-09-02,1103798869,SPG,Simon
2022-09-02,1103798869,T,AT&T
2022-09-02,1103798869,TGT,Target
2022-09-02,1103798869,TMO,Thermo Fisher Scientific
2022-09-02,1103798869,TMUS,T-Mobile
2022-09-02,1103798869,TSLA,Tesla
2022-09-02,1103798869,TXN,Texas Instruments
2022-09-02,1103798869,UNH,UnitedHealth
2022-09-02,1103798869,UNP,Union Pacific
2022-09-02,1103798869,UPS,United Parcel Service
2022-09-02,1103798869,USB,U.S. Bank
2022-09-02,1103798869,V,Visa
2022-09-02,1103798869,VZ,Verizon
2022-09-02,1103798869,WBA,Walgreens Boots Alliance
2022-09-02,1103798869,WFC,Wells Fargo
2022-09-02,1103798869,WMT,Walmart
2022-09-02,1103798869,XOM,ExxonMobil
2022-09-09,1103798869,AAPL,Apple
2022-09-09,1103798869,ABBV,AbbVie
2022-09-09,1103798869,ABT,Abbott
2022-09-09,1103798869,ACN,Accenture
2022-09-09,1103798869,ADBE,Adobe
2022-09-09,1103798869,AIG,AIG
2022-09-09,1103798869,AMGN,Amgen
2022-09-09,1103798869,AMT,American Tower
2022-09-09,1103798869,AMZN,Amazon
2022-09-09,1103798869,AVGO,Broadcom
2022-09-09,1103798869,AXP,American Express
2022-09-09,1103798869,BA,Boeing
2022-09-09,1103798869,BAC,Bank of America
2022-09-09,1103798869,BK,BNY Mellon
2022-09-09,1103798869,BKNG,Booking Holdings
2022-09-09,1103798869,BLK,BlackRock
2022-09-09,1103798869,BMY,Bristol Myers Squibb
2022-09-09,1103798869,C,Citigroup
2022-09-09,1103798869,CAT,Caterpillar
2022-09-09,1103798869,CHTR,Charter Communications
2022-09-09,1103798869,CL,Colgate-Palmolive
2022-09-09,1103798869,CMCSA,Comcast
2022-09-09,1103798869,COF,Capital One
2022-09-09,1103798869,COP,ConocoPhillips
2022-09-09,1103798869,COST,Costco
2022-09-09,1103798869,CRM,Salesforce
2022-09-09,1103798869,CSCO,Cisco
2022-09-09,1103798869,CVS,CVS Health
2022-09-09,1103798869,CVX,Chevron
2022-09-09,1103798869,DD,DuPont
2022-09-09,1103798869,DHR,Danaher
2022-09-09,1103798869,DIS,Disney
2022-09-09,1103798869,DOW,Dow
2022-09-09,1103798869,DUK,Duke Energy
2022-09-09,1103798869,EMR,Emerson
2022-09-09,1103798869,EXC,Exelon
2022-09-09,1103798869,F,Ford
2022-09-09,1103798869,FDX,FedEx
2022-09-09,1103798869,GD,General Dynamics
2022-09-09,1103798869,GE,GE
2022-09-09,1103798869,GILD,Gilead
2022-09-09,1103798869,GM,GM
2022-09-09,1103798869,GOOG,Alphabet(Class C)
2022-09-09,1103798869,GOOGL,Alphabet (Class A)
2022-09-09,1103798869,GS,Goldman Sachs
2022-09-09,1103798869,HD,Home Depot
2022-09-09,1103798869,HON,Honeywell
2022-09-09,1103798869,IBM,IBM
2022-09-09,1103798869,INTC,Intel
2022-09-09,1103798869,JNJ,Johnson & Johnson
2022-09-09,1103798869,JPM,JPMorgan Chase
2022-09-09,1103798869,KHC,Kraft Heinz
2022-09-09,1103798869,KO,Coca-Cola
2022-09-09,1103798869,LIN,Linde
2022-09-09,1103798869,LLY,Lilly
2022-09-09,1103798869,LMT,Lockheed Martin
2022-09-09,1103798869,LOW,Lowe's
2022-09-09,1103798869,MA,Mastercard
2022-09-09,1103798869,MCD,McDonald's
2022-09-09,1103798869,MDLZ,Mondelēz International
2022-09-09,1103798869,MDT,Medtronic
2022-09-09,1103798869,MET,MetLife
2022-09-09,1103798869,META,Meta
2022-09-09,1103798869,MMM,3M
2022-09-09,1103798869,MO,Altria
2022-09-09,1103798869,MRK,Merck
2022-09-09,1103798869,MS,Morgan Stanley
2022-09-09,1103798869,MSFT,Microsoft
2022-09-09,1103798869,NEE,NextEra Energy
2022-09-09,1103798869,NFLX,Netflix
2022-09-09,1103798869,NKE,Nike
2022-09-09,1103798869,NVDA,Nvidia
2022-09-09,1103798869,ORCL,Oracle
2022-09-09,1103798869,PEP,PepsiCo
2022-09-09,1103798869,PFE,Pfizer
2022-09-09,1103798869,PG,Procter & Gamble
2022-09-09,1103798869,PM,Philip Morris International
2022-09-09,1103798869,PYPL,PayPal
2022-09-09,1103798869,QCOM,Qualcomm
2022-09-09,1103798869,RTX,Raytheon Technologies
2022-09-09,1103798869,SBUX,Starbucks
2022-09-09,1103798869,SCHW,Charles Schwab
2022-09-09,1103798869,SO,Southern Company
2022-09-09,1103798869,SPG,Simon
2022-09-09,1103798869,T,AT&T
2022-09-09,1103798869,TGT,Target
2022-09-09,1103798869,TMO,Thermo Fisher Scientific
2022-09-09,1103798869,TMUS,T-Mobile
2022-09-09,1103798869,TSLA,Tesla
2022-09-09,1103798869,TXN,Texas Instruments
2022-09-09,1103798869,UNH,UnitedHealth
2022-09-09,1103798869,UNP,Union Pacific
2022-09-09,1103798869,UPS,United Parcel Service
2022-09-09,1103798869,USB,U.S. Bank
2022-09-09,1103798869,V,Visa
2022-09-09,1103798869,VZ,Verizon
2022-09-09,1103798869,WBA,Walgreens Boots Alliance
2022-09-09,1103798869,WFC,Wells Fargo
2022-09-09,1103798869,WMT,Walmart
2022-09-09,1103798869,XOM,ExxonMobil
2022-09-16,1103798869,AAPL,Apple
2022-09-16,1103798869,ABBV,AbbVie
2022-09-16,1103798869,ABT,Abbott
2022-09-16,1103798869,ACN,Accenture
2022-09-16,1103798869,ADBE,Adobe
2022-09-16,1103798869,AIG,AIG
2022-09-16,1103798869,AMGN,Amgen
2022-09-16,1103798869,AMT,American Tower
2022-09-16,1103798869,AMZN,Amazon
2022-09-16,1103798869,AVGO,Broadcom
2022-09-16,1103798869,AXP,American Express
2022-09-16,1103798869,BA,Boeing
2022-09-16,1103798869,BAC,Bank of America
2022-09-16,1103798869,BK,BNY Mellon
2022-09-16,1103798869,BKNG,Booking Holdings
2022-09-16,1103798869,BLK,BlackRock
2022-09-16,1103798869,BMY,Bristol Myers Squibb
2022-09-16,1103798869,C,Citigroup
2022-09-16,1103798869,CAT,Caterpillar
2022-09-16,1103798869,CHTR,Charter Communications
2022-09-16,1103798869,CL,Colgate-Palmolive
2022-09-16,1103798869,CMCSA,Comcast
2022-09-16,1103798869,COF,Capital One
2022-09-16,1103798869,COP,ConocoPhillips
2022-09-16,1103798869,COST,Costco
2022-09-16,1103798869,CRM,Salesforce
2022-09-16,1103798869,CSCO,Cisco
2022-09-16,1103798869,CVS,CVS Health
2022-09-16,1103798869,CVX,Chevron
2022-09-16,1103798869,DD,DuPont
2022-09-16,1103798869,DHR,Danaher
2022-09-16,1103798869,DIS,Disney
2022-09-16,1103798869,DOW,Dow
2022-09-16,1103798869,DUK,Duke Energy
2022-09-16,1103798869,EMR,Emerson
2022-09-16,1103798869,EXC,Exelon
2022-09-16,1103798869,F,Ford
2022-09-16,1103798869,FDX,FedEx
2022-09-16,1103798869,GD,General Dynamics
2022-09-16,1103798869,GE,GE
2022-09-16,1103798869,GILD,Gilead
2022-09-16,1103798869,GM,GM
2022-09-16,1103798869,GOOG,Alphabet(Class C)
2022-09-16,1103798869,GOOGL,Alphabet (Class A)
2022-09-16,1103798869,GS,Goldman Sachs
2022-09-16,1103798869,HD,Home Depot
2022-09-16,1103798869,HON,Honeywell
2022-09-16,1103798869,IBM,IBM
2022-09-16,1103798869,INTC,Intel
2022-09-16,1103798869,JNJ,Johnson & Johnson
2022-09-16,1103798869,JPM,JPMorgan Chase
2022-09-16,1103798869,KHC,Kraft Heinz
2022-09-16,1103798869,KO,Coca-Cola
2022-09-16,1103798869,LIN,Linde
2022-09-16,1103798869,LLY,Lilly
2022-09-16,1103798869,LMT,Lockheed Martin
2022-09-16,1103798869,LOW,Lowe's
2022-09-16,1103798869,MA,Mastercard
2022-09-16,1103798869,MCD,McDonald's
2022-09-16,1103798869,MDLZ,Mondelēz International
2022-09-16,1103798869,MDT,Medtronic
2022-09-16,1103798869,MET,MetLife
2022-09-16,1103798869,META,Meta
2022-09-16,1103798869,MMM,3M
2022-09-16,1103798869,MO,Altria
2022-09-16,1103798869,MRK,Merck
2022-09-16,1103798869,MS,Morgan Stanley
2022-09-16,1103798869,MSFT,Microsoft
2022-09-16,1103798869,NEE,NextEra Energy
2022-09-16,1103798869,NFLX,Netflix
2022-09-16,1103798869,NKE,Nike
2022-09-16,1103798869,NVDA,Nvidia
2022-09-16,1103798869,ORCL,Oracle
2022-09-16,1103798869,PEP,PepsiCo
2022-09-16,1103798869,PFE,Pfizer
2022-09-16,1103798869,PG,Procter & Gamble
2022-09-16,1103798869,PM,Philip Morris International
2022-09-16,1103798869,PYPL,PayPal
2022-09-16,1103798869,QCOM,Qualcomm
2022-09-16,1103798869,RTX,Raytheon Technologies
2022-09-16,1103798869,SBUX,Starbucks
2022-09-16,1103798869,SCHW,Charles Schwab
2022-09-16,1103798869,SO,Southern Company
2022-09-16,1103798869,SPG,Simon
2022-09-16,1103798869,T,AT&T
2022-09-16,1103798869,TGT,Target
2022-09-16,1103798869,TMO,Thermo Fisher Scientific
2022-09-16,1103798869,TMUS,T-Mobile
2022-09-16,1103798869,TSLA,Tesla
2022-09-16,1103798869,TXN,Texas Instruments
2022-09-16,1103798869,UNH,UnitedHealth
2022-09-16,1103798869,UNP,Union Pacific
2022-09-16,1103798869,UPS,United Parcel Service
2022-09-16,1103798869,USB,U.S. Bank
2022-09-16,1103798869,V,Visa
2022-09-16,1103798869,VZ,Verizon
2022-09-16,1103798869,WBA,Walgreens Boots Alliance
2022-09-16,1103798869,WFC,Wells Fargo
2022-09-16,1103798869,WMT,Walmart
2022-09-16,1103798869,XOM,ExxonMobil
2022-09-23,1111043381,AAPL,Apple
2022-09-23,1111043381,ABBV,AbbVie
2022-09-23,1111043381,ABT,Abbott
2022-09-23,1111043381,ACN,Accenture
2022-09-23,1111043381,ADBE,Adobe
2022-09-23,1111043381,AIG,American International Group
2022-09-23,1111043381,AMD,Advanced Micro Devices
2022-09-23,1111043381,AMGN,Amgen
2022-09-23,1111043381,AMT,American Tower
2022-09-23,1111043381,AMZN,Amazon
2022-09-23,1111043381,AVGO,Broadcom
2022-09-23,1111043381,AXP,American Express
2022-09-23,1111043381,BA,Boeing
2022-09-23,1111043381,BAC,Bank of America
2022-09-23,1111043381,BK,BNY Mellon
2022-09-23,1111043381,BKNG,Booking Holdings
2022-09-23,1111043381,BLK,BlackRock
2022-09-23,1111043381,BMY,Bristol Myers Squibb
2022-09-23,1111043381,C,Citigroup
2022-09-23,1111043381,CAT,Caterpillar
2022-09-23,1111043381,CHTR,Charter Communications
2022-09-23,1111043381,CL,Colgate-Palmolive
2022-09-23,1111043381,CMCSA,Comcast
2022-09-23,1111043381,COF,Capital One
2022-09-23,1111043381,COP,ConocoPhillips
2022-09-23,1111043381,COST,Costco
2022-09-23,1111043381,CRM,Salesforce
2022-09-23,1111043381,CSCO,Cisco
2022-09-23,1111043381,CVS,CVS Health
2022-09-23,1111043381,CVX,Chevron
2022-09-23,1111043381,DHR,Danaher
2022-09-23,1111043381,DIS,Disney
2022-09-23,1111043381,DOW,Dow
2022-09-23,1111043381,DUK,Duke Energy
2022-09-23,1111043381,EMR,Emerson
2022-09-23,1111043381,EXC,Exelon
2022-09-23,1111043381,F,Ford
2022-09-23,1111043381,FDX,FedEx
2022-09-23,1111043381,GD,General Dynamics
2022-09-23,1111043381,GE,GE
2022-09-23,1111043381,GILD,Gilead
2022-09-23,1111043381,GM,GM
2022-09-23,1111043381,GOOG,Alphabet(Class C)
2022-09-23,1111043381,GOOGL,Alphabet (Class A)
2022-09-23,1111043381,GS,Goldman Sachs
2022-09-23,1111043381,HD,Home Depot
2022-09-23,1111043381,HON,Honeywell
2022-09-23,1111043381,IBM,IBM
2022-09-23,1111043381,INTC,Intel
2022-09-23,1111043381,JNJ,Johnson & Johnson
2022-09-23,1111043381,JPM,JPMorgan Chase
2022-09-23,1111043381,KHC,Kraft Heinz
2022-09-23,1111043381,KO,Coca-Cola
2022-09-23,1111043381,LIN,Linde
2022-09-23,1111043381,LLY,Lilly
2022-09-23,1111043381,LMT,Lockheed Martin
2022-09-23,1111043381,LOW,Lowe's
2022-09-23,1111043381,MA,Mastercard
2022-09-23,1111043381,MCD,McDonald's
2022-09-23,1111043381,MDLZ,Mondelēz International
2022-09-23,1111043381,MDT,Medtronic
2022-09-23,1111043381,MET,MetLife
2022-09-23,1111043381,META,Meta
2022-09-23,1111043381,MMM,3M
2022-09-23,1111043381,MO,Altria
2022-09-23,1111043381,MRK,Merck
2022-09-23,1111043381,MS,Morgan Stanley
2022-09-23,1111043381,MSFT,Microsoft
2022-09-23,1111043381,NEE,NextEra Energy
2022-09-23,1111043381,NFLX,Netflix
2022-09-23,1111043381,NKE,Nike
2022-09-23,1111043381,NVDA,Nvidia
2022-09-23,1111043381,ORCL,Oracle
2022-09-23,1111043381,PEP,PepsiCo
2022-09-23,1111043381,PFE,Pfizer
2022-09-23,1111043381,PG,Procter & Gamble
2022-09-23,1111043381,PM,Philip Morris International
2022-09-23,1111043381,PYPL,PayPal
2022-09-23,1111043381,QCOM,Qualcomm
2022-09-23,1111043381,RTX,Raytheon Technologies
2022-09-23,1111043381,SBUX,Starbucks
2022-09-23,1111043381,SCHW,Charles Schwab
2022-09-23,1111043381,SO,Southern Company
2022-09-23,1111043381,SPG,Simon
2022-09-23,1111043381,T,AT&T
2022-09-23,1111043381,TGT,Target
2022-09-23,1111043381,TMO,Thermo Fisher Scientific
2022-09-23,1111043381,TMUS,T-Mobile
2022-09-23,1111043381,TSLA,Tesla
2022-09-23,1111043381,TXN,Texas Instruments
2022-09-23,1111043381,UNH,UnitedHealth
2022-09-23,1111043381,UNP,Union Pacific
2022-09-23,1111043381,UPS,United Parcel Service
2022-09-23,1111043381,USB,U.S. Bank
2022-09-23,1111043381,V,Visa
2022-09-23,1111043381,VZ,Verizon
2022-09-23,1111043381,WBA,Walgreens Boots Alliance
2022-09-23,1111043381,WFC,Wells Fargo
2022-09-23,1111043381,WMT,Walmart
2022-09-23,1111043381,XOM,ExxonMobil
2022-09-30,1111043381,AAPL,Apple
2022-09-30,1111043381,ABBV,AbbVie
2022-09-30,1111043381,ABT,Abbott
2022-09-30,1111043381,ACN,Accenture
2022-09-30,1111043381,ADBE,Adobe
2022-09-30,1111043381,AIG,American International Group
2022-09-30,1111043381,AMD,Advanced Micro Devices
2022-09-30,1111043381,AMGN,Amgen
2022-09-30,1111043381,AMT,American Tower
2022-09-30,1111043381,AMZN,Amazon
2022-09-30,1111043381,AVGO,Broadcom
2022-09-30,1111043381,AXP,American Express
2022-09-30,1111043381,BA,Boeing
2022-09-30,1111043381,BAC,Bank of America
2022-09-30,1111043381,BK,BNY Mellon
2022-09-30,1111043381,BKNG,Booking Holdings
2022-09-30,1111043381,BLK,BlackRock
2022-09-30,1111043381,BMY,Bristol Myers Squibb
2022-09-30,1111043381,C,Citigroup
2022-09-30,1111043381,CAT,Caterpillar
2022-09-30,1111043381,CHTR,Charter Communications
2022-09-30,1111043381,CL,Colgate-Palmolive
2022-09-30,1111043381,CMCSA,Comcast
2022-09-30,1111043381,COF,Capital One
2022-09-30,1111043381,COP,ConocoPhillips
2022-09-30,1111043381,COST,Costco
2022-09-30,1111043381,CRM,Salesforce
2022-09-30,1111043381,CSCO,Cisco
2022-09-30,1111043381,CVS,CVS Health
2022-09-30,1111043381,CVX,Chevron
2022-09-30,1111043381,DHR,Danaher
2022-09-30,1111043381,DIS,Disney
2022-09-30,1111043381,DOW,Dow
2022-09-30,1111043381,DUK,Duke Energy
2022-09-30,1111043381,EMR,Emerson
2022-09-30,1111043381,EXC,Exelon
2022-09-30,1111043381,F,Ford
2022-09-30,1111043381,FDX,FedEx
2022-09-30,1111043381,GD,General Dynamics
2022-09-30,1111043381,GE,GE
2022-09-30,1111043381,GILD,Gilead
2022-09-30,1111043381,GM,GM
2022-09-30,1111043381,GOOG,Alphabet(Class C)
2022-09-30,1111043381,GOOGL,Alphabet (Class A)
2022-09-30,1111043381,GS,Goldman Sachs
2022-09-30,1111043381,HD,Home Depot
2022-09-30,1111043381,HON,Honeywell
2022-09-30,1111043381,IBM,IBM
2022-09-30,1111043381,INTC,Intel
2022-09-30,1111043381,JNJ,Johnson & Johnson
2022-09-30,1111043381,JPM,JPMorgan Chase
2022-09-30,1111043381,KHC,Kraft Heinz
2022-09-30,1111043381,KO,Coca-Cola
2022-09-30,1111043381,LIN,Linde
2022-09-30,1111043381,LLY,Lilly
2022-09-30,1111043381,LMT,Lockheed Martin
2022-09-30,1111043381,LOW,Lowe's
2022-09-30,1111043381,MA,Mastercard
2022-09-30,1111043381,MCD,McDonald's
2022-09-30,1111043381,MDLZ,Mondelēz International
2022-09-30,1111043381,MDT,Medtronic
2022-09-30,1111043381,MET,MetLife
2022-09-30,1111043381,META,Meta
2022-09-30,1111043381,MMM,3M
2022-09-30,1111043381,MO,Altria
2022-09-30,1111043381,MRK,Merck
2022-09-30,1111043381,MS,Morgan Stanley
2022-09-30,1111043381,MSFT,Microsoft
2022-09-30,1111043381,NEE,NextEra Energy
2022-09-30,1111043381,NFLX,Netflix
2022-09-30,1111043381,NKE,Nike
2022-09-30,1111043381,NVDA,Nvidia
2022-09-30,1111043381,ORCL,Oracle
2022-09-30,1111043381,PEP,PepsiCo
2022-09-30,1111043381,PFE,Pfizer
2022-09-30,1111043381,PG,Procter & Gamble
2022-09-30,1111043381,PM,Philip Morris International
2022-09-30,1111043381,PYPL,PayPal
2022-09-30,1111043381,QCOM,Qualcomm
2022-09-30,1111043381,RTX,Raytheon Technologies
2022-09-30,1111043381,SBUX,Starbucks
2022-09-30,1111043381,SCHW,Charles Schwab
2022-09-30,1111043381,SO,Southern Company
2022-09-30,1111043381,SPG,Simon
2022-09-30,1111043381,T,AT&T
2022-09-30,1111043381,TGT,Target
2022-09-30,1111043381,TMO,Thermo Fisher Scientific
2022-09-30,1111043381,TMUS,T-Mobile
2022-09-30,1111043381,TSLA,Tesla
2022-09-30,1111043381,TXN,Texas Instruments
2022-09-30,1111043381,UNH,UnitedHealth
2022-09-30,1111043381,UNP,Union Pacific
2022-09-30,1111043381,UPS,United Parcel Service
2022-09-30,1111043381,USB,U.S. Bank
2022-09-30,1111043381,V,Visa
2022-09-30,1111043381,VZ,Verizon
2022-09-30,1111043381,WBA,Walgreens Boots Alliance
2022-09-30,1111043381,WFC,Wells Fargo
2022-09-30,1111043381,WMT,Walmart
2022-09-30,1111043381,XOM,ExxonMobil
2022-10-07,1111043381,AAPL,Apple
2022-10-07,1111043381,ABBV,AbbVie
2022-10-07,1111043381,ABT,Abbott
2022-10-07,1111043381,ACN,Accenture
2022-10-07,1111043381,ADBE,Adobe
2022-10-07,1111043381,AIG,American International Group
2022-10-07,1111043381,AMD,Advanced Micro Devices
2022-10-07,1111043381,AMGN,Amgen
2022-10-07,1111043381,AMT,American Tower
2022-10-07,1111043381,AMZN,Amazon
2022-10-07,1111043381,AVGO,Broadcom
2022-10-07,1111043381,AXP,American Express
2022-10-07,1111043381,BA,Boeing
2022-10-07,1111043381,BAC,Bank of America
2022-10-07,1111043381,BK,BNY Mellon
2022-10-07,1111043381,BKNG,Booking Holdings
2022-10-07,1111043381,BLK,BlackRock
2022-10-07,1111043381,BMY,Bristol Myers Squibb
2022-10-07,1111043381,C,Citigroup
2022-10-07,1111043381,CAT,Caterpillar
2022-10-07,1111043381,CHTR,Charter Communications
2022-10-07,1111043381,CL,Colgate-Palmolive
2022-10-07,1111043381,CMCSA,Comcast
2022-10-07,1111043381,COF,Capital One
2022-10-07,1111043381,COP,ConocoPhillips
2022-10-07,1111043381,COST,Costco
2022-10-07,1111043381,CRM,Salesforce
2022-10-07,1111043381,CSCO,Cisco
2022-10-07,1111043381,CVS,CVS Health
2022-10-07,1111043381,CVX,Chevron
2022-10-07,1111043381,DHR,Danaher
2022-10-07,1111043381,DIS,Disney
2022-10-07,1111043381,DOW,Dow
2022-10-07,1111043381,DUK,Duke Energy
2022-10-07,1111043381,EMR,Emerson
2022-10-07,1111043381,EXC,Exelon
2022-10-07,1111043381,F,Ford
2022-10-07,1111043381,FDX,FedEx
2022-10-07,1111043381,GD,General Dynamics
2022-10-07,1111043381,GE,GE
2022-10-07,1111043381,GILD,Gilead
2022-10-07,1111043381,GM,GM
2022-10-07,1111043381,GOOG,Alphabet(Class C)
2022-10-07,1111043381,GOOGL,Alphabet (Class A)
2022-10-07,1111043381,GS,Goldman Sachs
2022-10-07,1111043381,HD,Home Depot
2022-10-07,1111043381,HON,Honeywell
2022-10-07,1111043381,IBM,IBM
2022-10-07,1111043381,INTC,Intel
2022-10-07,1111043381,JNJ,Johnson & Johnson
2022-10-07,1111043381,JPM,JPMorgan Chase
2022-10-07,1111043381,KHC,Kraft Heinz
2022-10-07,1111043381,KO,Coca-Cola
2022-10-07,1111043381,LIN,Linde
2022-10-07,1111043381,LLY,Lilly
2022-10-07,1111043381,LMT,Lockheed Martin
2022-10-07,1111043381,LOW,Lowe's
2022-10-07,1111043381,MA,Mastercard
2022-10-07,1111043381,MCD,McDonald's
2022-10-07,1111043381,MDLZ,Mondelēz International
2022-10-07,1111043381,MDT,Medtronic
2022-10-07,1111043381,MET,MetLife
2022-10-07,1111043381,META,Meta
2022-10-07,1111043381,MMM,3M
2022-10-07,1111043381,MO,Altria
2022-10-07,1111043381,MRK,Merck
2022-10-07,1111043381,MS,Morgan Stanley
2022-10-07,1111043381,MSFT,Microsoft
2022-10-07,1111043381,NEE,NextEra Energy
2022-10-07,1111043381,NFLX,Netflix
2022-10-07,1111043381,NKE,Nike
2022-10-07,1111043381,NVDA,Nvidia
2022-10-07,1111043381,ORCL,Oracle
2022-10-07,1111043381,PEP,PepsiCo
2022-10-07,1111043381,PFE,Pfizer
2022-10-07,1111043381,PG,Procter & Gamble
2022-10-07,1111043381,PM,Philip Morris International
2022-10-07,1111043381,PYPL,PayPal
2022-10-07,1111043381,QCOM,Qualcomm
2022-10-07,1111043381,RTX,Raytheon Technologies
2022-10-07,1111043381,SBUX,Starbucks
2022-10-07,1111043381,SCHW,Charles Schwab
2022-10-07,1111043381,SO,Southern Company
2022-10-07,1111043381,SPG,Simon
2022-10-07,1111043381,T,AT&T
2022-10-07,1111043381,TGT,Target
2022-10-07,1111043381,TMO,Thermo Fisher Scientific
2022-10-07,1111043381,TMUS,T-Mobile
2022-10-07,1111043381,TSLA,Tesla
2022-10-07,1111043381,TXN,Texas Instruments
2022-10-07,1111043381,UNH,UnitedHealth
2022-10-07,1111043381,UNP,Union Pacific
2022-10-07,1111043381,UPS,United Parcel Service
2022-10-07,1111043381,USB,U.S. Bank
2022-10-07,1111043381,V,Visa
2022-10-07,1111043381,VZ,Verizon
2022-10-07,1111043381,WBA,Walgreens Boots Alliance
2022-10-07,1111043381,WFC,Wells Fargo
2022-10-07,1111043381,WMT,Walmart
2022-10-07,1111043381,XOM,ExxonMobil
2022-10-14,1111043381,AAPL,Apple
2022-10-14,1111043381,ABBV,AbbVie
2022-10-14,1111043381,ABT,Abbott
2022-10-14,1111043381,ACN,Accenture
2022-10-14,1111043381,ADBE,Adobe
2022-10-14,1111043381,AIG,American International Group
2022-10-14,1111043381,AMD,Advanced Micro Devices
2022-10-14,1111043381,AMGN,Amgen
2022-10-14,1111043381,AMT,American Tower
2022-10-14,1111043381,AMZN,Amazon
2022-10-14,1111043381,AVGO,Broadcom
2022-10-14,1111043381,AXP,American Express
2022-10-14,1111043381,BA,Boeing
2022-10-14,1111043381,BAC,Bank of America
2022-10-14,1111043381,BK,BNY Mellon
2022-10-14,1111043381,BKNG,Booking Holdings
2022-10-14,1111043381,BLK,BlackRock
2022-10-14,1111043381,BMY,Bristol Myers Squibb
2022-10-14,1111043381,C,Citigroup
2022-10-14,1111043381,CAT,Caterpillar
2022-10-14,1111043381,CHTR,Charter Communications
2022-10-14,1111043381,CL,Colgate-Palmolive
2022-10-14,1111043381,CMCSA,Comcast
2022-10-14,1111043381,COF,Capital One
2022-10-14,1111043381,COP,ConocoPhillips
2022-10-14,1111043381,COST,Costco
2022-10-14,1111043381,CRM,Salesforce
2022-10-14,1111043381,CSCO,Cisco
2022-10-14,1111043381,CVS,CVS Health
2022-10-14,1111043381,CVX,Chevron
2022-10-14,1111043381,DHR,Danaher
2022-10-14,1111043381,DIS,Disney
2022-10-14,1111043381,DOW,Dow
2022-10-14,1111043381,DUK,Duke Energy
2022-10-14,1111043381,EMR,Emerson
2022-10-14,1111043381,EXC,Exelon
2022-10-14,1111043381,F,Ford
2022-10-14,1111043381,FDX,FedEx
2022-10-14,1111043381,GD,General Dynamics
2022-10-14,1111043381,GE,GE
2022-10-14,1111043381,GILD,Gilead
2022-10-14,1111043381,GM,GM
2022-10-14,1111043381,GOOG,Alphabet(Class C)
2022-10-14,1111043381,GOOGL,Alphabet (Class A)
2022-10-14,1111043381,GS,Goldman Sachs
2022-10-14,1111043381,HD,Home Depot
2022-10-14,1111043381,HON,Honeywell
2022-10-14,1111043381,IBM,IBM
2022-10-14,1111043381,INTC,Intel
2022-10-14,1111043381,JNJ,Johnson & Johnson
2022-10-14,1111043381,JPM,JPMorgan Chase
2022-10-14,1111043381,KHC,Kraft Heinz
2022-10-14,1111043381,KO,Coca-Cola
2022-10-14,1111043381,LIN,Linde
2022-10-14,1111043381,LLY,Lilly
2022-10-14,1111043381,LMT,Lockheed Martin
2022-10-14,1111043381,LOW,Lowe's
2022-10-14,1111043381,MA,Mastercard
2022-10-14,1111043381,MCD,McDonald's
2022-10-14,1111043381,MDLZ,Mondelēz International
2022-10-14,1111043381,MDT,Medtronic
2022-10-14,1111043381,MET,MetLife
2022-10-14,1111043381,META,Meta
2022-10-14,1111043381,MMM,3M
2022-10-14,1111043381,MO,Altria
2022-10-14,1111043381,MRK,Merck
2022-10-14,1111043381,MS,Morgan Stanley
2022-10-14,1111043381,MSFT,Microsoft
2022-10-14,1111043381,NEE,NextEra Energy
2022-10-14,1111043381,NFLX,Netflix
2022-10-14,1111043381,NKE,Nike
2022-10-14,1111043381,NVDA,Nvidia
2022-10-14,1111043381,ORCL,Oracle
2022-10-14,1111043381,PEP,PepsiCo
2022-10-14,1111043381,PFE,Pfizer
2022-10-14,1111043381,PG,Procter & Gamble
2022-10-14,1111043381,PM,Philip Morris International
2022-10-14,1111043381,PYPL,PayPal
2022-10-14,1111043381,QCOM,Qualcomm
2022-10-14,1111043381,RTX,Raytheon Technologies
2022-10-14,1111043381,SBUX,Starbucks
2022-10-14,1111043381,SCHW,Charles Schwab
2022-10-14,1111043381,SO,Southern Company
2022-10-14,1111043381,SPG,Simon
2022-10-14,1111043381,T,AT&T
2022-10-14,1111043381,TGT,Target
2022-10-14,1111043381,TMO,Thermo Fisher Scientific
2022-10-14,1111043381,TMUS,T-Mobile
2022-10-14,1111043381,TSLA,Tesla
2022-10-14,1111043381,TXN,Texas Instruments
2022-10-14,1111043381,UNH,UnitedHealth
2022-10-14,1111043381,UNP,Union Pacific
2022-10-14,1111043381,UPS,United Parcel Service
2022-10-14,1111043381,USB,U.S. Bank
2022-10-14,1111043381,V,Visa
2022-10-14,1111043381,VZ,Verizon
2022-10-14,1111043381,WBA,Walgreens Boots Alliance
2022-10-14,1111043381,WFC,Wells Fargo
2022-10-14,1111043381,WMT,Walmart
2022-10-14,1111043381,XOM,ExxonMobil
2022-10-21,1111043381,AAPL,Apple
2022-10-21,1111043381,ABBV,AbbVie
2022-10-21,1111043381,ABT,Abbott
2022-10-21,1111043381,ACN,Accenture
2022-10-21,1111043381,ADBE,Adobe
2022-10-21,1111043381,AIG,American International Group
2022-10-21,1111043381,AMD,Advanced Micro Devices
2022-10-21,1111043381,AMGN,Amgen
2022-10-21,1111043381,AMT,American Tower
2022-10-21,1111043381,AMZN,Amazon
2022-10-21,1111043381,AVGO,Broadcom
2022-10-21,1111043381,AXP,American Express
2022-10-21,1111043381,BA,Boeing
2022-10-21,1111043381,BAC,Bank of America
2022-10-21,1111043381,BK,BNY Mellon
2022-10-21,1111043381,BKNG,Booking Holdings
2022-10-21,1111043381,BLK,BlackRock
2022-10-21,1111043381,BMY,Bristol Myers Squibb
2022-10-21,1111043381,C,Citigroup
2022-10-21,1111043381,CAT,Caterpillar
2022-10-21,1111043381,CHTR,Charter Communications
2022-10-21,1111043381,CL,Colgate-Palmolive
2022-10-21,1111043381,CMCSA,Comcast
2022-10-21,1111043381,COF,Capital One
2022-10-21,1111043381,COP,ConocoPhillips
2022-10-21,1111043381,COST,Costco
2022-10-21,1111043381,CRM,Salesforce
2022-10-21,1111043381,CSCO,Cisco
2022-10-21,1111043381,CVS,CVS Health
2022-10-21,1111043381,CVX,Chevron
2022-10-21,1111043381,DHR,Danaher
2022-10-21,1111043381,DIS,Disney
2022-10-21,1111043381,DOW,Dow
2022-10-21,1111043381,DUK,Duke Energy
2022-10-21,1111043381,EMR,Emerson
2022-10-21,1111043381,EXC,Exelon
2022-10-21,1111043381,F,Ford
2022-10-21,1111043381,FDX,FedEx
2022-10-21,1111043381,GD,General Dynamics
2022-10-21,1111043381,GE,GE
2022-10-21,1111043381,GILD,Gilead
2022-10-21,1111043381,GM,GM
2022-10-21,1111043381,GOOG,Alphabet(Class C)
2022-10-21,1111043381,GOOGL,Alphabet (Class A)
2022-10-21,1111043381,GS,Goldman Sachs
2022-10-21,1111043381,HD,Home Depot
2022-10-21,1111043381,HON,Honeywell
2022-10-21,1111043381,IBM,IBM
2022-10-21,1111043381,INTC,Intel
2022-10-21,1111043381,JNJ,Johnson & Johnson
2022-10-21,1111043381,JPM,JPMorgan Chase
2022-10-21,1111043381,KHC,Kraft Heinz
2022-10-21,1111043381,KO,Coca-Cola
2022-10-21,1111043381,LIN,Linde
2022-10-21,1111043381,LLY,Lilly
2022-10-21,1111043381,LMT,Lockheed Martin
2022-10-21,1111043381,LOW,Lowe's
2022-10-21,1111043381,MA,Mastercard
2022-10-21,1111043381,MCD,McDonald's
2022-10-21,1111043381,MDLZ,Mondelēz International
2022-10-21,1111043381,MDT,Medtronic
2022-10-21,1111043381,MET,MetLife
2022-10-21,1111043381,META,Meta
2022-10-21,1111043381,MMM,3M
2022-10-21,1111043381,MO,Altria
2022-10-21,1111043381,MRK,Merck
2022-10-21,1111043381,MS,Morgan Stanley
2022-10-21,1111043381,MSFT,Microsoft
2022-10-21,1111043381,NEE,NextEra Energy
2022-10-21,1111043381,NFLX,Netflix
2022-10-21,1111043381,NKE,Nike
2022-10-21,1111043381,NVDA,Nvidia
2022-10-21,1111043381,ORCL,Oracle
2022-10-21,1111043381,PEP,PepsiCo
2022-10-21,1111043381,PFE,Pfizer
2022-10-21,1111043381,PG,Procter & Gamble
2022-10-21,1111043381,PM,Philip Morris International
2022-10-21,1111043381,PYPL,PayPal
2022-10-21,1111043381,QCOM,Qualcomm
2022-10-21,1111043381,RTX,Raytheon Technologies
2022-10-21,1111043381,SBUX,Starbucks
2022-10-21,1111043381,SCHW,Charles Schwab
2022-10-21,1111043381,SO,Southern Company
2022-10-21,1111043381,SPG,Simon
2022-10-21,1111043381,T,AT&T
2022-10-21,1111043381,TGT,Target
2022-10-21,1111043381,TMO,Thermo Fisher Scientific
2022-10-21,1111043381,TMUS,T-Mobile
2022-10-21,1111043381,TSLA,Tesla
2022-10-21,1111043381,TXN,Texas Instruments
2022-10-21,1111043381,UNH,UnitedHealth
2022-10-21,1111043381,UNP,Union Pacific
2022-10-21,1111043381,UPS,United Parcel Service
2022-10-21,1111043381,USB,U.S. Bank
2022-10-21,1111043381,V,Visa
2022-10-21,1111043381,VZ,Verizon
2022-10-21,1111043381,WBA,Walgreens Boots Alliance
2022-10-21,1111043381,WFC,Wells Fargo
2022-10-21,1111043381,WMT,Walmart
2022-10-21,1111043381,XOM,ExxonMobil
2022-10-28,1111043381,AAPL,Apple
2022-10-28,1111043381,ABBV,AbbVie
2022-10-28,1111043381,ABT,Abbott
2022-10-28,1111043381,ACN,Accenture
2022-10-28,1111043381,ADBE,Adobe
2022-10-28,1111043381,AIG,American International Group
2022-10-28,1111043381,AMD,Advanced Micro Devices
2022-10-28,1111043381,AMGN,Amgen
2022-10-28,1111043381,AMT,American Tower
2022-10-28,1111043381,AMZN,Amazon
2022-10-28,1111043381,AVGO,Broadcom
2022-10-28,1111043381,AXP,American Express
2022-10-28,1111043381,BA,Boeing
2022-10-28,1111043381,BAC,Bank of America
2022-10-28,1111043381,BK,BNY Mellon
2022-10-28,1111043381,BKNG,Booking Holdings
2022-10-28,1111043381,BLK,BlackRock
2022-10-28,1111043381,BMY,Bristol Myers Squibb
2022-10-28,1111043381,C,Citigroup
2022-10-28,1111043381,CAT,Caterpillar
2022-10-28,1111043381,CHTR,Charter Communications
2022-10-28,1111043381,CL,Colgate-Palmolive
2022-10-28,1111043381,CMCSA,Comcast
2022-10-28,1111043381,COF,Capital One
2022-10-28,1111043381,COP,ConocoPhillips
2022-10-28,1111043381,COST,Costco
2022-10-28,1111043381,CRM,Salesforce
2022-10-28,1111043381,CSCO,Cisco
2022-10-28,1111043381,CVS,CVS Health
2022-10-28,1111043381,CVX,Chevron
2022-10-28,1111043381,DHR,Danaher
2022-10-28,1111043381,DIS,Disney
2022-10-28,1111043381,DOW,Dow
2022-10-28,1111043381,DUK,Duke Energy
2022-10-28,1111043381,EMR,Emerson
2022-10-28,1111043381,EXC,Exelon
2022-10-28,1111043381,F,Ford
2022-10-28,1111043381,FDX,FedEx
2022-10-28,1111043381,GD,General Dynamics
2022-10-28,1111043381,GE,GE
2022-10-28,1111043381,GILD,Gilead
2022-10-28,1111043381,GM,GM
2022-10-28,1111043381,GOOG,Alphabet(Class C)
2022-10-28,1111043381,GOOGL,Alphabet (Class A)
2022-10-28,1111043381,GS,Goldman Sachs
2022-10-28,1111043381,HD,Home Depot
2022-10-28,1111043381,HON,Honeywell
2022-10-28,1111043381,IBM,IBM
2022-10-28,1111043381,INTC,Intel
2022-10-28,1111043381,JNJ,Johnson & Johnson
2022-10-28,1111043381,JPM,JPMorgan Chase
2022-10-28,1111043381,KHC,Kraft Heinz
2022-10-28,1111043381,KO,Coca-Cola
2022-10-28,1111043381,LIN,Linde
2022-10-28,1111043381,LLY,Lilly
2022-10-28,1111043381,LMT,Lockheed Martin
2022-10-28,1111043381,LOW,Lowe's
2022-10-28,1111043381,MA,Mastercard
2022-10-28,1111043381,MCD,McDonald's
2022-10-28,1111043381,MDLZ,Mondelēz International
2022-10-28,1111043381,MDT,Medtronic
2022-10-28,1111043381,MET,MetLife
2022-10-28,1111043381,META,Meta
2022-10-28,1111043381,MMM,3M
2022-10-28,1111043381,MO,Altria
2022-10-28,1111043381,MRK,Merck
2022-10-28,1111043381,MS,Morgan Stanley
2022-10-28,1111043381,MSFT,Microsoft
2022-10-28,1111043381,NEE,NextEra Energy
2022-10-28,1111043381,NFLX,Netflix
2022-10-28,1111043381,NKE,Nike
2022-10-28,1111043381,NVDA,Nvidia
2022-10-28,1111043381,ORCL,Oracle
2022-10-28,1111043381,PEP,PepsiCo
2022-10-28,1111043381,PFE,Pfizer
2022-10-28,1111043381,PG,Procter & Gamble
2022-10-28,1111043381,PM,Philip Morris International
2022-10-28,1111043381,PYPL,PayPal
2022-10-28,1111043381,QCOM,Qualcomm
2022-10-28,1111043381,RTX,Raytheon Technologies
2022-10-28,1111043381,SBUX,Starbucks
2022-10-28,1111043381,SCHW,Charles Schwab
2022-10-28,1111043381,SO,Southern Company
2022-10-28,1111043381,SPG,Simon
2022-10-28,1111043381,T,AT&T
2022-10-28,1111043381,TGT,Target
2022-10-28,1111043381,TMO,Thermo Fisher Scientific
2022-10-28,1111043381,TMUS,T-Mobile
2022-10-28,1111043381,TSLA,Tesla
2022-10-28,1111043381,TXN,Texas Instruments
2022-10-28,1111043381,UNH,UnitedHealth
2022-10-28,1111043381,UNP,Union Pacific
2022-10-28,1111043381,UPS,United Parcel Service
2022-10-28,1111043381,USB,U.S. Bank
2022-10-28,1111043381,V,Visa
2022-10-28,1111043381,VZ,Verizon
2022-10-28,1111043381,WBA,Walgreens Boots Alliance
2022-10-28,1111043381,WFC,Wells Fargo
2022-10-28,1111043381,WMT,Walmart
2022-10-28,1111043381,XOM,ExxonMobil
2022-11-04,1111043381,AAPL,Apple
2022-11-04,1111043381,ABBV,AbbVie
2022-11-04,1111043381,ABT,Abbott
2022-11-04,1111043381,ACN,Accenture
2022-11-04,1111043381,ADBE,Adobe
2022-11-04,1111043381,AIG,American International Group
2022-11-04,1111043381,AMD,Advanced Micro Devices
2022-11-04,1111043381,AMGN,Amgen
2022-11-04,1111043381,AMT,American Tower
2022-11-04,1111043381,AMZN,Amazon
2022-11-04,1111043381,AVGO,Broadcom
2022-11-04,1111043381,AXP,American Express
2022-11-04,1111043381,BA,Boeing
2022-11-04,1111043381,BAC,Bank of America
2022-11-04,1111043381,BK,BNY Mellon
2022-11-04,1111043381,BKNG,Booking Holdings
2022-11-04,1111043381,BLK,BlackRock
2022-11-04,1111043381,BMY,Bristol Myers Squibb
2022-11-04,1111043381,C,Citigroup
2022-11-04,1111043381,CAT,Caterpillar
2022-11-04,1111043381,CHTR,Charter Communications
2022-11-04,1111043381,CL,Colgate-Palmolive
2022-11-04,1111043381,CMCSA,Comcast
2022-11-04,1111043381,COF,Capital One
2022-11-04,1111043381,COP,ConocoPhillips
2022-11-04,1111043381,COST,Costco
2022-11-04,1111043381,CRM,Salesforce
2022-11-04,1111043381,CSCO,Cisco
2022-11-04,1111043381,CVS,CVS Health
2022-11-04,1111043381,CVX,Chevron
2022-11-04,1111043381,DHR,Danaher
2022-11-04,1111043381,DIS,Disney
2022-11-04,1111043381,DOW,Dow
2022-11-04,1111043381,DUK,Duke Energy
2022-11-04,1111043381,EMR,Emerson
2022-11-04,1111043381,EXC,Exelon
2022-11-04,1111043381,F,Ford
2022-11-04,1111043381,FDX,FedEx
2022-11-04,1111043381,GD,General Dynamics
2022-11-04,1111043381,GE,GE
2022-11-04,1111043381,GILD,Gilead
2022-11-04,1111043381,GM,GM
2022-11-04,1111043381,GOOG,Alphabet(Class C)
2022-11-04,1111043381,GOOGL,Alphabet (Class A)
2022-11-04,1111043381,GS,Goldman Sachs
2022-11-04,1111043381,HD,Home Depot
2022-11-04,1111043381,HON,Honeywell
2022-11-04,1111043381,IBM,IBM
2022-11-04,1111043381,INTC,Intel
2022-11-04,1111043381,JNJ,Johnson & Johnson
2022-11-04,1111043381,JPM,JPMorgan Chase
2022-11-04,1111043381,KHC,Kraft Heinz
2022-11-04,1111043381,KO,Coca-Cola
2022-11-04,1111043381,LIN,Linde
2022-11-04,1111043381,LLY,Lilly
2022-11-04,1111043381,LMT,Lockheed Martin
2022-11-04,1111043381,LOW,Lowe's
2022-11-04,1111043381,MA,Mastercard
2022-11-04,1111043381,MCD,McDonald's
2022-11-04,1111043381,MDLZ,Mondelēz International
2022-11-04,1111043381,MDT,Medtronic
2022-11-04,1111043381,MET,MetLife
2022-11-04,1111043381,META,Meta
2022-11-04,1111043381,MMM,3M
2022-11-04,1111043381,MO,Altria
2022-11-04,1111043381,MRK,Merck
2022-11-04,1111043381,MS,Morgan Stanley
2022-11-04,1111043381,MSFT,Microsoft
2022-11-04,1111043381,NEE,NextEra Energy
2022-11-04,1111043381,NFLX,Netflix
2022-11-04,1111043381,NKE,Nike
2022-11-04,1111043381,NVDA,Nvidia
2022-11-04,1111043381,ORCL,Oracle
2022-11-04,1111043381,PEP,PepsiCo
2022-11-04,1111043381,PFE,Pfizer
2022-11-04,1111043381,PG,Procter & Gamble
2022-11-04,1111043381,PM,Philip Morris International
2022-11-04,1111043381,PYPL,PayPal
2022-11-04,1111043381,QCOM,Qualcomm
2022-11-04,1111043381,RTX,Raytheon Technologies
2022-11-04,1111043381,SBUX,Starbucks
2022-11-04,1111043381,SCHW,Charles Schwab
2022-11-04,1111043381,SO,Southern Company
2022-11-04,1111043381,SPG,Simon
2022-11-04,1111043381,T,AT&T
2022-11-04,1111043381,TGT,Target
2022-11-04,1111043381,TMO,Thermo Fisher Scientific
2022-11-04,1111043381,TMUS,T-Mobile
2022-11-04,1111043381,TSLA,Tesla
2022-11-04,1111043381,TXN,Texas Instruments
2022-11-04,1111043381,UNH,UnitedHealth
2022-11-04,1111043381,UNP,Union Pacific
2022-11-04,1111043381,UPS,United Parcel Service
2022-11-04,1111043381,USB,U.S. Bank
2022-11-04,1111043381,V,Visa
2022-11-04,1111043381,VZ,Verizon
2022-11-04,1111043381,WBA,Walgreens Boots Alliance
2022-11-04,1111043381,WFC,Wells Fargo
2022-11-04,1111043381,WMT,Walmart
2022-11-04,1111043381,XOM,ExxonMobil
2022-11-11,1111043381,AAPL,Apple
2022-11-11,1111043381,ABBV,AbbVie
2022-11-11,1111043381,ABT,Abbott
2022-11-11,1111043381,ACN,Accenture
2022-11-11,1111043381,ADBE,Adobe
2022-11-11,1111043381,AIG,American International Group
2022-11-11,1111043381,AMD,Advanced Micro Devices
2022-11-11,1111043381,AMGN,Amgen
2022-11-11,1111043381,AMT,American Tower
2022-11-11,1111043381,AMZN,Amazon
2022-11-11,1111043381,AVGO,Broadcom
2022-11-11,1111043381,AXP,American Express
2022-11-11,1111043381,BA,Boeing
2022-11-11,1111043381,BAC,Bank of America
2022-11-11,1111043381,BK,BNY Mellon
2022-11-11,1111043381,BKNG,Booking Holdings
2022-11-11,1111043381,BLK,BlackRock
2022-11-11,1111043381,BMY,Bristol Myers Squibb
2022-11-11,1111043381,C,Citigroup
2022-11-11,1111043381,CAT,Caterpillar
2022-11-11,1111043381,CHTR,Charter Communications
2022-11-11,1111043381,CL,Colgate-Palmolive
2022-11-11,1111043381,CMCSA,Comcast
2022-11-11,1111043381,COF,Capital One
2022-11-11,1111043381,COP,ConocoPhillips
2022-11-11,1111043381,COST,Costco
2022-11-11,1111043381,CRM,Salesforce
2022-11-11,1111043381,CSCO,Cisco
2022-11-11,1111043381,CVS,CVS Health
2022-11-11,1111043381,CVX,Chevron
2022-11-11,1111043381,DHR,Danaher
2022-11-11,1111043381,DIS,Disney
2022-11-11,1111043381,DOW,Dow
2022-11-11,1111043381,DUK,Duke Energy
2022-11-11,1111043381,EMR,Emerson
2022-11-11,1111043381,EXC,Exelon
2022-11-11,1111043381,F,Ford
2022-11-11,1111043381,FDX,FedEx
2022-11-11,1111043381,GD,General Dynamics
2022-11-11,1111043381,GE,GE
2022-11-11,1111043381,GILD,Gilead
2022-11-11,1111043381,GM,GM
2022-11-11,1111043381,GOOG,Alphabet(Class C)
2022-11-11,1111043381,GOOGL,Alphabet (Class A)
2022-11-11,1111043381,GS,Goldman Sachs
2022-11-11,1111043381,HD,Home Depot
2022-11-11,1111043381,HON,Honeywell
2022-11-11,1111043381,IBM,IBM
2022-11-11,1111043381,INTC,Intel
2022-11-11,1111043381,JNJ,Johnson & Johnson
2022-11-11,1111043381,JPM,JPMorgan Chase
2022-11-11,1111043381,KHC,Kraft Heinz
2022-11-11,1111043381,KO,Coca-Cola
2022-11-11,1111043381,LIN,Linde
2022-11-11,1111043381,LLY,Lilly
2022-11-11,1111043381,LMT,Lockheed Martin
2022-11-11,1111043381,LOW,Lowe's
2022-11-11,1111043381,MA,Mastercard
2022-11-11,1111043381,MCD,McDonald's
2022-11-11,1111043381,MDLZ,Mondelēz International
2022-11-11,1111043381,MDT,Medtronic
2022-11-11,1111043381,MET,MetLife
2022-11-11,1111043381,META,Meta
2022-11-11,1111043381,MMM,3M
2022-11-11,1111043381,MO,Altria
2022-11-11,1111043381,MRK,Merck
2022-11-11,1111043381,MS,Morgan Stanley
2022-11-11,1111043381,MSFT,Microsoft
2022-11-11,1111043381,NEE,NextEra Energy
2022-11-11,1111043381,NFLX,Netflix
2022-11-11,1111043381,NKE,Nike
2022-11-11,1111043381,NVDA,Nvidia
2022-11-11,1111043381,ORCL,Oracle
2022-11-11,1111043381,PEP,PepsiCo
2022-11-11,1111043381,PFE,Pfizer
2022-11-11,1111043381,PG,Procter & Gamble
2022-11-11,1111043381,PM,Philip Morris International
2022-11-11,1111043381,PYPL,PayPal
2022-11-11,1111043381,QCOM,Qualcomm
2022-11-11,1111043381,RTX,Raytheon Technologies
2022-11-11,1111043381,SBUX,Starbucks
2022-11-11,1111043381,SCHW,Charles Schwab
2022-11-11,1111043381,SO,Southern Company
2022-11-11,1111043381,SPG,Simon
2022-11-11,1111043381,T,AT&T
2022-11-11,1111043381,TGT,Target
2022-11-11,1111043381,TMO,Thermo Fisher Scientific
2022-11-11,1111043381,TMUS,T-Mobile
2022-11-11,1111043381,TSLA,Tesla
2022-11-11,1111043381,TXN,Texas Instruments
2022-11-11,1111043381,UNH,UnitedHealth
2022-11-11,1111043381,UNP,Union Pacific
2022-11-11,1111043381,UPS,United Parcel Service
2022-11-11,1111043381,USB,U.S. Bank
2022-11-11,1111043381,V,Visa
2022-11-11,1111043381,VZ,Verizon
2022-11-11,1111043381,WBA,Walgreens Boots Alliance
2022-11-11,1111043381,WFC,Wells Fargo
2022-11-11,1111043381,WMT,Walmart
2022-11-11,1111043381,XOM,ExxonMobil
2022-11-18,1111043381,AAPL,Apple
2022-11-18,1111043381,ABBV,AbbVie
2022-11-18,1111043381,ABT,Abbott
2022-11-18,1111043381,ACN,Accenture
2022-11-18,1111043381,ADBE,Adobe
2022-11-18,1111043381,AIG,American International Group
2022-11-18,1111043381,AMD,Advanced Micro Devices
2022-11-18,1111043381,AMGN,Amgen
2022-11-18,1111043381,AMT,American Tower
2022-11-18,1111043381,AMZN,Amazon
2022-11-18,1111043381,AVGO,Broadcom
2022-11-18,1111043381,AXP,American Express
2022-11-18,1111043381,BA,Boeing
2022-11-18,1111043381,BAC,Bank of America
2022-11-18,1111043381,BK,BNY Mellon
2022-11-18,1111043381,BKNG,Booking Holdings
2022-11-18,1111043381,BLK,BlackRock
2022-11-18,1111043381,BMY,Bristol Myers Squibb
2022-11-18,1111043381,C,Citigroup
2022-11-18,1111043381,CAT,Caterpillar
2022-11-18,1111043381,CHTR,Charter Communications
2022-11-18,1111043381,CL,Colgate-Palmolive
2022-11-18,1111043381,CMCSA,Comcast
2022-11-18,1111043381,COF,Capital One
2022-11-18,1111043381,COP,ConocoPhillips
2022-11-18,1111043381,COST,Costco
2022-11-18,1111043381,CRM,Salesforce
2022-11-18,1111043381,CSCO,Cisco
2022-11-18,1111043381,CVS,CVS Health
2022-11-18,1111043381,CVX,Chevron
2022-11-18,1111043381,DHR,Danaher
2022-11-18,1111043381,DIS,Disney
2022-11-18,1111043381,DOW,Dow
2022-11-18,1111043381,DUK,Duke Energy
2022-11-18,1111043381,EMR,Emerson
2022-11-18,1111043381,EXC,Exelon
2022-11-18,1111043381,F,Ford
2022-11-18,1111043381,FDX,FedEx
2022-11-18,1111043381,GD,General Dynamics
2022-11-18,1111043381,GE,GE
2022-11-18,1111043381,GILD,Gilead
2022-11-18,1111043381,GM,GM
2022-11-18,1111043381,GOOG,Alphabet(Class C)
2022-11-18,1111043381,GOOGL,Alphabet (Class A)
2022-11-18,1111043381,GS,Goldman Sachs
2022-11-18,1111043381,HD,Home Depot
2022-11-18,1111043381,HON,Honeywell
2022-11-18,1111043381,IBM,IBM
2022-11-18,1111043381,INTC,Intel
2022-11-18,1111043381,JNJ,Johnson & Johnson
2022-11-18,1111043381,JPM,JPMorgan Chase
2022-11-18,1111043381,KHC,Kraft Heinz
2022-11-18,1111043381,KO,Coca-Cola
2022-11-18,1111043381,LIN,Linde
2022-11-18,1111043381,LLY,Lilly
2022-11-18,1111043381,LMT,Lockheed Martin
2022-11-18,1111043381,LOW,Lowe's
2022-11-18,1111043381,MA,Mastercard
2022-11-18,1111043381,MCD,McDonald's
2022-11-18,1111043381,MDLZ,Mondelēz International
2022-11-18,1111043381,MDT,Medtronic
2022-11-18,1111043381,MET,MetLife
2022-11-18,1111043381,META,Meta
2022-11-18,1111043381,MMM,3M
2022-11-18,1111043381,MO,Altria
2022-11-18,1111043381,MRK,Merck
2022-11-18,1111043381,MS,Morgan Stanley
2022-11-18,1111043381,MSFT,Microsoft
2022-11-18,1111043381,NEE,NextEra Energy
2022-11-18,1111043381,NFLX,Netflix
2022-11-18,1111043381,NKE,Nike
2022-11-18,1111043381,NVDA,Nvidia
2022-11-18,1111043381,ORCL,Oracle
2022-11-18,1111043381,PEP,PepsiCo
2022-11-18,1111043381,PFE,Pfizer
2022-11-18,1111043381,PG,Procter & Gamble
2022-11-18,1111043381,PM,Philip Morris International
2022-11-18,1111043381,PYPL,PayPal
2022-11-18,1111043381,QCOM,Qualcomm
2022-11-18,1111043381,RTX,Raytheon Technologies
2022-11-18,1111043381,SBUX,Starbucks
2022-11-18,1111043381,SCHW,Charles Schwab
2022-11-18,1111043381,SO,Southern Company
2022-11-18,1111043381,SPG,Simon
2022-11-18,1111043381,T,AT&T
2022-11-18,1111043381,TGT,Target
2022-11-18,1111043381,TMO,Thermo Fisher Scientific
2022-11-18,1111043381,TMUS,T-Mobile
2022-11-18,1111043381,TSLA,Tesla
2022-11-18,1111043381,TXN,Texas Instruments
2022-11-18,1111043381,UNH,UnitedHealth
2022-11-18,1111043381,UNP,Union Pacific
2022-11-18,1111043381,UPS,United Parcel Service
2022-11-18,1111043381,USB,U.S. Bank
2022-11-18,1111043381,V,Visa
2022-11-18,1111043381,VZ,Verizon
2022-11-18,1111043381,WBA,Walgreens Boots Alliance
2022-11-18,1111043381,WFC,Wells Fargo
2022-11-18,1111043381,WMT,Walmart
2022-11-18,1111043381,XOM,ExxonMobil
2022-11-25,1111043381,AAPL,Apple
2022-11-25,1111043381,ABBV,AbbVie
2022-11-25,1111043381,ABT,Abbott
2022-11-25,1111043381,ACN,Accenture
2022-11-25,1111043381,ADBE,Adobe
2022-11-25,1111043381,AIG,American International Group
2022-11-25,1111043381,AMD,Advanced Micro Devices
2022-11-25,1111043381,AMGN,Amgen
2022-11-25,1111043381,AMT,American Tower
2022-11-25,1111043381,AMZN,Amazon
2022-11-25,1111043381,AVGO,Broadcom
2022-11-25,1111043381,AXP,American Express
2022-11-25,1111043381,BA,Boeing
2022-11-25,1111043381,BAC,Bank of America
2022-11-25,1111043381,BK,BNY Mellon
2022-11-25,1111043381,BKNG,Booking Holdings
2022-11-25,1111043381,BLK,BlackRock
2022-11-25,1111043381,BMY,Bristol Myers Squibb
2022-11-25,1111043381,C,Citigroup
2022-11-25,1111043381,CAT,Caterpillar
2022-11-25,1111043381,CHTR,Charter Communications
2022-11-25,1111043381,CL,Colgate-Palmolive
2022-11-25,1111043381,CMCSA,Comcast
2022-11-25,1111043381,COF,Capital One
2022-11-25,1111043381,COP,ConocoPhillips
2022-11-25,1111043381,COST,Costco
2022-11-25,1111043381,CRM,Salesforce
2022-11-25,1111043381,CSCO,Cisco
2022-11-25,1111043381,CVS,CVS Health
2022-11-25,1111043381,CVX,Chevron
2022-11-25,1111043381,DHR,Danaher
2022-11-25,1111043381,DIS,Disney
2022-11-25,1111043381,DOW,Dow
2022-11-25,1111043381,DUK,Duke Energy
2022-11-25,1111043381,EMR,Emerson
2022-11-25,1111043381,EXC,Exelon
2022-11-25,1111043381,F,Ford
2022-11-25,1111043381,FDX,FedEx
2022-11-25,1111043381,GD,General Dynamics
2022-11-25,1111043381,GE,GE
2022-11-25,1111043381,GILD,Gilead
2022-11-25,1111043381,GM,GM
2022-11-25,1111043381,GOOG,Alphabet(Class C)
2022-11-25,1111043381,GOOGL,Alphabet (Class A)
2022-11-25,1111043381,GS,Goldman Sachs
2022-11-25,1111043381,HD,Home Depot
2022-11-25,1111043381,HON,Honeywell
2022-11-25,1111043381,IBM,IBM
2022-11-25,1111043381,INTC,Intel
2022-11-25,1111043381,JNJ,Johnson & Johnson
2022-11-25,1111043381,JPM,JPMorgan Chase
2022-11-25,1111043381,KHC,Kraft Heinz
2022-11-25,1111043381,KO,Coca-Cola
2022-11-25,1111043381,LIN,Linde
2022-11-25,1111043381,LLY,Lilly
2022-11-25,1111043381,LMT,Lockheed Martin
2022-11-25,1111043381,LOW,Lowe's
2022-11-25,1111043381,MA,Mastercard
2022-11-25,1111043381,MCD,McDonald's
2022-11-25,1111043381,MDLZ,Mondelēz International
2022-11-25,1111043381,MDT,Medtronic
2022-11-25,1111043381,MET,MetLife
2022-11-25,1111043381,META,Meta
2022-11-25,1111043381,MMM,3M
2022-11-25,1111043381,MO,Altria
2022-11-25,1111043381,MRK,Merck
2022-11-25,1111043381,MS,Morgan Stanley
2022-11-25,1111043381,MSFT,Microsoft
2022-11-25,1111043381,NEE,NextEra Energy
2022-11-25,1111043381,NFLX,Netflix
2022-11-25,1111043381,NKE,Nike
2022-11-25,1111043381,NVDA,Nvidia
2022-11-25,1111043381,ORCL,Oracle
2022-11-25,1111043381,PEP,PepsiCo
2022-11-25,1111043381,PFE,Pfizer
2022-11-25,1111043381,PG,Procter & Gamble
2022-11-25,1111043381,PM,Philip Morris International
2022-11-25,1111043381,PYPL,PayPal
2022-11-25,1111043381,QCOM,Qualcomm
2022-11-25,1111043381,RTX,Raytheon Technologies
2022-11-25,1111043381,SBUX,Starbucks
2022-11-25,1111043381,SCHW,Charles Schwab
2022-11-25,1111043381,SO,Southern Company
2022-11-25,1111043381,SPG,Simon
2022-11-25,1111043381,T,AT&T
2022-11-25,1111043381,TGT,Target
2022-11-25,1111043381,TMO,Thermo Fisher Scientific
2022-11-25,1111043381,TMUS,T-Mobile
2022-11-25,1111043381,TSLA,Tesla
2022-11-25,1111043381,TXN,Texas Instruments
2022-11-25,1111043381,UNH,UnitedHealth
2022-11-25,1111043381,UNP,Union Pacific
2022-11-25,1111043381,UPS,United Parcel Service
2022-11-25,1111043381,USB,U.S. Bank
2022-11-25,1111043381,V,Visa
2022-11-25,1111043381,VZ,Verizon
2022-11-25,1111043381,WBA,Walgreens Boots Alliance
2022-11-25,1111043381,WFC,Wells Fargo
2022-11-25,1111043381,WMT,Walmart
2022-11-25,1111043381,XOM,ExxonMobil
2022-12-02,1111043381,AAPL,Apple
2022-12-02,1111043381,ABBV,AbbVie
2022-12-02,1111043381,ABT,Abbott
2022-12-02,1111043381,ACN,Accenture
2022-12-02,1111043381,ADBE,Adobe
2022-12-02,1111043381,AIG,American International Group
2022-12-02,1111043381,AMD,Advanced Micro Devices
2022-12-02,1111043381,AMGN,Amgen
2022-12-02,1111043381,AMT,American Tower
2022-12-02,1111043381,AMZN,Amazon
2022-12-02,1111043381,AVGO,Broadcom
2022-12-02,1111043381,AXP,American Express
2022-12-02,1111043381,BA,Boeing
2022-12-02,1111043381,BAC,Bank of America
2022-12-02,1111043381,BK,BNY Mellon
2022-12-02,1111043381,BKNG,Booking Holdings
2022-12-02,1111043381,BLK,BlackRock
2022-12-02,1111043381,BMY,Bristol Myers Squibb
2022-12-02,1111043381,C,Citigroup
2022-12-02,1111043381,CAT,Caterpillar
2022-12-02,1111043381,CHTR,Charter Communications
2022-12-02,1111043381,CL,Colgate-Palmolive
2022-12-02,1111043381,CMCSA,Comcast
2022-12-02,1111043381,COF,Capital One
2022-12-02,1111043381,COP,ConocoPhillips
2022-12-02,1111043381,COST,Costco
2022-12-02,1111043381,CRM,Salesforce
2022-12-02,1111043381,CSCO,Cisco
2022-12-02,1111043381,CVS,CVS Health
2022-12-02,1111043381,CVX,Chevron
2022-12-02,1111043381,DHR,Danaher
2022-12-02,1111043381,DIS,Disney
2022-12-02,1111043381,DOW,Dow
2022-12-02,1111043381,DUK,Duke Energy
2022-12-02,1111043381,EMR,Emerson
2022-12-02,1111043381,EXC,Exelon
2022-12-02,1111043381,F,Ford
2022-12-02,1111043381,FDX,FedEx
2022-12-02,1111043381,GD,General Dynamics
2022-12-02,1111043381,GE,GE
2022-12-02,1111043381,GILD,Gilead
2022-12-02,1111043381,GM,GM
2022-12-02,1111043381,GOOG,Alphabet(Class C)
2022-12-02,1111043381,GOOGL,Alphabet (Class A)
2022-12-02,1111043381,GS,Goldman Sachs
2022-12-02,1111043381,HD,Home Depot
2022-12-02,1111043381,HON,Honeywell
2022-12-02,1111043381,IBM,IBM
2022-12-02,1111043381,INTC,Intel
2022-12-02,1111043381,JNJ,Johnson & Johnson
2022-12-02,1111043381,JPM,JPMorgan Chase
2022-12-02,1111043381,KHC,Kraft Heinz
2022-12-02,1111043381,KO,Coca-Cola
2022-12-02,1111043381,LIN,Linde
2022-12-02,1111043381,LLY,Lilly
2022-12-02,1111043381,LMT,Lockheed Martin
2022-12-02,1111043381,LOW,Lowe's
2022-12-02,1111043381,MA,Mastercard
2022-12-02,1111043381,MCD,McDonald's
2022-12-02,1111043381,MDLZ,Mondelēz International
2022-12-02,1111043381,MDT,Medtronic
2022-12-02,1111043381,MET,MetLife
2022-12-02,1111043381,META,Meta
2022-12-02,1111043381,MMM,3M
2022-12-02,1111043381,MO,Altria
2022-12-02,1111043381,MRK,Merck
2022-12-02,1111043381,MS,Morgan Stanley
2022-12-02,1111043381,MSFT,Microsoft
2022-12-02,1111043381,NEE,NextEra Energy
2022-12-02,1111043381,NFLX,Netflix
2022-12-02,1111043381,NKE,Nike
2022-12-02,1111043381,NVDA,Nvidia
2022-12-02,1111043381,ORCL,Oracle
2022-12-02,1111043381,PEP,PepsiCo
2022-12-02,1111043381,PFE,Pfizer
2022-12-02,1111043381,PG,Procter & Gamble
2022-12-02,1111043381,PM,Philip Morris International
2022-12-02,1111043381,PYPL,PayPal
2022-12-02,1111043381,QCOM,Qualcomm
2022-12-02,1111043381,RTX,Raytheon Technologies
2022-12-02,1111043381,SBUX,Starbucks
2022-12-02,1111043381,SCHW,Charles Schwab
2022-12-02,1111043381,SO,Southern Company
2022-12-02,1111043381,SPG,Simon
2022-12-02,1111043381,T,AT&T
2022-12-02,1111043381,TGT,Target
2022-12-02,1111043381,TMO,Thermo Fisher Scientific
2022-12-02,1111043381,TMUS,T-Mobile
2022-12-02,1111043381,TSLA,Tesla
2022-12-02,1111043381,TXN,Texas Instruments
2022-12-02,1111043381,UNH,UnitedHealth
2022-12-02,1111043381,UNP,Union Pacific
2022-12-02,1111043381,UPS,United Parcel Service
2022-12-02,1111043381,USB,U.S. Bank
2022-12-02,1111043381,V,Visa
2022-12-02,1111043381,VZ,Verizon
2022-12-02,1111043381,WBA,Walgreens Boots Alliance
2022-12-02,1111043381,WFC,Wells Fargo
2022-12-02,1111043381,WMT,Walmart
2022-12-02,1111043381,XOM,ExxonMobil
2022-12-09,1126251228,AAPL,Apple
2022-12-09,1126251228,ABBV,AbbVie
2022-12-09,1126251228,ABT,Abbott
2022-12-09,1126251228,ACN,Accenture
2022-12-09,1126251228,ADBE,Adobe
2022-12-09,1126251228,AIG,American International Group
2022-12-09,1126251228,AMD,Advanced Micro Devices
2022-12-09,1126251228,AMGN,Amgen
2022-12-09,1126251228,AMT,American Tower
2022-12-09,1126251228,AMZN,Amazon
2022-12-09,1126251228,AVGO,Broadcom
2022-12-09,1126251228,AXP,American Express
2022-12-09,1126251228,BA,Boeing
2022-12-09,1126251228,BAC,Bank of America
2022-12-09,1126251228,BK,BNY Mellon
2022-12-09,1126251228,BKNG,Booking Holdings
2022-12-09,1126251228,BLK,BlackRock
2022-12-09,1126251228,BMY,Bristol Myers Squibb
2022-12-09,1126251228,C,Citigroup
2022-12-09,1126251228,CAT,Caterpillar
2022-12-09,1126251228,CHTR,Charter Communications
2022-12-09,1126251228,CL,Colgate-Palmolive
2022-12-09,1126251228,CMCSA,Comcast
2022-12-09,1126251228,COF,Capital One
2022-12-09,1126251228,COP,ConocoPhillips
2022-12-09,1126251228,COST,Costco
2022-12-09,1126251228,CRM,Salesforce
2022-12-09,1126251228,CSCO,Cisco
2022-12-09,1126251228,CVS,CVS Health
2022-12-09,1126251228,CVX,Chevron
2022-12-09,1126251228,DHR,Danaher
2022-12-09,1126251228,DIS,Disney
2022-12-09,1126251228,DOW,Dow
2022-12-09,1126251228,DUK,Duke Energy
2022-12-09,1126251228,EMR,Emerson
2022-12-09,1126251228,EXC,Exelon
2022-12-09,1126251228,F,Ford
2022-12-09,1126251228,FDX,FedEx
2022-12-09,1126251228,GD,General Dynamics
2022-12-09,1126251228,GE,GE
2022-12-09,1126251228,GILD,Gilead
2022-12-09,1126251228,GM,GM
2022-12-09,1126251228,GOOG,Alphabet(Class C)
2022-12-09,1126251228,GOOGL,Alphabet (Class A)
2022-12-09,1126251228,GS,Goldman Sachs
2022-12-09,1126251228,HD,Home Depot
2022-12-09,1126251228,HON,Honeywell
2022-12-09,1126251228,IBM,IBM
2022-12-09,1126251228,INTC,Intel
2022-12-09,1126251228,JNJ,Johnson & Johnson
2022-12-09,1126251228,JPM,JPMorgan Chase
2022-12-09,1126251228,KHC,Kraft Heinz
2022-12-09,1126251228,KO,Coca-Cola
2022-12-09,1126251228,LIN,Linde
2022-12-09,1126251228,LLY,Lilly
2022-12-09,1126251228,LMT,Lockheed Martin
2022-12-09,1126251228,LOW,Lowe's
2022-12-09,1126251228,MA,Mastercard
2022-12-09,1126251228,MCD,McDonald's
2022-12-09,1126251228,MDLZ,Mondelēz International
2022-12-09,1126251228,MDT,Medtronic
2022-12-09,1126251228,MET,MetLife
2022-12-09,1126251228,META,Meta
2022-12-09,1126251228,MMM,3M
2022-12-09,1126251228,MO,Altria
2022-12-09,1126251228,MRK,Merck
2022-12-09,1126251228,MS,Morgan Stanley
2022-12-09,1126251228,MSFT,Microsoft
2022-12-09,1126251228,NEE,NextEra Energy
2022-12-09,1126251228,NFLX,Netflix
2022-12-09,1126251228,NKE,Nike
2022-12-09,1126251228,NVDA,Nvidia
2022-12-09,1126251228,ORCL,Oracle
2022-12-09,1126251228,PEP,PepsiCo
2022-12-09,1126251228,PFE,Pfizer
2022-12-09,1126251228,PG,Procter & Gamble
2022-12-09,1126251228,PM,Philip Morris International
2022-12-09,1126251228,PYPL,PayPal
2022-12-09,1126251228,QCOM,Qualcomm
2022-12-09,1126251228,RTX,Raytheon Technologies
2022-12-09,1126251228,SBUX,Starbucks
2022-12-09,1126251228,SCHW,Charles Schwab
2022-12-09,1126251228,SO,Southern Company
2022-12-09,1126251228,SPG,Simon
2022-12-09,1126251228,T,AT&T
2022-12-09,1126251228,TGT,Target
2022-12-09,1126251228,TMO,Thermo Fisher Scientific
2022-12-09,1126251228,TMUS,T-Mobile
2022-12-09,1126251228,TSLA,Tesla
2022-12-09,1126251228,TXN,Texas Instruments
2022-12-09,1126251228,UNH,UnitedHealth
2022-12-09,1126251228,UNP,Union Pacific
2022-12-09,1126251228,UPS,United Parcel Service
2022-12-09,1126251228,USB,U.S. Bank
2022-12-09,1126251228,V,Visa
2022-12-09,1126251228,VZ,Verizon
2022-12-09,1126251228,WBA,Walgreens Boots Alliance
2022-12-09,1126251228,WFC,Wells Fargo
2022-12-09,1126251228,WMT,Walmart
2022-12-09,1126251228,XOM,ExxonMobil
2022-12-16,1126251228,AAPL,Apple
2022-12-16,1126251228,ABBV,AbbVie
2022-12-16,1126251228,ABT,Abbott
2022-12-16,1126251228,ACN,Accenture
2022-12-16,1126251228,ADBE,Adobe
2022-12-16,1126251228,AIG,American International Group
2022-12-16,1126251228,AMD,Advanced Micro Devices
2022-12-16,1126251228,AMGN,Amgen
2022-12-16,1126251228,AMT,American Tower
2022-12-16,1126251228,AMZN,Amazon
2022-12-16,1126251228,AVGO,Broadcom
2022-12-16,1126251228,AXP,American Express
2022-12-16,1126251228,BA,Boeing
2022-12-16,1126251228,BAC,Bank of America
2022-12-16,1126251228,BK,BNY Mellon
2022-12-16,1126251228,BKNG,Booking Holdings
2022-12-16,1126251228,BLK,BlackRock
2022-12-16,1126251228,BMY,Bristol Myers Squibb
2022-12-16,1126251228,C,Citigroup
2022-12-16,1126251228,CAT,Caterpillar
2022-12-16,1126251228,CHTR,Charter Communications
2022-12-16,1126251228,CL,Colgate-Palmolive
2022-12-16,1126251228,CMCSA,Comcast
2022-12-16,1126251228,COF,Capital One
2022-12-16,1126251228,COP,ConocoPhillips
2022-12-16,1126251228,COST,Costco
2022-12-16,1126251228,CRM,Salesforce
2022-12-16,1126251228,CSCO,Cisco
2022-12-16,1126251228,CVS,CVS Health
2022-12-16,1126251228,CVX,Chevron
2022-12-16,1126251228,DHR,Danaher
2022-12-16,1126251228,DIS,Disney
2022-12-16,1126251228,DOW,Dow
2022-12-16,1126251228,DUK,Duke Energy
2022-12-16,1126251228,EMR,Emerson
2022-12-16,1126251228,EXC,Exelon
2022-12-16,1126251228,F,Ford
2022-12-16,1126251228,FDX,FedEx
2022-12-16,1126251228,GD,General Dynamics
2022-12-16,1126251228,GE,GE
2022-12-16,1126251228,GILD,Gilead
2022-12-16,1126251228,GM,GM
2022-12-16,1126251228,GOOG,Alphabet(Class C)
2022-12-16,1126251228,GOOGL,Alphabet (Class A)
2022-12-16,1126251228,GS,Goldman Sachs
2022-12-16,1126251228,HD,Home Depot
2022-12-16,1126251228,HON,Honeywell
2022-12-16,1126251228,IBM,IBM
2022-12-16,1126251228,INTC,Intel
2022-12-16,1126251228,JNJ,Johnson & Johnson
2022-12-16,1126251228,JPM,JPMorgan Chase
2022-12-16,1126251228,KHC,Kraft Heinz
2022-12-16,1126251228,KO,Coca-Cola
2022-12-16,1126251228,LIN,Linde
2022-12-16,1126251228,LLY,Lilly
2022-12-16,1126251228,LMT,Lockheed Martin
2022-12-16,1126251228,LOW,Lowe's
2022-12-16,1126251228,MA,Mastercard
2022-12-16,1126251228,MCD,McDonald's
2022-12-16,1126251228,MDLZ,Mondelēz International
2022-12-16,1126251228,MDT,Medtronic
2022-12-16,1126251228,MET,MetLife
2022-12-16,1126251228,META,Meta
2022-12-16,1126251228,MMM,3M
2022-12-16,1126251228,MO,Altria
2022-12-16,1126251228,MRK,Merck
2022-12-16,1126251228,MS,Morgan Stanley
2022-12-16,1126251228,MSFT,Microsoft
2022-12-16,1126251228,NEE,NextEra Energy
2022-12-16,1126251228,NFLX,Netflix
2022-12-16,1126251228,NKE,Nike
2022-12-16,1126251228,NVDA,Nvidia
2022-12-16,1126251228,ORCL,Oracle
2022-12-16,1126251228,PEP,PepsiCo
2022-12-16,1126251228,PFE,Pfizer
2022-12-16,1126251228,PG,Procter & Gamble
2022-12-16,1126251228,PM,Philip Morris International
2022-12-16,1126251228,PYPL,PayPal
2022-12-16,1126251228,QCOM,Qualcomm
2022-12-16,1126251228,RTX,Raytheon Technologies
2022-12-16,1126251228,SBUX,Starbucks
2022-12-16,1126251228,SCHW,Charles Schwab
2022-12-16,1126251228,SO,Southern Company
2022-12-16,1126251228,SPG,Simon
2022-12-16,1126251228,T,AT&T
2022-12-16,1126251228,TGT,Target
2022-12-16,1126251228,TMO,Thermo Fisher Scientific
2022-12-16,1126251228,TMUS,T-Mobile
2022-12-16,1126251228,TSLA,Tesla
2022-12-16,1126251228,TXN,Texas Instruments
2022-12-16,1126251228,UNH,UnitedHealth
2022-12-16,1126251228,UNP,Union Pacific
2022-12-16,1126251228,UPS,United Parcel Service
2022-12-16,1126251228,USB,U.S. Bank
2022-12-16,1126251228,V,Visa
2022-12-16,1126251228,VZ,Verizon
2022-12-16,1126251228,WBA,Walgreens Boots Alliance
2022-12-16,1126251228,WFC,Wells Fargo
2022-12-16,1126251228,WMT,Walmart
2022-12-16,1126251228,XOM,ExxonMobil
2022-12-23,1126251228,AAPL,Apple
2022-12-23,1126251228,ABBV,AbbVie
2022-12-23,1126251228,ABT,Abbott
2022-12-23,1126251228,ACN,Accenture
2022-12-23,1126251228,ADBE,Adobe
2022-12-23,1126251228,AIG,American International Group
2022-12-23,1126251228,AMD,Advanced Micro Devices
2022-12-23,1126251228,AMGN,Amgen
2022-12-23,1126251228,AMT,American Tower
2022-12-23,1126251228,AMZN,Amazon
2022-12-23,1126251228,AVGO,Broadcom
2022-12-23,1126251228,AXP,American Express
2022-12-23,1126251228,BA,Boeing
2022-12-23,1126251228,BAC,Bank of America
2022-12-23,1126251228,BK,BNY Mellon
2022-12-23,1126251228,BKNG,Booking Holdings
2022-12-23,1126251228,BLK,BlackRock
2022-12-23,1126251228,BMY,Bristol Myers Squibb
2022-12-23,1126251228,C,Citigroup
2022-12-23,1126251228,CAT,Caterpillar
2022-12-23,1126251228,CHTR,Charter Communications
2022-12-23,1126251228,CL,Colgate-Palmolive
2022-12-23,1126251228,CMCSA,Comcast
2022-12-23,1126251228,COF,Capital One
2022-12-23,1126251228,COP,ConocoPhillips
2022-12-23,1126251228,COST,Costco
2022-12-23,1126251228,CRM,Salesforce
2022-12-23,1126251228,CSCO,Cisco
2022-12-23,1126251228,CVS,CVS Health
2022-12-23,1126251228,CVX,Chevron
2022-12-23,1126251228,DHR,Danaher
2022-12-23,1126251228,DIS,Disney
2022-12-23,1126251228,DOW,Dow
2022-12-23,1126251228,DUK,Duke Energy
2022-12-23,1126251228,EMR,Emerson
2022-12-23,1126251228,EXC,Exelon
2022-12-23,1126251228,F,Ford
2022-12-23,1126251228,FDX,FedEx
2022-12-23,1126251228,GD,General Dynamics
2022-12-23,1126251228,GE,GE
2022-12-23,1126251228,GILD,Gilead
2022-12-23,1126251228,GM,GM
2022-12-23,1126251228,GOOG,Alphabet(Class C)
2022-12-23,1126251228,GOOGL,Alphabet (Class A)
2022-12-23,1126251228,GS,Goldman Sachs
2022-12-23,1126251228,HD,Home Depot
2022-12-23,1126251228,HON,Honeywell
2022-12-23,1126251228,IBM,IBM
2022-12-23,1126251228,INTC,Intel
2022-12-23,1126251228,JNJ,Johnson & Johnson
2022-12-23,1126251228,JPM,JPMorgan Chase
2022-12-23,1126251228,KHC,Kraft Heinz
2022-12-23,1126251228,KO,Coca-Cola
2022-12-23,1126251228,LIN,Linde
2022-12-23,1126251228,LLY,Lilly
2022-12-23,1126251228,LMT,Lockheed Martin
2022-12-23,1126251228,LOW,Lowe's
2022-12-23,1126251228,MA,Mastercard
2022-12-23,1126251228,MCD,McDonald's
2022-12-23,1126251228,MDLZ,Mondelēz International
2022-12-23,1126251228,MDT,Medtronic
2022-12-23,1126251228,MET,MetLife
2022-12-23,1126251228,META,Meta
2022-12-23,1126251228,MMM,3M
2022-12-23,1126251228,MO,Altria
2022-12-23,1126251228,MRK,Merck
2022-12-23,1126251228,MS,Morgan Stanley
2022-12-23,1126251228,MSFT,Microsoft
2022-12-23,1126251228,NEE,NextEra Energy
2022-12-23,1126251228,NFLX,Netflix
2022-12-23,1126251228,NKE,Nike
2022-12-23,1126251228,NVDA,Nvidia
2022-12-23,1126251228,ORCL,Oracle
2022-12-23,1126251228,PEP,PepsiCo
2022-12-23,1126251228,PFE,Pfizer
2022-12-23,1126251228,PG,Procter & Gamble
2022-12-23,1126251228,PM,Philip Morris International
2022-12-23,1126251228,PYPL,PayPal
2022-12-23,1126251228,QCOM,Qualcomm
2022-12-23,1126251228,RTX,Raytheon Technologies
2022-12-23,1126251228,SBUX,Starbucks
2022-12-23,1126251228,SCHW,Charles Schwab
2022-12-23,1126251228,SO,Southern Company
2022-12-23,1126251228,SPG,Simon
2022-12-23,1126251228,T,AT&T
2022-12-23,1126251228,TGT,Target
2022-12-23,1126251228,TMO,Thermo Fisher Scientific
2022-12-23,1126251228,TMUS,T-Mobile
2022-12-23,1126251228,TSLA,Tesla
2022-12-23,1126251228,TXN,Texas Instruments
2022-12-23,1126251228,UNH,UnitedHealth
2022-12-23,1126251228,UNP,Union Pacific
2022-12-23,1126251228,UPS,United Parcel Service
2022-12-23,1126251228,USB,U.S. Bank
2022-12-23,1126251228,V,Visa
2022-12-23,1126251228,VZ,Verizon
2022-12-23,1126251228,WBA,Walgreens Boots Alliance
2022-12-23,1126251228,WFC,Wells Fargo
2022-12-23,1126251228,WMT,Walmart
2022-12-23,1126251228,XOM,ExxonMobil
2022-12-30,1126251228,AAPL,Apple
2022-12-30,1126251228,ABBV,AbbVie
2022-12-30,1126251228,ABT,Abbott
2022-12-30,1126251228,ACN,Accenture
2022-12-30,1126251228,ADBE,Adobe
2022-12-30,1126251228,AIG,American International Group
2022-12-30,1126251228,AMD,Advanced Micro Devices
2022-12-30,1126251228,AMGN,Amgen
2022-12-30,1126251228,AMT,American Tower
2022-12-30,1126251228,AMZN,Amazon
2022-12-30,1126251228,AVGO,Broadcom
2022-12-30,1126251228,AXP,American Express
2022-12-30,1126251228,BA,Boeing
2022-12-30,1126251228,BAC,Bank of America
2022-12-30,1126251228,BK,BNY Mellon
2022-12-30,1126251228,BKNG,Booking Holdings
2022-12-30,1126251228,BLK,BlackRock
2022-12-30,1126251228,BMY,Bristol Myers Squibb
2022-12-30,1126251228,C,Citigroup
2022-12-30,1126251228,CAT,Caterpillar
2022-12-30,1126251228,CHTR,Charter Communications
2022-12-30,1126251228,CL,Colgate-Palmolive
2022-12-30,1126251228,CMCSA,Comcast
2022-12-30,1126251228,COF,Capital One
2022-12-30,1126251228,COP,ConocoPhillips
2022-12-30,1126251228,COST,Costco
2022-12-30,1126251228,CRM,Salesforce
2022-12-30,1126251228,CSCO,Cisco
2022-12-30,1126251228,CVS,CVS Health
2022-12-30,1126251228,CVX,Chevron
2022-12-30,1126251228,DHR,Danaher
2022-12-30,1126251228,DIS,Disney
2022-12-30,1126251228,DOW,Dow
2022-12-30,1126251228,DUK,Duke Energy
2022-12-30,1126251228,EMR,Emerson
2022-12-30,1126251228,EXC,Exelon
2022-12-30,1126251228,F,Ford
2022-12-30,1126251228,FDX,FedEx
2022-12-30,1126251228,GD,General Dynamics
2022-12-30,1126251228,GE,GE
2022-12-30,1126251228,GILD,Gilead
2022-12-30,1126251228,GM,GM
2022-12-30,1126251228,GOOG,Alphabet(Class C)
2022-12-30,1126251228,GOOGL,Alphabet (Class A)
2022-12-30,1126251228,GS,Goldman Sachs
2022-12-30,1126251228,HD,Home Depot
2022-12-30,1126251228,HON,Honeywell
2022-12-30,1126251228,IBM,IBM
2022-12-30,1126251228,INTC,Intel
2022-12-30,1126251228,JNJ,Johnson & Johnson
2022-12-30,1126251228,JPM,JPMorgan Chase
2022-12-30,1126251228,KHC,Kraft Heinz
2022-12-30,1126251228,KO,Coca-Cola
2022-12-30,1126251228,LIN,Linde
2022-12-30,1126251228,LLY,Lilly
2022-12-30,1126251228,LMT,Lockheed Martin
2022-12-30,1126251228,LOW,Lowe's
2022-12-30,1126251228,MA,Mastercard
2022-12-30,1126251228,MCD,McDonald's
2022-12-30,1126251228,MDLZ,Mondelēz International
2022-12-30,1126251228,MDT,Medtronic
2022-12-30,1126251228,MET,MetLife
2022-12-30,1126251228,META,Meta
2022-12-30,1126251228,MMM,3M
2022-12-30,1126251228,MO,Altria
2022-12-30,1126251228,MRK,Merck
2022-12-30,1126251228,MS,Morgan Stanley
2022-12-30,1126251228,MSFT,Microsoft
2022-12-30,1126251228,NEE,NextEra Energy
2022-12-30,1126251228,NFLX,Netflix
2022-12-30,1126251228,NKE,Nike
2022-12-30,1126251228,NVDA,Nvidia
2022-12-30,1126251228,ORCL,Oracle
2022-12-30,1126251228,PEP,PepsiCo
2022-12-30,1126251228,PFE,Pfizer
2022-12-30,1126251228,PG,Procter & Gamble
2022-12-30,1126251228,PM,Philip Morris International
2022-12-30,1126251228,PYPL,PayPal
2022-12-30,1126251228,QCOM,Qualcomm
2022-12-30,1126251228,RTX,Raytheon Technologies
2022-12-30,1126251228,SBUX,Starbucks
2022-12-30,1126251228,SCHW,Charles Schwab
2022-12-30,1126251228,SO,Southern Company
2022-12-30,1126251228,SPG,Simon
2022-12-30,1126251228,T,AT&T
2022-12-30,1126251228,TGT,Target
2022-12-30,1126251228,TMO,Thermo Fisher Scientific
2022-12-30,1126251228,TMUS,T-Mobile
2022-12-30,1126251228,TSLA,Tesla
2022-12-30,1126251228,TXN,Texas Instruments
2022-12-30,1126251228,UNH,UnitedHealth
2022-12-30,1126251228,UNP,Union Pacific
2022-12-30,1126251228,UPS,United Parcel Service
2022-12-30,1126251228,USB,U.S. Bank
2022-12-30,1126251228,V,Visa
2022-12-30,1126251228,VZ,Verizon
2022-12-30,1126251228,WBA,Walgreens Boots Alliance
2022-12-30,1126251228,WFC,Wells Fargo
2022-12-30,1126251228,WMT,Walmart
2022-12-30,1126251228,XOM,ExxonMobil
2023-01-06,1126251228,AAPL,Apple
2023-01-06,1126251228,ABBV,AbbVie
2023-01-06,1126251228,ABT,Abbott
2023-01-06,1126251228,ACN,Accenture
2023-01-06,1126251228,ADBE,Adobe
2023-01-06,1126251228,AIG,American International Group
2023-01-06,1126251228,AMD,Advanced Micro Devices
2023-01-06,1126251228,AMGN,Amgen
2023-01-06,1126251228,AMT,American Tower
2023-01-06,1126251228,AMZN,Amazon
2023-01-06,1126251228,AVGO,Broadcom
2023-01-06,1126251228,AXP,American Express
2023-01-06,1126251228,BA,Boeing
2023-01-06,1126251228,BAC,Bank of America
2023-01-06,1126251228,BK,BNY Mellon
2023-01-06,1126251228,BKNG,Booking Holdings
2023-01-06,1126251228,BLK,BlackRock
2023-01-06,1126251228,BMY,Bristol Myers Squibb
2023-01-06,1126251228,C,Citigroup
2023-01-06,1126251228,CAT,Caterpillar
2023-01-06,1126251228,CHTR,Charter Communications
2023-01-06,1126251228,CL,Colgate-Palmolive
2023-01-06,1126251228,CMCSA,Comcast
2023-01-06,1126251228,COF,Capital One
2023-01-06,1126251228,COP,ConocoPhillips
2023-01-06,1126251228,COST,Costco
2023-01-06,1126251228,CRM,Salesforce
2023-01-06,1126251228,CSCO,Cisco
2023-01-06,1126251228,CVS,CVS Health
2023-01-06,1126251228,CVX,Chevron
2023-01-06,1126251228,DHR,Danaher
2023-01-06,1126251228,DIS,Disney
2023-01-06,1126251228,DOW,Dow
2023-01-06,1126251228,DUK,Duke Energy
2023-01-06,1126251228,EMR,Emerson
2023-01-06,1126251228,EXC,Exelon
2023-01-06,1126251228,F,Ford
2023-01-06,1126251228,FDX,FedEx
2023-01-06,1126251228,GD,General Dynamics
2023-01-06,1126251228,GE,GE
2023-01-06,1126251228,GILD,Gilead
2023-01-06,1126251228,GM,GM
2023-01-06,1126251228,GOOG,Alphabet(Class C)
2023-01-06,1126251228,GOOGL,Alphabet (Class A)
2023-01-06,1126251228,GS,Goldman Sachs
2023-01-06,1126251228,HD,Home Depot
2023-01-06,1126251228,HON,Honeywell
2023-01-06,1126251228,IBM,IBM
2023-01-06,1126251228,INTC,Intel
2023-01-06,1126251228,JNJ,Johnson & Johnson
2023-01-06,1126251228,JPM,JPMorgan Chase
2023-01-06,1126251228,KHC,Kraft Heinz
2023-01-06,1126251228,KO,Coca-Cola
2023-01-06,1126251228,LIN,Linde
2023-01-06,1126251228,LLY,Lilly
2023-01-06,1126251228,LMT,Lockheed Martin
2023-01-06,1126251228,LOW,Lowe's
2023-01-06,1126251228,MA,Mastercard
2023-01-06,1126251228,MCD,McDonald's
2023-01-06,1126251228,MDLZ,Mondelēz International
2023-01-06,1126251228,MDT,Medtronic
2023-01-06,1126251228,MET,MetLife
2023-01-06,1126251228,META,Meta
2023-01-06,1126251228,MMM,3M
2023-01-06,1126251228,MO,Altria
2023-01-06,1126251228,MRK,Merck
2023-01-06,1126251228,MS,Morgan Stanley
2023-01-06,1126251228,MSFT,Microsoft
2023-01-06,1126251228,NEE,NextEra Energy
2023-01-06,1126251228,NFLX,Netflix
2023-01-06,1126251228,NKE,Nike
2023-01-06,1126251228,NVDA,Nvidia
2023-01-06,1126251228,ORCL,Oracle
2023-01-06,1126251228,PEP,PepsiCo
2023-01-06,1126251228,PFE,Pfizer
2023-01-06,1126251228,PG,Procter & Gamble
2023-01-06,1126251228,PM,Philip Morris International
2023-01-06,1126251228,PYPL,PayPal
2023-01-06,1126251228,QCOM,Qualcomm
2023-01-06,1126251228,RTX,Raytheon Technologies
2023-01-06,1126251228,SBUX,Starbucks
2023-01-06,1126251228,SCHW,Charles Schwab
2023-01-06,1126251228,SO,Southern Company
2023-01-06,1126251228,SPG,Simon
2023-01-06,1126251228,T,AT&T
2023-01-06,1126251228,TGT,Target
2023-01-06,1126251228,TMO,Thermo Fisher Scientific
2023-01-06,1126251228,TMUS,T-Mobile
2023-01-06,1126251228,TSLA,Tesla
2023-01-06,1126251228,TXN,Texas Instruments
2023-01-06,1126251228,UNH,UnitedHealth
2023-01-06,1126251228,UNP,Union Pacific
2023-01-06,1126251228,UPS,United Parcel Service
2023-01-06,1126251228,USB,U.S. Bank
2023-01-06,1126251228,V,Visa
2023-01-06,1126251228,VZ,Verizon
2023-01-06,1126251228,WBA,Walgreens Boots Alliance
2023-01-06,1126251228,WFC,Wells Fargo
2023-01-06,1126251228,WMT,Walmart
2023-01-06,1126251228,XOM,ExxonMobil
2023-01-13,1126251228,AAPL,Apple
2023-01-13,1126251228,ABBV,AbbVie
2023-01-13,1126251228,ABT,Abbott
2023-01-13,1126251228,ACN,Accenture
2023-01-13,1126251228,ADBE,Adobe
2023-01-13,1126251228,AIG,American International Group
2023-01-13,1126251228,AMD,Advanced Micro Devices
2023-01-13,1126251228,AMGN,Amgen
2023-01-13,1126251228,AMT,American Tower
2023-01-13,1126251228,AMZN,Amazon
2023-01-13,1126251228,AVGO,Broadcom
2023-01-13,1126251228,AXP,American Express
2023-01-13,1126251228,BA,Boeing
2023-01-13,1126251228,BAC,Bank of America
2023-01-13,1126251228,BK,BNY Mellon
2023-01-13,1126251228,BKNG,Booking Holdings
2023-01-13,1126251228,BLK,BlackRock
2023-01-13,1126251228,BMY,Bristol Myers Squibb
2023-01-13,1126251228,C,Citigroup
2023-01-13,1126251228,CAT,Caterpillar
2023-01-13,1126251228,CHTR,Charter Communications
2023-01-13,1126251228,CL,Colgate-Palmolive
2023-01-13,1126251228,CMCSA,Comcast
2023-01-13,1126251228,COF,Capital One
2023-01-13,1126251228,COP,ConocoPhillips
2023-01-13,1126251228,COST,Costco
2023-01-13,1126251228,CRM,Salesforce
2023-01-13,1126251228,CSCO,Cisco
2023-01-13,1126251228,CVS,CVS Health
2023-01-13,1126251228,CVX,Chevron
2023-01-13,1126251228,DHR,Danaher
2023-01-13,1126251228,DIS,Disney
2023-01-13,1126251228,DOW,Dow
2023-01-13,1126251228,DUK,Duke Energy
2023-01-13,1126251228,EMR,Emerson
2023-01-13,1126251228,EXC,Exelon
2023-01-13,1126251228,F,Ford
2023-01-13,1126251228,FDX,FedEx
2023-01-13,1126251228,GD,General Dynamics
2023-01-13,1126251228,GE,GE
2023-01-13,1126251228,GILD,Gilead
2023-01-13,1126251228,GM,GM
2023-01-13,1126251228,GOOG,Alphabet(Class C)
2023-01-13,1126251228,GOOGL,Alphabet (Class A)
2023-01-13,1126251228,GS,Goldman Sachs
2023-01-13,1126251228,HD,Home Depot
2023-01-13,1126251228,HON,Honeywell
2023-01-13,1126251228,IBM,IBM
2023-01-13,1126251228,INTC,Intel
2023-01-13,1126251228,JNJ,Johnson & Johnson
2023-01-13,1126251228,JPM,JPMorgan Chase
2023-01-13,1126251228,KHC,Kraft Heinz
2023-01-13,1126251228,KO,Coca-Cola
2023-01-13,1126251228,LIN,Linde
2023-01-13,1126251228,LLY,Lilly
2023-01-13,1126251228,LMT,Lockheed Martin
2023-01-13,1126251228,LOW,Lowe's
2023-01-13,1126251228,MA,Mastercard
2023-01-13,1126251228,MCD,McDonald's
2023-01-13,1126251228,MDLZ,Mondelēz International
2023-01-13,1126251228,MDT,Medtronic
2023-01-13,1126251228,MET,MetLife
2023-01-13,1126251228,META,Meta
2023-01-13,1126251228,MMM,3M
2023-01-13,1126251228,MO,Altria
2023-01-13,1126251228,MRK,Merck
2023-01-13,1126251228,MS,Morgan Stanley
2023-01-13,1126251228,MSFT,Microsoft
2023-01-13,1126251228,NEE,NextEra Energy
2023-01-13,1126251228,NFLX,Netflix
2023-01-13,1126251228,NKE,Nike
2023-01-13,1126251228,NVDA,Nvidia
2023-01-13,1126251228,ORCL,Oracle
2023-01-13,1126251228,PEP,PepsiCo
2023-01-13,1126251228,PFE,Pfizer
2023-01-13,1126251228,PG,Procter & Gamble
2023-01-13,1126251228,PM,Philip Morris International
2023-01-13,1126251228,PYPL,PayPal
2023-01-13,1126251228,QCOM,Qualcomm
2023-01-13,1126251228,RTX,Raytheon Technologies
2023-01-13,1126251228,SBUX,Starbucks
2023-01-13,1126251228,SCHW,Charles Schwab
2023-01-13,1126251228,SO,Southern Company
2023-01-13,1126251228,SPG,Simon
2023-01-13,1126251228,T,AT&T
2023-01-13,1126251228,TGT,Target
2023-01-13,1126251228,TMO,Thermo Fisher Scientific
2023-01-13,1126251228,TMUS,T-Mobile
2023-01-13,1126251228,TSLA,Tesla
2023-01-13,1126251228,TXN,Texas Instruments
2023-01-13,1126251228,UNH,UnitedHealth
2023-01-13,1126251228,UNP,Union Pacific
2023-01-13,1126251228,UPS,United Parcel Service
2023-01-13,1126251228,USB,U.S. Bank
2023-01-13,1126251228,V,Visa
2023-01-13,1126251228,VZ,Verizon
2023-01-13,1126251228,WBA,Walgreens Boots Alliance
2023-01-13,1126251228,WFC,Wells Fargo
2023-01-13,1126251228,WMT,Walmart
2023-01-13,1126251228,XOM,ExxonMobil
2023-01-20,1126251228,AAPL,Apple
2023-01-20,1126251228,ABBV,AbbVie
2023-01-20,1126251228,ABT,Abbott
2023-01-20,1126251228,ACN,Accenture
2023-01-20,1126251228,ADBE,Adobe
2023-01-20,1126251228,AIG,American International Group
2023-01-20,1126251228,AMD,Advanced Micro Devices
2023-01-20,1126251228,AMGN,Amgen
2023-01-20,1126251228,AMT,American Tower
2023-01-20,1126251228,AMZN,Amazon
2023-01-20,1126251228,AVGO,Broadcom
2023-01-20,1126251228,AXP,American Express
2023-01-20,1126251228,BA,Boeing
2023-01-20,1126251228,BAC,Bank of America
2023-01-20,1126251228,BK,BNY Mellon
2023-01-20,1126251228,BKNG,Booking Holdings
2023-01-20,1126251228,BLK,BlackRock
2023-01-20,1126251228,BMY,Bristol Myers Squibb
2023-01-20,1126251228,C,Citigroup
2023-01-20,1126251228,CAT,Caterpillar
2023-01-20,1126251228,CHTR,Charter Communications
2023-01-20,1126251228,CL,Colgate-Palmolive
2023-01-20,1126251228,CMCSA,Comcast
2023-01-20,1126251228,COF,Capital One
2023-01-20,1126251228,COP,ConocoPhillips
2023-01-20,1126251228,COST,Costco
2023-01-20,1126251228,CRM,Salesforce
2023-01-20,1126251228,CSCO,Cisco
2023-01-20,1126251228,CVS,CVS Health
2023-01-20,1126251228,CVX,Chevron
2023-01-20,1126251228,DHR,Danaher
2023-01-20,1126251228,DIS,Disney
2023-01-20,1126251228,DOW,Dow
2023-01-20,1126251228,DUK,Duke Energy
2023-01-20,1126251228,EMR,Emerson
2023-01-20,1126251228,EXC,Exelon
2023-01-20,1126251228,F,Ford
2023-01-20,1126251228,FDX,FedEx
2023-01-20,1126251228,GD,General Dynamics
2023-01-20,1126251228,GE,GE
2023-01-20,1126251228,GILD,Gilead
2023-01-20,1126251228,GM,GM
2023-01-20,1126251228,GOOG,Alphabet(Class C)
2023-01-20,1126251228,GOOGL,Alphabet (Class A)
2023-01-20,1126251228,GS,Goldman Sachs
2023-01-20,1126251228,HD,Home Depot
2023-01-20,1126251228,HON,Honeywell
2023-01-20,1126251228,IBM,IBM
2023-01-20,1126251228,INTC,Intel
2023-01-20,1126251228,JNJ,Johnson & Johnson
2023-01-20,1126251228,JPM,JPMorgan Chase
2023-01-20,1126251228,KHC,Kraft Heinz
2023-01-20,1126251228,KO,Coca-Cola
2023-01-20,1126251228,LIN,Linde
2023-01-20,1126251228,LLY,Lilly
2023-01-20,1126251228,LMT,Lockheed Martin
2023-01-20,1126251228,LOW,Lowe's
2023-01-20,1126251228,MA,Mastercard
2023-01-20,1126251228,MCD,McDonald's
2023-01-20,1126251228,MDLZ,Mondelēz International
2023-01-20,1126251228,MDT,Medtronic
2023-01-20,1126251228,MET,MetLife
2023-01-20,1126251228,META,Meta
2023-01-20,1126251228,MMM,3M
2023-01-20,1126251228,MO,Altria
2023-01-20,1126251228,MRK,Merck
2023-01-20,1126251228,MS,Morgan Stanley
2023-01-20,1126251228,MSFT,Microsoft
2023-01-20,1126251228,NEE,NextEra Energy
2023-01-20,1126251228,NFLX,Netflix
2023-01-20,1126251228,NKE,Nike
2023-01-20,1126251228,NVDA,Nvidia
2023-01-20,1126251228,ORCL,Oracle
2023-01-20,1126251228,PEP,PepsiCo
2023-01-20,1126251228,PFE,Pfizer
2023-01-20,1126251228,PG,Procter & Gamble
2023-01-20,1126251228,PM,Philip Morris International
2023-01-20,1126251228,PYPL,PayPal
2023-01-20,1126251228,QCOM,Qualcomm
2023-01-20,1126251228,RTX,Raytheon Technologies
2023-01-20,1126251228,SBUX,Starbucks
2023-01-20,1126251228,SCHW,Charles Schwab
2023-01-20,1126251228,SO,Southern Company
2023-01-20,1126251228,SPG,Simon
2023-01-20,1126251228,T,AT&T
2023-01-20,1126251228,TGT,Target
2023-01-20,1126251228,TMO,Thermo Fisher Scientific
2023-01-20,1126251228,TMUS,T-Mobile
2023-01-20,1126251228,TSLA,Tesla
2023-01-20,1126251228,TXN,Texas Instruments
2023-01-20,1126251228,UNH,UnitedHealth
2023-01-20,1126251228,UNP,Union Pacific
2023-01-20,1126251228,UPS,United Parcel Service
2023-01-20,1126251228,USB,U.S. Bank
2023-01-20,1126251228,V,Visa
2023-01-20,1126251228,VZ,Verizon
2023-01-20,1126251228,WBA,Walgreens Boots Alliance
2023-01-20,1126251228,WFC,Wells Fargo
2023-01-20,1126251228,WMT,Walmart
2023-01-20,1126251228,XOM,ExxonMobil
2023-01-27,1135628772,AAPL,Apple
2023-01-27,1135628772,ABBV,AbbVie
2023-01-27,1135628772,ABT,Abbott
2023-01-27,1135628772,ACN,Accenture
2023-01-27,1135628772,ADBE,Adobe
2023-01-27,1135628772,AIG,American International Group
2023-01-27,1135628772,AMD,AMD
2023-01-27,1135628772,AMGN,Amgen
2023-01-27,1135628772,AMT,American Tower
2023-01-27,1135628772,AMZN,Amazon
2023-01-27,1135628772,AVGO,Broadcom
2023-01-27,1135628772,AXP,American Express
2023-01-27,1135628772,BA,Boeing
2023-01-27,1135628772,BAC,Bank of America
2023-01-27,1135628772,BK,BNY Mellon
2023-01-27,1135628772,BKNG,Booking Holdings
2023-01-27,1135628772,BLK,BlackRock
2023-01-27,1135628772,BMY,Bristol Myers Squibb
2023-01-27,1135628772,C,Citigroup
2023-01-27,1135628772,CAT,Caterpillar
2023-01-27,1135628772,CHTR,Charter Communications
2023-01-27,1135628772,CL,Colgate-Palmolive
2023-01-27,1135628772,CMCSA,Comcast
2023-01-27,1135628772,COF,Capital One
2023-01-27,1135628772,COP,ConocoPhillips
2023-01-27,1135628772,COST,Costco
2023-01-27,1135628772,CRM,Salesforce
2023-01-27,1135628772,CSCO,Cisco
2023-01-27,1135628772,CVS,CVS Health
2023-01-27,1135628772,CVX,Chevron
2023-01-27,1135628772,DHR,Danaher
2023-01-27,1135628772,DIS,Disney
2023-01-27,1135628772,DOW,Dow
2023-01-27,1135628772,DUK,Duke Energy
2023-01-27,1135628772,EMR,Emerson
2023-01-27,1135628772,EXC,Exelon
2023-01-27,1135628772,F,Ford
2023-01-27,1135628772,FDX,FedEx
2023-01-27,1135628772,GD,General Dynamics
2023-01-27,1135628772,GE,GE
2023-01-27,1135628772,GILD,Gilead
2023-01-27,1135628772,GM,GM
2023-01-27,1135628772,GOOG,Alphabet(Class C)
2023-01-27,1135628772,GOOGL,Alphabet (Class A)
2023-01-27,1135628772,GS,Goldman Sachs
2023-01-27,1135628772,HD,Home Depot
2023-01-27,1135628772,HON,Honeywell
2023-01-27,1135628772,IBM,IBM
2023-01-27,1135628772,INTC,Intel
2023-01-27,1135628772,JNJ,Johnson & Johnson
2023-01-27,1135628772,JPM,JPMorgan Chase
2023-01-27,1135628772,KHC,Kraft Heinz
2023-01-27,1135628772,KO,Coca-Cola
2023-01-27,1135628772,LIN,Linde
2023-01-27,1135628772,LLY,Lilly
2023-01-27,1135628772,LMT,Lockheed Martin
2023-01-27,1135628772,LOW,Lowe's
2023-01-27,1135628772,MA,Mastercard
2023-01-27,1135628772,MCD,McDonald's
2023-01-27,1135628772,MDLZ,Mondelēz International
2023-01-27,1135628772,MDT,Medtronic
2023-01-27,1135628772,MET,MetLife
2023-01-27,1135628772,META,Meta
2023-01-27,1135628772,MMM,3M
2023-01-27,1135628772,MO,Altria
2023-01-27,1135628772,MRK,Merck
2023-01-27,1135628772,MS,Morgan Stanley
2023-01-27,1135628772,MSFT,Microsoft
2023-01-27,1135628772,NEE,NextEra Energy
2023-01-27,1135628772,NFLX,Netflix
2023-01-27,1135628772,NKE,Nike
2023-01-27,1135628772,NVDA,Nvidia
2023-01-27,1135628772,ORCL,Oracle
2023-01-27,1135628772,PEP,PepsiCo
2023-01-27,1135628772,PFE,Pfizer
2023-01-27,1135628772,PG,Procter & Gamble
2023-01-27,1135628772,PM,Philip Morris International
2023-01-27,1135628772,PYPL,PayPal
2023-01-27,1135628772,QCOM,Qualcomm
2023-01-27,1135628772,RTX,Raytheon Technologies
2023-01-27,1135628772,SBUX,Starbucks
2023-01-27,1135628772,SCHW,Charles Schwab
2023-01-27,1135628772,SO,Southern Company
2023-01-27,1135628772,SPG,Simon
2023-01-27,1135628772,T,AT&T
2023-01-27,1135628772,TGT,Target
2023-01-27,1135628772,TMO,Thermo Fisher Scientific
2023-01-27,1135628772,TMUS,T-Mobile
2023-01-27,1135628772,TSLA,Tesla
2023-01-27,1135628772,TXN,Texas Instruments
2023-01-27,1135628772,UNH,UnitedHealth
2023-01-27,1135628772,UNP,Union Pacific
2023-01-27,1135628772,UPS,United Parcel Service
2023-01-27,1135628772,USB,U.S. Bank
2023-01-27,1135628772,V,Visa
2023-01-27,1135628772,VZ,Verizon
2023-01-27,1135628772,WBA,Walgreens Boots Alliance
2023-01-27,1135628772,WFC,Wells Fargo
2023-01-27,1135628772,WMT,Walmart
2023-01-27,1135628772,XOM,ExxonMobil
2023-02-03,1136930486,AAPL,Apple
2023-02-03,1136930486,ABBV,AbbVie
2023-02-03,1136930486,ABT,Abbott
2023-02-03,1136930486,ACN,Accenture
2023-02-03,1136930486,ADBE,Adobe
2023-02-03,1136930486,AIG,American International Group
2023-02-03,1136930486,AMD,AMD
2023-02-03,1136930486,AMGN,Amgen
2023-02-03,1136930486,AMT,American Tower
2023-02-03,1136930486,AMZN,Amazon
2023-02-03,1136930486,AVGO,Broadcom
2023-02-03,1136930486,AXP,American Express
2023-02-03,1136930486,BA,Boeing
2023-02-03,1136930486,BAC,Bank of America
2023-02-03,1136930486,BK,BNY Mellon
2023-02-03,1136930486,BKNG,Booking Holdings
2023-02-03,1136930486,BLK,BlackRock
2023-02-03,1136930486,BMY,Bristol Myers Squibb
2023-02-03,1136930486,C,Citigroup
2023-02-03,1136930486,CAT,Caterpillar
2023-02-03,1136930486,CHTR,Charter Communications
2023-02-03,1136930486,CL,Colgate-Palmolive
2023-02-03,1136930486,CMCSA,Comcast
2023-02-03,1136930486,COF,Capital One
2023-02-03,1136930486,COP,ConocoPhillips
2023-02-03,1136930486,COST,Costco
2023-02-03,1136930486,CRM,Salesforce
2023-02-03,1136930486,CSCO,Cisco
2023-02-03,1136930486,CVS,CVS Health
2023-02-03,1136930486,CVX,Chevron
2023-02-03,1136930486,DHR,Danaher
2023-02-03,1136930486,DIS,Disney
2023-02-03,1136930486,DOW,Dow
2023-02-03,1136930486,DUK,Duke Energy
2023-02-03,1136930486,EMR,Emerson
2023-02-03,1136930486,EXC,Exelon
2023-02-03,1136930486,F,Ford
2023-02-03,1136930486,FDX,FedEx
2023-02-03,1136930486,GD,General Dynamics
2023-02-03,1136930486,GE,GE
2023-02-03,1136930486,GILD,Gilead
2023-02-03,1136930486,GM,GM
2023-02-03,1136930486,GOOG,Alphabet(Class C)
2023-02-03,1136930486,GOOGL,Alphabet (Class A)
2023-02-03,1136930486,GS,Goldman Sachs
2023-02-03,1136930486,HD,Home Depot
2023-02-03,1136930486,HON,Honeywell
2023-02-03,1136930486,IBM,IBM
2023-02-03,1136930486,INTC,Intel
2023-02-03,1136930486,JNJ,Johnson & Johnson
2023-02-03,1136930486,JPM,JPMorgan Chase
2023-02-03,1136930486,KHC,Kraft Heinz
2023-02-03,1136930486,KO,Coca-Cola
2023-02-03,1136930486,LIN,Linde
2023-02-03,1136930486,LLY,Lilly
2023-02-03,1136930486,LMT,Lockheed Martin
2023-02-03,1136930486,LOW,Lowe's
2023-02-03,1136930486,MA,Mastercard
2023-02-03,1136930486,MCD,McDonald's
2023-02-03,1136930486,MDLZ,Mondelēz International
2023-02-03,1136930486,MDT,Medtronic
2023-02-03,1136930486,MET,MetLife
2023-02-03,1136930486,META,Meta
2023-02-03,1136930486,MMM,3M
2023-02-03,1136930486,MO,Altria
2023-02-03,1136930486,MRK,Merck
2023-02-03,1136930486,MS,Morgan Stanley
2023-02-03,1136930486,MSFT,Microsoft
2023-02-03,1136930486,NEE,NextEra Energy
2023-02-03,1136930486,NFLX,Netflix
2023-02-03,1136930486,NKE,Nike
2023-02-03,1136930486,NVDA,Nvidia
2023-02-03,1136930486,ORCL,Oracle
2023-02-03,1136930486,PEP,PepsiCo
2023-02-03,1136930486,PFE,Pfizer
2023-02-03,1136930486,PG,Procter & Gamble
2023-02-03,1136930486,PM,Philip Morris International
2023-02-03,1136930486,PYPL,PayPal
2023-02-03,1136930486,QCOM,Qualcomm
2023-02-03,1136930486,RTX,Raytheon Technologies
2023-02-03,1136930486,SBUX,Starbucks
2023-02-03,1136930486,SCHW,Charles Schwab
2023-02-03,1136930486,SO,Southern Company
2023-02-03,1136930486,SPG,Simon
2023-02-03,1136930486,T,AT&T
2023-02-03,1136930486,TGT,Target
2023-02-03,1136930486,TMO,Thermo Fisher Scientific
2023-02-03,1136930486,TMUS,T-Mobile
2023-02-03,1136930486,TSLA,Tesla
2023-02-03,1136930486,TXN,Texas Instruments
2023-02-03,1136930486,UNH,UnitedHealth Group
2023-02-03,1136930486,UNP,Union Pacific
2023-02-03,1136930486,UPS,United Parcel Service
2023-02-03,1136930486,USB,U.S. Bank
2023-02-03,1136930486,V,Visa
2023-02-03,1136930486,VZ,Verizon
2023-02-03,1136930486,WBA,Walgreens Boots Alliance
2023-02-03,1136930486,WFC,Wells Fargo
2023-02-03,1136930486,WMT,Walmart
2023-02-03,1136930486,XOM,ExxonMobil
2023-02-10,1136930486,AAPL,Apple
2023-02-10,1136930486,ABBV,AbbVie
2023-02-10,1136930486,ABT,Abbott
2023-02-10,1136930486,ACN,Accenture
2023-02-10,1136930486,ADBE,Adobe
2023-02-10,1136930486,AIG,American International Group
2023-02-10,1136930486,AMD,AMD
2023-02-10,1136930486,AMGN,Amgen
2023-02-10,1136930486,AMT,American Tower
2023-02-10,1136930486,AMZN,Amazon
2023-02-10,1136930486,AVGO,Broadcom
2023-02-10,1136930486,AXP,American Express
2023-02-10,1136930486,BA,Boeing
2023-02-10,1136930486,BAC,Bank of America
2023-02-10,1136930486,BK,BNY Mellon
2023-02-10,1136930486,BKNG,Booking Holdings
2023-02-10,1136930486,BLK,BlackRock
2023-02-10,1136930486,BMY,Bristol Myers Squibb
2023-02-10,1136930486,C,Citigroup
2023-02-10,1136930486,CAT,Caterpillar
2023-02-10,1136930486,CHTR,Charter Communications
2023-02-10,1136930486,CL,Colgate-Palmolive
2023-02-10,1136930486,CMCSA,Comcast
2023-02-10,1136930486,COF,Capital One
2023-02-10,1136930486,COP,ConocoPhillips
2023-02-10,1136930486,COST,Costco
2023-02-10,1136930486,CRM,Salesforce
2023-02-10,1136930486,CSCO,Cisco
2023-02-10,1136930486,CVS,CVS Health
2023-02-10,1136930486,CVX,Chevron
2023-02-10,1136930486,DHR,Danaher
2023-02-10,1136930486,DIS,Disney
2023-02-10,1136930486,DOW,Dow
2023-02-10,1136930486,DUK,Duke Energy
2023-02-10,1136930486,EMR,Emerson
2023-02-10,1136930486,EXC,Exelon
2023-02-10,1136930486,F,Ford
2023-02-10,1136930486,FDX,FedEx
2023-02-10,1136930486,GD,General Dynamics
2023-02-10,1136930486,GE,GE
2023-02-10,1136930486,GILD,Gilead
2023-02-10,1136930486,GM,GM
2023-02-10,1136930486,GOOG,Alphabet(Class C)
2023-02-10,1136930486,GOOGL,Alphabet (Class A)
2023-02-10,1136930486,GS,Goldman Sachs
2023-02-10,1136930486,HD,Home Depot
2023-02-10,1136930486,HON,Honeywell
2023-02-10,1136930486,IBM,IBM
2023-02-10,1136930486,INTC,Intel
2023-02-10,1136930486,JNJ,Johnson & Johnson
2023-02-10,1136930486,JPM,JPMorgan Chase
2023-02-10,1136930486,KHC,Kraft Heinz
2023-02-10,1136930486,KO,Coca-Cola
2023-02-10,1136930486,LIN,Linde
2023-02-10,1136930486,LLY,Lilly
2023-02-10,1136930486,LMT,Lockheed Martin
2023-02-10,1136930486,LOW,Lowe's
2023-02-10,1136930486,MA,Mastercard
2023-02-10,1136930486,MCD,McDonald's
2023-02-10,1136930486,MDLZ,Mondelēz International
2023-02-10,1136930486,MDT,Medtronic
2023-02-10,1136930486,MET,MetLife
2023-02-10,1136930486,META,Meta
2023-02-10,1136930486,MMM,3M
2023-02-10,1136930486,MO,Altria
2023-02-10,1136930486,MRK,Merck
2023-02-10,1136930486,MS,Morgan Stanley
2023-02-10,1136930486,MSFT,Microsoft
2023-02-10,1136930486,NEE,NextEra Energy
2023-02-10,1136930486,NFLX,Netflix
2023-02-10,1136930486,NKE,Nike
2023-02-10,1136930486,NVDA,Nvidia
2023-02-10,1136930486,ORCL,Oracle
2023-02-10,1136930486,PEP,PepsiCo
2023-02-10,1136930486,PFE,Pfizer
2023-02-10,1136930486,PG,Procter & Gamble
2023-02-10,1136930486,PM,Philip Morris International
2023-02-10,1136930486,PYPL,PayPal
2023-02-10,1136930486,QCOM,Qualcomm
2023-02-10,1136930486,RTX,Raytheon Technologies
2023-02-10,1136930486,SBUX,Starbucks
2023-02-10,1136930486,SCHW,Charles Schwab
2023-02-10,1136930486,SO,Southern Company
2023-02-10,1136930486,SPG,Simon
2023-02-10,1136930486,T,AT&T
2023-02-10,1136930486,TGT,Target
2023-02-10,1136930486,TMO,Thermo Fisher Scientific
2023-02-10,1136930486,TMUS,T-Mobile
2023-02-10,1136930486,TSLA,Tesla
2023-02-10,1136930486,TXN,Texas Instruments
2023-02-10,1136930486,UNH,UnitedHealth Group
2023-02-10,1136930486,UNP,Union Pacific
2023-02-10,1136930486,UPS,United Parcel Service
2023-02-10,1136930486,USB,U.S. Bank
2023-02-10,1136930486,V,Visa
2023-02-10,1136930486,VZ,Verizon
2023-02-10,1136930486,WBA,Walgreens Boots Alliance
2023-02-10,1136930486,WFC,Wells Fargo
2023-02-10,1136930486,WMT,Walmart
2023-02-10,1136930486,XOM,ExxonMobil
2023-02-17,1139610047,AAPL,Apple
2023-02-17,1139610047,ABBV,AbbVie
2023-02-17,1139610047,ABT,Abbott
2023-02-17,1139610047,ACN,Accenture
2023-02-17,1139610047,ADBE,Adobe
2023-02-17,1139610047,AIG,American International Group
2023-02-17,1139610047,AMD,AMD
2023-02-17,1139610047,AMGN,Amgen
2023-02-17,1139610047,AMT,American Tower
2023-02-17,1139610047,AMZN,Amazon
2023-02-17,1139610047,AVGO,Broadcom
2023-02-17,1139610047,AXP,American Express
2023-02-17,1139610047,BA,Boeing
2023-02-17,1139610047,BAC,Bank of America
2023-02-17,1139610047,BK,BNY Mellon
2023-02-17,1139610047,BKNG,Booking Holdings
2023-02-17,1139610047,BLK,BlackRock
2023-02-17,1139610047,BMY,Bristol Myers Squibb
2023-02-17,1139610047,C,Citigroup
2023-02-17,1139610047,CAT,Caterpillar
2023-02-17,1139610047,CHTR,Charter Communications
2023-02-17,1139610047,CL,Colgate-Palmolive
2023-02-17,1139610047,CMCSA,Comcast
2023-02-17,1139610047,COF,Capital One
2023-02-17,1139610047,COP,ConocoPhillips
2023-02-17,1139610047,COST,Costco
2023-02-17,1139610047,CRM,Salesforce
2023-02-17,1139610047,CSCO,Cisco
2023-02-17,1139610047,CVS,CVS Health
2023-02-17,1139610047,CVX,Chevron
2023-02-17,1139610047,DHR,Danaher
2023-02-17,1139610047,DIS,Disney
2023-02-17,1139610047,DOW,Dow
2023-02-17,1139610047,DUK,Duke Energy
2023-02-17,1139610047,EMR,Emerson
2023-02-17,1139610047,EXC,Exelon
2023-02-17,1139610047,F,Ford
2023-02-17,1139610047,FDX,FedEx
2023-02-17,1139610047,GD,General Dynamics
2023-02-17,1139610047,GE,GE
2023-02-17,1139610047,GILD,Gilead
2023-02-17,1139610047,GM,GM
2023-02-17,1139610047,GOOG,Alphabet(Class C)
2023-02-17,1139610047,GOOGL,Alphabet (Class A)
2023-02-17,1139610047,GS,Goldman Sachs
2023-02-17,1139610047,HD,Home Depot
2023-02-17,1139610047,HON,Honeywell
2023-02-17,1139610047,IBM,IBM
2023-02-17,1139610047,INTC,Intel
2023-02-17,1139610047,JNJ,Johnson & Johnson
2023-02-17,1139610047,JPM,JPMorgan Chase
2023-02-17,1139610047,KHC,Kraft Heinz
2023-02-17,1139610047,KO,Coca-Cola
2023-02-17,1139610047,LIN,Linde
2023-02-17,1139610047,LLY,Lilly
2023-02-17,1139610047,LMT,Lockheed Martin
2023-02-17,1139610047,LOW,Lowe's
2023-02-17,1139610047,MA,Mastercard
2023-02-17,1139610047,MCD,McDonald's
2023-02-17,1139610047,MDLZ,Mondelēz International
2023-02-17,1139610047,MDT,Medtronic
2023-02-17,1139610047,MET,MetLife
2023-02-17,1139610047,META,Meta
2023-02-17,1139610047,MMM,3M
2023-02-17,1139610047,MO,Altria
2023-02-17,1139610047,MRK,Merck
2023-02-17,1139610047,MS,Morgan Stanley
2023-02-17,1139610047,MSFT,Microsoft
2023-02-17,1139610047,NEE,NextEra Energy
2023-02-17,1139610047,NFLX,Netflix
2023-02-17,1139610047,NKE,Nike
2023-02-17,1139610047,NVDA,Nvidia
2023-02-17,1139610047,ORCL,Oracle
2023-02-17,1139610047,PEP,PepsiCo
2023-02-17,1139610047,PFE,Pfizer
2023-02-17,1139610047,PG,Procter & Gamble
2023-02-17,1139610047,PM,Philip Morris International
2023-02-17,1139610047,PYPL,PayPal
2023-02-17,1139610047,QCOM,Qualcomm
2023-02-17,1139610047,RTX,Raytheon Technologies
2023-02-17,1139610047,SBUX,Starbucks
2023-02-17,1139610047,SCHW,Charles Schwab
2023-02-17,1139610047,SO,Southern Company
2023-02-17,1139610047,SPG,Simon
2023-02-17,1139610047,T,AT&T
2023-02-17,1139610047,TGT,Target
2023-02-17,1139610047,TMO,Thermo Fisher Scientific
2023-02-17,1139610047,TMUS,T-Mobile
2023-02-17,1139610047,TSLA,Tesla
2023-02-17,1139610047,TXN,Texas Instruments
2023-02-17,1139610047,UNH,UnitedHealth Group
2023-02-17,1139610047,UNP,Union Pacific
2023-02-17,1139610047,UPS,United Parcel Service
2023-02-17,1139610047,USB,U.S. Bank
2023-02-17,1139610047,V,Visa
2023-02-17,1139610047,VZ,Verizon
2023-02-17,1139610047,WBA,Walgreens Boots Alliance
2023-02-17,1139610047,WFC,Wells Fargo
2023-02-17,1139610047,WMT,Walmart
2023-02-17,1139610047,XOM,ExxonMobil
2023-02-24,1139610047,AAPL,Apple
2023-02-24,1139610047,ABBV,AbbVie
2023-02-24,1139610047,ABT,Abbott
2023-02-24,1139610047,ACN,Accenture
2023-02-24,1139610047,ADBE,Adobe
2023-02-24,1139610047,AIG,American International Group
2023-02-24,1139610047,AMD,AMD
2023-02-24,1139610047,AMGN,Amgen
2023-02-24,1139610047,AMT,American Tower
2023-02-24,1139610047,AMZN,Amazon
2023-02-24,1139610047,AVGO,Broadcom
2023-02-24,1139610047,AXP,American Express
2023-02-24,1139610047,BA,Boeing
2023-02-24,1139610047,BAC,Bank of America
2023-02-24,1139610047,BK,BNY Mellon
2023-02-24,1139610047,BKNG,Booking Holdings
2023-02-24,1139610047,BLK,BlackRock
2023-02-24,1139610047,BMY,Bristol Myers Squibb
2023-02-24,1139610047,C,Citigroup
2023-02-24,1139610047,CAT,Caterpillar
2023-02-24,1139610047,CHTR,Charter Communications
2023-02-24,1139610047,CL,Colgate-Palmolive
2023-02-24,1139610047,CMCSA,Comcast
2023-02-24,1139610047,COF,Capital One
2023-02-24,1139610047,COP,ConocoPhillips
2023-02-24,1139610047,COST,Costco
2023-02-24,1139610047,CRM,Salesforce
2023-02-24,1139610047,CSCO,Cisco
2023-02-24,1139610047,CVS,CVS Health
2023-02-24,1139610047,CVX,Chevron
2023-02-24,1139610047,DHR,Danaher
2023-02-24,1139610047,DIS,Disney
2023-02-24,1139610047,DOW,Dow
2023-02-24,1139610047,DUK,Duke Energy
2023-02-24,1139610047,EMR,Emerson
2023-02-24,1139610047,EXC,Exelon
2023-02-24,1139610047,F,Ford
2023-02-24,1139610047,FDX,FedEx
2023-02-24,1139610047,GD,General Dynamics
2023-02-24,1139610047,GE,GE
2023-02-24,1139610047,GILD,Gilead
2023-02-24,1139610047,GM,GM
2023-02-24,1139610047,GOOG,Alphabet(Class C)
2023-02-24,1139610047,GOOGL,Alphabet (Class A)
2023-02-24,1139610047,GS,Goldman Sachs
2023-02-24,1139610047,HD,Home Depot
2023-02-24,1139610047,HON,Honeywell
2023-02-24,1139610047,IBM,IBM
2023-02-24,1139610047,INTC,Intel
2023-02-24,1139610047,JNJ,Johnson & Johnson
2023-02-24,1139610047,JPM,JPMorgan Chase
2023-02-24,1139610047,KHC,Kraft Heinz
2023-02-24,1139610047,KO,Coca-Cola
2023-02-24,1139610047,LIN,Linde
2023-02-24,1139610047,LLY,Lilly
2023-02-24,1139610047,LMT,Lockheed Martin
2023-02-24,1139610047,LOW,Lowe's
2023-02-24,1139610047,MA,Mastercard
2023-02-24,1139610047,MCD,McDonald's
2023-02-24,1139610047,MDLZ,Mondelēz International
2023-02-24,1139610047,MDT,Medtronic
2023-02-24,1139610047,MET,MetLife
2023-02-24,1139610047,META,Meta
2023-02-24,1139610047,MMM,3M
2023-02-24,1139610047,MO,Altria
2023-02-24,1139610047,MRK,Merck
2023-02-24,1139610047,MS,Morgan Stanley
2023-02-24,1139610047,MSFT,Microsoft
2023-02-24,1139610047,NEE,NextEra Energy
2023-02-24,1139610047,NFLX,Netflix
2023-02-24,1139610047,NKE,Nike
2023-02-24,1139610047,NVDA,Nvidia
2023-02-24,1139610047,ORCL,Oracle
2023-02-24,1139610047,PEP,PepsiCo
2023-02-24,1139610047,PFE,Pfizer
2023-02-24,1139610047,PG,Procter & Gamble
2023-02-24,1139610047,PM,Philip Morris International
2023-02-24,1139610047,PYPL,PayPal
2023-02-24,1139610047,QCOM,Qualcomm
2023-02-24,1139610047,RTX,Raytheon Technologies
2023-02-24,1139610047,SBUX,Starbucks
2023-02-24,1139610047,SCHW,Charles Schwab
2023-02-24,1139610047,SO,Southern Company
2023-02-24,1139610047,SPG,Simon
2023-02-24,1139610047,T,AT&T
2023-02-24,1139610047,TGT,Target
2023-02-24,1139610047,TMO,Thermo Fisher Scientific
2023-02-24,1139610047,TMUS,T-Mobile
2023-02-24,1139610047,TSLA,Tesla
2023-02-24,1139610047,TXN,Texas Instruments
2023-02-24,1139610047,UNH,UnitedHealth Group
2023-02-24,1139610047,UNP,Union Pacific
2023-02-24,1139610047,UPS,United Parcel Service
2023-02-24,1139610047,USB,U.S. Bank
2023-02-24,1139610047,V,Visa
2023-02-24,1139610047,VZ,Verizon
2023-02-24,1139610047,WBA,Walgreens Boots Alliance
2023-02-24,1139610047,WFC,Wells Fargo
2023-02-24,1139610047,WMT,Walmart
2023-02-24,1139610047,XOM,ExxonMobil
2023-03-03,1139610047,AAPL,Apple
2023-03-03,1139610047,ABBV,AbbVie
2023-03-03,1139610047,ABT,Abbott
2023-03-03,1139610047,ACN,Accenture
2023-03-03,1139610047,ADBE,Adobe
2023-03-03,1139610047,AIG,American International Group
2023-03-03,1139610047,AMD,AMD
2023-03-03,1139610047,AMGN,Amgen
2023-03-03,1139610047,AMT,American Tower
2023-03-03,1139610047,AMZN,Amazon
2023-03-03,1139610047,AVGO,Broadcom
2023-03-03,1139610047,AXP,American Express
2023-03-03,1139610047,BA,Boeing
2023-03-03,1139610047,BAC,Bank of America
2023-03-03,1139610047,BK,BNY Mellon
2023-03-03,1139610047,BKNG,Booking Holdings
2023-03-03,1139610047,BLK,BlackRock
2023-03-03,1139610047,BMY,Bristol Myers Squibb
2023-03-03,1139610047,C,Citigroup
2023-03-03,1139610047,CAT,Caterpillar
2023-03-03,1139610047,CHTR,Charter Communications
2023-03-03,1139610047,CL,Colgate-Palmolive
2023-03-03,1139610047,CMCSA,Comcast
2023-03-03,1139610047,COF,Capital One
2023-03-03,1139610047,COP,ConocoPhillips
2023-03-03,1139610047,COST,Costco
2023-03-03,1139610047,CRM,Salesforce
2023-03-03,1139610047,CSCO,Cisco
2023-03-03,1139610047,CVS,CVS Health
2023-03-03,1139610047,CVX,Chevron
2023-03-03,1139610047,DHR,Danaher
2023-03-03,1139610047,DIS,Disney
2023-03-03,1139610047,DOW,Dow
2023-03-03,1139610047,DUK,Duke Energy
2023-03-03,1139610047,EMR,Emerson
2023-03-03,1139610047,EXC,Exelon
2023-03-03,1139610047,F,Ford
2023-03-03,1139610047,FDX,FedEx
2023-03-03,1139610047,GD,General Dynamics
2023-03-03,1139610047,GE,GE
2023-03-03,1139610047,GILD,Gilead
2023-03-03,1139610047,GM,GM
2023-03-03,1139610047,GOOG,Alphabet(Class C)
2023-03-03,1139610047,GOOGL,Alphabet (Class A)
2023-03-03,1139610047,GS,Goldman Sachs
2023-03-03,1139610047,HD,Home Depot
2023-03-03,1139610047,HON,Honeywell
2023-03-03,1139610047,IBM,IBM
2023-03-03,1139610047,INTC,Intel
2023-03-03,1139610047,JNJ,Johnson & Johnson
2023-03-03,1139610047,JPM,JPMorgan Chase
2023-03-03,1139610047,KHC,Kraft Heinz
2023-03-03,1139610047,KO,Coca-Cola
2023-03-03,1139610047,LIN,Linde
2023-03-03,1139610047,LLY,Lilly
2023-03-03,1139610047,LMT,Lockheed Martin
2023-03-03,1139610047,LOW,Lowe's
2023-03-03,1139610047,MA,Mastercard
2023-03-03,1139610047,MCD,McDonald's
2023-03-03,1139610047,MDLZ,Mondelēz International
2023-03-03,1139610047,MDT,Medtronic
2023-03-03,1139610047,MET,MetLife
2023-03-03,1139610047,META,Meta
2023-03-03,1139610047,MMM,3M
2023-03-03,1139610047,MO,Altria
2023-03-03,1139610047,MRK,Merck
2023-03-03,1139610047,MS,Morgan Stanley
2023-03-03,1139610047,MSFT,Microsoft
2023-03-03,1139610047,NEE,NextEra Energy
2023-03-03,1139610047,NFLX,Netflix
2023-03-03,1139610047,NKE,Nike
2023-03-03,1139610047,NVDA,Nvidia
2023-03-03,1139610047,ORCL,Oracle
2023-03-03,1139610047,PEP,PepsiCo
2023-03-03,1139610047,PFE,Pfizer
2023-03-03,1139610047,PG,Procter & Gamble
2023-03-03,1139610047,PM,Philip Morris International
2023-03-03,1139610047,PYPL,PayPal
2023-03-03,1139610047,QCOM,Qualcomm
2023-03-03,1139610047,RTX,Raytheon Technologies
2023-03-03,1139610047,SBUX,Starbucks
2023-03-03,1139610047,SCHW,Charles Schwab
2023-03-03,1139610047,SO,Southern Company
2023-03-03,1139610047,SPG,Simon
2023-03-03,1139610047,T,AT&T
2023-03-03,1139610047,TGT,Target
2023-03-03,1139610047,TMO,Thermo Fisher Scientific
2023-03-03,1139610047,TMUS,T-Mobile
2023-03-03,1139610047,TSLA,Tesla
2023-03-03,1139610047,TXN,Texas Instruments
2023-03-03,1139610047,UNH,UnitedHealth Group
2023-03-03,1139610047,UNP,Union Pacific
2023-03-03,1139610047,UPS,United Parcel Service
2023-03-03,1139610047,USB,U.S. Bank
2023-03-03,1139610047,V,Visa
2023-03-03,1139610047,VZ,Verizon
2023-03-03,1139610047,WBA,Walgreens Boots Alliance
2023-03-03,1139610047,WFC,Wells Fargo
2023-03-03,1139610047,WMT,Walmart
2023-03-03,1139610047,XOM,ExxonMobil
2023-03-10,1139610047,AAPL,Apple
2023-03-10,1139610047,ABBV,AbbVie
2023-03-10,1139610047,ABT,Abbott
2023-03-10,1139610047,ACN,Accenture
2023-03-10,1139610047,ADBE,Adobe
2023-03-10,1139610047,AIG,American International Group
2023-03-10,1139610047,AMD,AMD
2023-03-10,1139610047,AMGN,Amgen
2023-03-10,1139610047,AMT,American Tower
2023-03-10,1139610047,AMZN,Amazon
2023-03-10,1139610047,AVGO,Broadcom
2023-03-10,1139610047,AXP,American Express
2023-03-10,1139610047,BA,Boeing
2023-03-10,1139610047,BAC,Bank of America
2023-03-10,1139610047,BK,BNY Mellon
2023-03-10,1139610047,BKNG,Booking Holdings
2023-03-10,1139610047,BLK,BlackRock
2023-03-10,1139610047,BMY,Bristol Myers Squibb
2023-03-10,1139610047,C,Citigroup
2023-03-10,1139610047,CAT,Caterpillar
2023-03-10,1139610047,CHTR,Charter Communications
2023-03-10,1139610047,CL,Colgate-Palmolive
2023-03-10,1139610047,CMCSA,Comcast
2023-03-10,1139610047,COF,Capital One
2023-03-10,1139610047,COP,ConocoPhillips
2023-03-10,1139610047,COST,Costco
2023-03-10,1139610047,CRM,Salesforce
2023-03-10,1139610047,CSCO,Cisco
2023-03-10,1139610047,CVS,CVS Health
2023-03-10,1139610047,CVX,Chevron
2023-03-10,1139610047,DHR,Danaher
2023-03-10,1139610047,DIS,Disney
2023-03-10,1139610047,DOW,Dow
2023-03-10,1139610047,DUK,Duke Energy
2023-03-10,1139610047,EMR,Emerson
2023-03-10,1139610047,EXC,Exelon
2023-03-10,1139610047,F,Ford
2023-03-10,1139610047,FDX,FedEx
2023-03-10,1139610047,GD,General Dynamics
2023-03-10,1139610047,GE,GE
2023-03-10,1139610047,GILD,Gilead
2023-03-10,1139610047,GM,GM
2023-03-10,1139610047,GOOG,Alphabet(Class C)
2023-03-10,1139610047,GOOGL,Alphabet (Class A)
2023-03-10,1139610047,GS,Goldman Sachs
2023-03-10,1139610047,HD,Home Depot
2023-03-10,1139610047,HON,Honeywell
2023-03-10,1139610047,IBM,IBM
2023-03-10,1139610047,INTC,Intel
2023-03-10,1139610047,JNJ,Johnson & Johnson
2023-03-10,1139610047,JPM,JPMorgan Chase
2023-03-10,1139610047,KHC,Kraft Heinz
2023-03-10,1139610047,KO,Coca-Cola
2023-03-10,1139610047,LIN,Linde
2023-03-10,1139610047,LLY,Lilly
2023-03-10,1139610047,LMT,Lockheed Martin
2023-03-10,1139610047,LOW,Lowe's
2023-03-10,1139610047,MA,Mastercard
2023-03-10,1139610047,MCD,McDonald's
2023-03-10,1139610047,MDLZ,Mondelēz International
2023-03-10,1139610047,MDT,Medtronic
2023-03-10,1139610047,MET,MetLife
2023-03-10,1139610047,META,Meta
2023-03-10,1139610047,MMM,3M
2023-03-10,1139610047,MO,Altria
2023-03-10,1139610047,MRK,Merck
2023-03-10,1139610047,MS,Morgan Stanley
2023-03-10,1139610047,MSFT,Microsoft
2023-03-10,1139610047,NEE,NextEra Energy
2023-03-10,1139610047,NFLX,Netflix
2023-03-10,1139610047,NKE,Nike
2023-03-10,1139610047,NVDA,Nvidia
2023-03-10,1139610047,ORCL,Oracle
2023-03-10,1139610047,PEP,PepsiCo
2023-03-10,1139610047,PFE,Pfizer
2023-03-10,1139610047,PG,Procter & Gamble
2023-03-10,1139610047,PM,Philip Morris International
2023-03-10,1139610047,PYPL,PayPal
2023-03-10,1139610047,QCOM,Qualcomm
2023-03-10,1139610047,RTX,Raytheon Technologies
2023-03-10,1139610047,SBUX,Starbucks
2023-03-10,1139610047,SCHW,Charles Schwab
2023-03-10,1139610047,SO,Southern Company
2023-03-10,1139610047,SPG,Simon
2023-03-10,1139610047,T,AT&T
2023-03-10,1139610047,TGT,Target
2023-03-10,1139610047,TMO,Thermo Fisher Scientific
2023-03-10,1139610047,TMUS,T-Mobile
2023-03-10,1139610047,TSLA,Tesla
2023-03-10,1139610047,TXN,Texas Instruments
2023-03-10,1139610047,UNH,UnitedHealth Group
2023-03-10,1139610047,UNP,Union Pacific
2023-03-10,1139610047,UPS,United Parcel Service
2023-03-10,1139610047,USB,U.S. Bank
2023-03-10,1139610047,V,Visa
2023-03-10,1139610047,VZ,Verizon
2023-03-10,1139610047,WBA,Walgreens Boots Alliance
2023-03-10,1139610047,WFC,Wells Fargo
2023-03-10,1139610047,WMT,Walmart
2023-03-10,1139610047,XOM,ExxonMobil
2023-03-17,1139610047,AAPL,Apple
2023-03-17,1139610047,ABBV,AbbVie
2023-03-17,1139610047,ABT,Abbott
2023-03-17,1139610047,ACN,Accenture
2023-03-17,1139610047,ADBE,Adobe
2023-03-17,1139610047,AIG,American International Group
2023-03-17,1139610047,AMD,AMD
2023-03-17,1139610047,AMGN,Amgen
2023-03-17,1139610047,AMT,American Tower
2023-03-17,1139610047,AMZN,Amazon
2023-03-17,1139610047,AVGO,Broadcom
2023-03-17,1139610047,AXP,American Express
2023-03-17,1139610047,BA,Boeing
2023-03-17,1139610047,BAC,Bank of America
2023-03-17,1139610047,BK,BNY Mellon
2023-03-17,1139610047,BKNG,Booking Holdings
2023-03-17,1139610047,BLK,BlackRock
2023-03-17,1139610047,BMY,Bristol Myers Squibb
2023-03-17,1139610047,C,Citigroup
2023-03-17,1139610047,CAT,Caterpillar
2023-03-17,1139610047,CHTR,Charter Communications
2023-03-17,1139610047,CL,Colgate-Palmolive
2023-03-17,1139610047,CMCSA,Comcast
2023-03-17,1139610047,COF,Capital One
2023-03-17,1139610047,COP,ConocoPhillips
2023-03-17,1139610047,COST,Costco
2023-03-17,1139610047,CRM,Salesforce
2023-03-17,1139610047,CSCO,Cisco
2023-03-17,1139610047,CVS,CVS Health
2023-03-17,1139610047,CVX,Chevron
2023-03-17,1139610047,DHR,Danaher
2023-03-17,1139610047,DIS,Disney
2023-03-17,1139610047,DOW,Dow
2023-03-17,1139610047,DUK,Duke Energy
2023-03-17,1139610047,EMR,Emerson
2023-03-17,1139610047,EXC,Exelon
2023-03-17,1139610047,F,Ford
2023-03-17,1139610047,FDX,FedEx
2023-03-17,1139610047,GD,General Dynamics
2023-03-17,1139610047,GE,GE
2023-03-17,1139610047,GILD,Gilead
2023-03-17,1139610047,GM,GM
2023-03-17,1139610047,GOOG,Alphabet(Class C)
2023-03-17,1139610047,GOOGL,Alphabet (Class A)
2023-03-17,1139610047,GS,Goldman Sachs
2023-03-17,1139610047,HD,Home Depot
2023-03-17,1139610047,HON,Honeywell
2023-03-17,1139610047,IBM,IBM
2023-03-17,1139610047,INTC,Intel
2023-03-17,1139610047,JNJ,Johnson & Johnson
2023-03-17,1139610047,JPM,JPMorgan Chase
2023-03-17,1139610047,KHC,Kraft Heinz
2023-03-17,1139610047,KO,Coca-Cola
2023-03-17,1139610047,LIN,Linde
2023-03-17,1139610047,LLY,Lilly
2023-03-17,1139610047,LMT,Lockheed Martin
2023-03-17,1139610047,LOW,Lowe's
2023-03-17,1139610047,MA,Mastercard
2023-03-17,1139610047,MCD,McDonald's
2023-03-17,1139610047,MDLZ,Mondelēz International
2023-03-17,1139610047,MDT,Medtronic
2023-03-17,1139610047,MET,MetLife
2023-03-17,1139610047,META,Meta
2023-03-17,1139610047,MMM,3M
2023-03-17,1139610047,MO,Altria
2023-03-17,1139610047,MRK,Merck
2023-03-17,1139610047,MS,Morgan Stanley
2023-03-17,1139610047,MSFT,Microsoft
2023-03-17,1139610047,NEE,NextEra Energy
2023-03-17,1139610047,NFLX,Netflix
2023-03-17,1139610047,NKE,Nike
2023-03-17,1139610047,NVDA,Nvidia
2023-03-17,1139610047,ORCL,Oracle
2023-03-17,1139610047,PEP,PepsiCo
2023-03-17,1139610047,PFE,Pfizer
2023-03-17,1139610047,PG,Procter & Gamble
2023-03-17,1139610047,PM,Philip Morris International
2023-03-17,1139610047,PYPL,PayPal
2023-03-17,1139610047,QCOM,Qualcomm
2023-03-17,1139610047,RTX,Raytheon Technologies
2023-03-17,1139610047,SBUX,Starbucks
2023-03-17,1139610047,SCHW,Charles Schwab
2023-03-17,1139610047,SO,Southern Company
2023-03-17,1139610047,SPG,Simon
2023-03-17,1139610047,T,AT&T
2023-03-17,1139610047,TGT,Target
2023-03-17,1139610047,TMO,Thermo Fisher Scientific
2023-03-17,1139610047,TMUS,T-Mobile
2023-03-17,1139610047,TSLA,Tesla
2023-03-17,1139610047,TXN,Texas Instruments
2023-03-17,1139610047,UNH,UnitedHealth Group
2023-03-17,1139610047,UNP,Union Pacific
2023-03-17,1139610047,UPS,United Parcel Service
2023-03-17,1139610047,USB,U.S. Bank
2023-03-17,1139610047,V,Visa
2023-03-17,1139610047,VZ,Verizon
2023-03-17,1139610047,WBA,Walgreens Boots Alliance
2023-03-17,1139610047,WFC,Wells Fargo
2023-03-17,1139610047,WMT,Walmart
2023-03-17,1139610047,XOM,ExxonMobil
2023-03-24,1139610047,AAPL,Apple
2023-03-24,1139610047,ABBV,AbbVie
2023-03-24,1139610047,ABT,Abbott
2023-03-24,1139610047,ACN,Accenture
2023-03-24,1139610047,ADBE,Adobe
2023-03-24,1139610047,AIG,American International Group
2023-03-24,1139610047,AMD,AMD
2023-03-24,1139610047,AMGN,Amgen
2023-03-24,1139610047,AMT,American Tower
2023-03-24,1139610047,AMZN,Amazon
2023-03-24,1139610047,AVGO,Broadcom
2023-03-24,1139610047,AXP,American Express
2023-03-24,1139610047,BA,Boeing
2023-03-24,1139610047,BAC,Bank of America
2023-03-24,1139610047,BK,BNY Mellon
2023-03-24,1139610047,BKNG,Booking Holdings
2023-03-24,1139610047,BLK,BlackRock
2023-03-24,1139610047,BMY,Bristol Myers Squibb
2023-03-24,1139610047,C,Citigroup
2023-03-24,1139610047,CAT,Caterpillar
2023-03-24,1139610047,CHTR,Charter Communications
2023-03-24,1139610047,CL,Colgate-Palmolive
2023-03-24,1139610047,CMCSA,Comcast
2023-03-24,1139610047,COF,Capital One
2023-03-24,1139610047,COP,ConocoPhillips
2023-03-24,1139610047,COST,Costco
2023-03-24,1139610047,CRM,Salesforce
2023-03-24,1139610047,CSCO,Cisco
2023-03-24,1139610047,CVS,CVS Health
2023-03-24,1139610047,CVX,Chevron
2023-03-24,1139610047,DHR,Danaher
2023-03-24,1139610047,DIS,Disney
2023-03-24,1139610047,DOW,Dow
2023-03-24,1139610047,DUK,Duke Energy
2023-03-24,1139610047,EMR,Emerson
2023-03-24,1139610047,EXC,Exelon
2023-03-24,1139610047,F,Ford
2023-03-24,1139610047,FDX,FedEx
2023-03-24,1139610047,GD,General Dynamics
2023-03-24,1139610047,GE,GE
2023-03-24,1139610047,GILD,Gilead
2023-03-24,1139610047,GM,GM
2023-03-24,1139610047,GOOG,Alphabet(Class C)
2023-03-24,1139610047,GOOGL,Alphabet (Class A)
2023-03-24,1139610047,GS,Goldman Sachs
2023-03-24,1139610047,HD,Home Depot
2023-03-24,1139610047,HON,Honeywell
2023-03-24,1139610047,IBM,IBM
2023-03-24,1139610047,INTC,Intel
2023-03-24,1139610047,JNJ,Johnson & Johnson
2023-03-24,1139610047,JPM,JPMorgan Chase
2023-03-24,1139610047,KHC,Kraft Heinz
2023-03-24,1139610047,KO,Coca-Cola
2023-03-24,1139610047,LIN,Linde
2023-03-24,1139610047,LLY,Lilly
2023-03-24,1139610047,LMT,Lockheed Martin
2023-03-24,1139610047,LOW,Lowe's
2023-03-24,1139610047,MA,Mastercard
2023-03-24,1139610047,MCD,McDonald's
2023-03-24,1139610047,MDLZ,Mondelēz International
2023-03-24,1139610047,MDT,Medtronic
2023-03-24,1139610047,MET,MetLife
2023-03-24,1139610047,META,Meta
2023-03-24,1139610047,MMM,3M
2023-03-24,1139610047,MO,Altria
2023-03-24,1139610047,MRK,Merck
2023-03-24,1139610047,MS,Morgan Stanley
2023-03-24,1139610047,MSFT,Microsoft
2023-03-24,1139610047,NEE,NextEra Energy
2023-03-24,1139610047,NFLX,Netflix
2023-03-24,1139610047,NKE,Nike
2023-03-24,1139610047,NVDA,Nvidia
2023-03-24,1139610047,ORCL,Oracle
2023-03-24,1139610047,PEP,PepsiCo
2023-03-24,1139610047,PFE,Pfizer
2023-03-24,1139610047,PG,Procter & Gamble
2023-03-24,1139610047,PM,Philip Morris International
2023-03-24,1139610047,PYPL,PayPal
2023-03-24,1139610047,QCOM,Qualcomm
2023-03-24,1139610047,RTX,Raytheon Technologies
2023-03-24,1139610047,SBUX,Starbucks
2023-03-24,1139610047,SCHW,Charles Schwab
2023-03-24,1139610047,SO,Southern Company
2023-03-24,1139610047,SPG,Simon
2023-03-24,1139610047,T,AT&T
2023-03-24,1139610047,TGT,Target
2023-03-24,1139610047,TMO,Thermo Fisher Scientific
2023-03-24,1139610047,TMUS,T-Mobile
2023-03-24,1139610047,TSLA,Tesla
2023-03-24,1139610047,TXN,Texas Instruments
2023-03-24,1139610047,UNH,UnitedHealth Group
2023-03-24,1139610047,UNP,Union Pacific
2023-03-24,1139610047,UPS,United Parcel Service
2023-03-24,1139610047,USB,U.S. Bank
2023-03-24,1139610047,V,Visa
2023-03-24,1139610047,VZ,Verizon
2023-03-24,1139610047,WBA,Walgreens Boots Alliance
2023-03-24,1139610047,WFC,Wells Fargo
2023-03-24,1139610047,WMT,Walmart
2023-03-24,1139610047,XOM,ExxonMobil
2023-03-31,1139610047,AAPL,Apple
2023-03-31,1139610047,ABBV,AbbVie
2023-03-31,1139610047,ABT,Abbott
2023-03-31,1139610047,ACN,Accenture
2023-03-31,1139610047,ADBE,Adobe
2023-03-31,1139610047,AIG,American International Group
2023-03-31,1139610047,AMD,AMD
2023-03-31,1139610047,AMGN,Amgen
2023-03-31,1139610047,AMT,American Tower
2023-03-31,1139610047,AMZN,Amazon
2023-03-31,1139610047,AVGO,Broadcom
2023-03-31,1139610047,AXP,American Express
2023-03-31,1139610047,BA,Boeing
2023-03-31,1139610047,BAC,Bank of America
2023-03-31,1139610047,BK,BNY Mellon
2023-03-31,1139610047,BKNG,Booking Holdings
2023-03-31,1139610047,BLK,BlackRock
2023-03-31,1139610047,BMY,Bristol Myers Squibb
2023-03-31,1139610047,C,Citigroup
2023-03-31,1139610047,CAT,Caterpillar
2023-03-31,1139610047,CHTR,Charter Communications
2023-03-31,1139610047,CL,Colgate-Palmolive
2023-03-31,1139610047,CMCSA,Comcast
2023-03-31,1139610047,COF,Capital One
2023-03-31,1139610047,COP,ConocoPhillips
2023-03-31,1139610047,COST,Costco
2023-03-31,1139610047,CRM,Salesforce
2023-03-31,1139610047,CSCO,Cisco
2023-03-31,1139610047,CVS,CVS Health
2023-03-31,1139610047,CVX,Chevron
2023-03-31,1139610047,DHR,Danaher
2023-03-31,1139610047,DIS,Disney
2023-03-31,1139610047,DOW,Dow
2023-03-31,1139610047,DUK,Duke Energy
2023-03-31,1139610047,EMR,Emerson
2023-03-31,1139610047,EXC,Exelon
2023-03-31,1139610047,F,Ford
2023-03-31,1139610047,FDX,FedEx
2023-03-31,1139610047,GD,General Dynamics
2023-03-31,1139610047,GE,GE
2023-03-31,1139610047,GILD,Gilead
2023-03-31,1139610047,GM,GM
2023-03-31,1139610047,GOOG,Alphabet(Class C)
2023-03-31,1139610047,GOOGL,Alphabet (Class A)
2023-03-31,1139610047,GS,Goldman Sachs
2023-03-31,1139610047,HD,Home Depot
2023-03-31,1139610047,HON,Honeywell
2023-03-31,1139610047,IBM,IBM
2023-03-31,1139610047,INTC,Intel
2023-03-31,1139610047,JNJ,Johnson & Johnson
2023-03-31,1139610047,JPM,JPMorgan Chase
2023-03-31,1139610047,KHC,Kraft Heinz
2023-03-31,1139610047,KO,Coca-Cola
2023-03-31,1139610047,LIN,Linde
2023-03-31,1139610047,LLY,Lilly
2023-03-31,1139610047,LMT,Lockheed Martin
2023-03-31,1139610047,LOW,Lowe's
2023-03-31,1139610047,MA,Mastercard
2023-03-31,1139610047,MCD,McDonald's
2023-03-31,1139610047,MDLZ,Mondelēz International
2023-03-31,1139610047,MDT,Medtronic
2023-03-31,1139610047,MET,MetLife
2023-03-31,1139610047,META,Meta
2023-03-31,1139610047,MMM,3M
2023-03-31,1139610047,MO,Altria
2023-03-31,1139610047,MRK,Merck
2023-03-31,1139610047,MS,Morgan Stanley
2023-03-31,1139610047,MSFT,Microsoft
2023-03-31,1139610047,NEE,NextEra Energy
2023-03-31,1139610047,NFLX,Netflix
2023-03-31,1139610047,NKE,Nike
2023-03-31,1139610047,NVDA,Nvidia
2023-03-31,1139610047,ORCL,Oracle
2023-03-31,1139610047,PEP,PepsiCo
2023-03-31,1139610047,PFE,Pfizer
2023-03-31,1139610047,PG,Procter & Gamble
2023-03-31,1139610047,PM,Philip Morris International
2023-03-31,1139610047,PYPL,PayPal
2023-03-31,1139610047,QCOM,Qualcomm
2023-03-31,1139610047,RTX,Raytheon Technologies
2023-03-31,1139610047,SBUX,Starbucks
2023-03-31,1139610047,SCHW,Charles Schwab
2023-03-31,1139610047,SO,Southern Company
2023-03-31,1139610047,SPG,Simon
2023-03-31,1139610047,T,AT&T
2023-03-31,1139610047,TGT,Target
2023-03-31,1139610047,TMO,Thermo Fisher Scientific
2023-03-31,1139610047,TMUS,T-Mobile
2023-03-31,1139610047,TSLA,Tesla
2023-03-31,1139610047,TXN,Texas Instruments
2023-03-31,1139610047,UNH,UnitedHealth Group
2023-03-31,1139610047,UNP,Union Pacific
2023-03-31,1139610047,UPS,United Parcel Service
2023-03-31,1139610047,USB,U.S. Bank
2023-03-31,1139610047,V,Visa
2023-03-31,1139610047,VZ,Verizon
2023-03-31,1139610047,WBA,Walgreens Boots Alliance
2023-03-31,1139610047,WFC,Wells Fargo
2023-03-31,1139610047,WMT,Walmart
2023-03-31,1139610047,XOM,ExxonMobil
2023-04-07,1139610047,AAPL,Apple
2023-04-07,1139610047,ABBV,AbbVie
2023-04-07,1139610047,ABT,Abbott
2023-04-07,1139610047,ACN,Accenture
2023-04-07,1139610047,ADBE,Adobe
2023-04-07,1139610047,AIG,American International Group
2023-04-07,1139610047,AMD,AMD
2023-04-07,1139610047,AMGN,Amgen
2023-04-07,1139610047,AMT,American Tower
2023-04-07,1139610047,AMZN,Amazon
2023-04-07,1139610047,AVGO,Broadcom
2023-04-07,1139610047,AXP,American Express
2023-04-07,1139610047,BA,Boeing
2023-04-07,1139610047,BAC,Bank of America
2023-04-07,1139610047,BK,BNY Mellon
2023-04-07,1139610047,BKNG,Booking Holdings
2023-04-07,1139610047,BLK,BlackRock
2023-04-07,1139610047,BMY,Bristol Myers Squibb
2023-04-07,1139610047,C,Citigroup
2023-04-07,1139610047,CAT,Caterpillar
2023-04-07,1139610047,CHTR,Charter Communications
2023-04-07,1139610047,CL,Colgate-Palmolive
2023-04-07,1139610047,CMCSA,Comcast
2023-04-07,1139610047,COF,Capital One
2023-04-07,1139610047,COP,ConocoPhillips
2023-04-07,1139610047,COST,Costco
2023-04-07,1139610047,CRM,Salesforce
2023-04-07,1139610047,CSCO,Cisco
2023-04-07,1139610047,CVS,CVS Health
2023-04-07,1139610047,CVX,Chevron
2023-04-07,1139610047,DHR,Danaher
2023-04-07,1139610047,DIS,Disney
2023-04-07,1139610047,DOW,Dow
2023-04-07,1139610047,DUK,Duke Energy
2023-04-07,1139610047,EMR,Emerson
2023-04-07,1139610047,EXC,Exelon
2023-04-07,1139610047,F,Ford
2023-04-07,1139610047,FDX,FedEx
2023-04-07,1139610047,GD,General Dynamics
2023-04-07,1139610047,GE,GE
2023-04-07,1139610047,GILD,Gilead
2023-04-07,1139610047,GM,GM
2023-04-07,1139610047,GOOG,Alphabet(Class C)
2023-04-07,1139610047,GOOGL,Alphabet (Class A)
2023-04-07,1139610047,GS,Goldman Sachs
2023-04-07,1139610047,HD,Home Depot
2023-04-07,1139610047,HON,Honeywell
2023-04-07,1139610047,IBM,IBM
2023-04-07,1139610047,INTC,Intel
2023-04-07,1139610047,JNJ,Johnson & Johnson
2023-04-07,1139610047,JPM,JPMorgan Chase
2023-04-07,1139610047,KHC,Kraft Heinz
2023-04-07,1139610047,KO,Coca-Cola
2023-04-07,1139610047,LIN,Linde
2023-04-07,1139610047,LLY,Lilly
2023-04-07,1139610047,LMT,Lockheed Martin
2023-04-07,1139610047,LOW,Lowe's
2023-04-07,1139610047,MA,Mastercard
2023-04-07,1139610047,MCD,McDonald's
2023-04-07,1139610047,MDLZ,Mondelēz International
2023-04-07,1139610047,MDT,Medtronic
2023-04-07,1139610047,MET,MetLife
2023-04-07,1139610047,META,Meta
2023-04-07,1139610047,MMM,3M
2023-04-07,1139610047,MO,Altria
2023-04-07,1139610047,MRK,Merck
2023-04-07,1139610047,MS,Morgan Stanley
2023-04-07,1139610047,MSFT,Microsoft
2023-04-07,1139610047,NEE,NextEra Energy
2023-04-07,1139610047,NFLX,Netflix
2023-04-07,1139610047,NKE,Nike
2023-04-07,1139610047,NVDA,Nvidia
2023-04-07,1139610047,ORCL,Oracle
2023-04-07,1139610047,PEP,PepsiCo
2023-04-07,1139610047,PFE,Pfizer
2023-04-07,1139610047,PG,Procter & Gamble
2023-04-07,1139610047,PM,Philip Morris International
2023-04-07,1139610047,PYPL,PayPal
2023-04-07,1139610047,QCOM,Qualcomm
2023-04-07,1139610047,RTX,Raytheon Technologies
2023-04-07,1139610047,SBUX,Starbucks
2023-04-07,1139610047,SCHW,Charles Schwab
2023-04-07,1139610047,SO,Southern Company
2023-04-07,1139610047,SPG,Simon
2023-04-07,1139610047,T,AT&T
2023-04-07,1139610047,TGT,Target
2023-04-07,1139610047,TMO,Thermo Fisher Scientific
2023-04-07,1139610047,TMUS,T-Mobile
2023-04-07,1139610047,TSLA,Tesla
2023-04-07,1139610047,TXN,Texas Instruments
2023-04-07,1139610047,UNH,UnitedHealth Group
2023-04-07,1139610047,UNP,Union Pacific
2023-04-07,1139610047,UPS,United Parcel Service
2023-04-07,1139610047,USB,U.S. Bank
2023-04-07,1139610047,V,Visa
2023-04-07,1139610047,VZ,Verizon
2023-04-07,1139610047,WBA,Walgreens Boots Alliance
2023-04-07,1139610047,WFC,Wells Fargo
2023-04-07,1139610047,WMT,Walmart
2023-04-07,1139610047,XOM,ExxonMobil
2023-04-14,1139610047,AAPL,Apple
2023-04-14,1139610047,ABBV,AbbVie
2023-04-14,1139610047,ABT,Abbott
2023-04-14,1139610047,ACN,Accenture
2023-04-14,1139610047,ADBE,Adobe
2023-04-14,1139610047,AIG,American International Group
2023-04-14,1139610047,AMD,AMD
2023-04-14,1139610047,AMGN,Amgen
2023-04-14,1139610047,AMT,American Tower
2023-04-14,1139610047,AMZN,Amazon
2023-04-14,1139610047,AVGO,Broadcom
2023-04-14,1139610047,AXP,American Express
2023-04-14,1139610047,BA,Boeing
2023-04-14,1139610047,BAC,Bank of America
2023-04-14,1139610047,BK,BNY Mellon
2023-04-14,1139610047,BKNG,Booking Holdings
2023-04-14,1139610047,BLK,BlackRock
2023-04-14,1139610047,BMY,Bristol Myers Squibb
2023-04-14,1139610047,C,Citigroup
2023-04-14,1139610047,CAT,Caterpillar
2023-04-14,1139610047,CHTR,Charter Communications
2023-04-14,1139610047,CL,Colgate-Palmolive
2023-04-14,1139610047,CMCSA,Comcast
2023-04-14,1139610047,COF,Capital One
2023-04-14,1139610047,COP,ConocoPhillips
2023-04-14,1139610047,COST,Costco
2023-04-14,1139610047,CRM,Salesforce
2023-04-14,1139610047,CSCO,Cisco
2023-04-14,1139610047,CVS,CVS Health
2023-04-14,1139610047,CVX,Chevron
2023-04-14,1139610047,DHR,Danaher
2023-04-14,1139610047,DIS,Disney
2023-04-14,1139610047,DOW,Dow
2023-04-14,1139610047,DUK,Duke Energy
2023-04-14,1139610047,EMR,Emerson
2023-04-14,1139610047,EXC,Exelon
2023-04-14,1139610047,F,Ford
2023-04-14,1139610047,FDX,FedEx
2023-04-14,1139610047,GD,General Dynamics
2023-04-14,1139610047,GE,GE
2023-04-14,1139610047,GILD,Gilead
2023-04-14,1139610047,GM,GM
2023-04-14,1139610047,GOOG,Alphabet(Class C)
2023-04-14,1139610047,GOOGL,Alphabet (Class A)
2023-04-14,1139610047,GS,Goldman Sachs
2023-04-14,1139610047,HD,Home Depot
2023-04-14,1139610047,HON,Honeywell
2023-04-14,1139610047,IBM,IBM
2023-04-14,1139610047,INTC,Intel
2023-04-14,1139610047,JNJ,Johnson & Johnson
2023-04-14,1139610047,JPM,JPMorgan Chase
2023-04-14,1139610047,KHC,Kraft Heinz
2023-04-14,1139610047,KO,Coca-Cola
2023-04-14,1139610047,LIN,Linde
2023-04-14,1139610047,LLY,Lilly
2023-04-14,1139610047,LMT,Lockheed Martin
2023-04-14,1139610047,LOW,Lowe's
2023-04-14,1139610047,MA,Mastercard
2023-04-14,1139610047,MCD,McDonald's
2023-04-14,1139610047,MDLZ,Mondelēz International
2023-04-14,1139610047,MDT,Medtronic
2023-04-14,1139610047,MET,MetLife
2023-04-14,1139610047,META,Meta
2023-04-14,1139610047,MMM,3M
2023-04-14,1139610047,MO,Altria
2023-04-14,1139610047,MRK,Merck
2023-04-14,1139610047,MS,Morgan Stanley
2023-04-14,1139610047,MSFT,Microsoft
2023-04-14,1139610047,NEE,NextEra Energy
2023-04-14,1139610047,NFLX,Netflix
2023-04-14,1139610047,NKE,Nike
2023-04-14,1139610047,NVDA,Nvidia
2023-04-14,1139610047,ORCL,Oracle
2023-04-14,1139610047,PEP,PepsiCo
2023-04-14,1139610047,PFE,Pfizer
2023-04-14,1139610047,PG,Procter & Gamble
2023-04-14,1139610047,PM,Philip Morris International
2023-04-14,1139610047,PYPL,PayPal
2023-04-14,1139610047,QCOM,Qualcomm
2023-04-14,1139610047,RTX,Raytheon Technologies
2023-04-14,1139610047,SBUX,Starbucks
2023-04-14,1139610047,SCHW,Charles Schwab
2023-04-14,1139610047,SO,Southern Company
2023-04-14,1139610047,SPG,Simon
2023-04-14,1139610047,T,AT&T
2023-04-14,1139610047,TGT,Target
2023-04-14,1139610047,TMO,Thermo Fisher Scientific
2023-04-14,1139610047,TMUS,T-Mobile
2023-04-14,1139610047,TSLA,Tesla
2023-04-14,1139610047,TXN,Texas Instruments
2023-04-14,1139610047,UNH,UnitedHealth Group
2023-04-14,1139610047,UNP,Union Pacific
2023-04-14,1139610047,UPS,United Parcel Service
2023-04-14,1139610047,USB,U.S. Bank
2023-04-14,1139610047,V,Visa
2023-04-14,1139610047,VZ,Verizon
2023-04-14,1139610047,WBA,Walgreens Boots Alliance
2023-04-14,1139610047,WFC,Wells Fargo
2023-04-14,1139610047,WMT,Walmart
2023-04-14,1139610047,XOM,ExxonMobil
2023-04-21,1139610047,AAPL,Apple
2023-04-21,1139610047,ABBV,AbbVie
2023-04-21,1139610047,ABT,Abbott
2023-04-21,1139610047,ACN,Accenture
2023-04-21,1139610047,ADBE,Adobe
2023-04-21,1139610047,AIG,American International Group
2023-04-21,1139610047,AMD,AMD
2023-04-21,1139610047,AMGN,Amgen
2023-04-21,1139610047,AMT,American Tower
2023-04-21,1139610047,AMZN,Amazon
2023-04-21,1139610047,AVGO,Broadcom
2023-04-21,1139610047,AXP,American Express
2023-04-21,1139610047,BA,Boeing
2023-04-21,1139610047,BAC,Bank of America
2023-04-21,1139610047,BK,BNY Mellon
2023-04-21,1139610047,BKNG,Booking Holdings
2023-04-21,1139610047,BLK,BlackRock
2023-04-21,1139610047,BMY,Bristol Myers Squibb
2023-04-21,1139610047,C,Citigroup
2023-04-21,1139610047,CAT,Caterpillar
2023-04-21,1139610047,CHTR,Charter Communications
2023-04-21,1139610047,CL,Colgate-Palmolive
2023-04-21,1139610047,CMCSA,Comcast
2023-04-21,1139610047,COF,Capital One
2023-04-21,1139610047,COP,ConocoPhillips
2023-04-21,1139610047,COST,Costco
2023-04-21,1139610047,CRM,Salesforce
2023-04-21,1139610047,CSCO,Cisco
2023-04-21,1139610047,CVS,CVS Health
2023-04-21,1139610047,CVX,Chevron
2023-04-21,1139610047,DHR,Danaher
2023-04-21,1139610047,DIS,Disney
2023-04-21,1139610047,DOW,Dow
2023-04-21,1139610047,DUK,Duke Energy
2023-04-21,1139610047,EMR,Emerson
2023-04-21,1139610047,EXC,Exelon
2023-04-21,1139610047,F,Ford
2023-04-21,1139610047,FDX,FedEx
2023-04-21,1139610047,GD,General Dynamics
2023-04-21,1139610047,GE,GE
2023-04-21,1139610047,GILD,Gilead
2023-04-21,1139610047,GM,GM
2023-04-21,1139610047,GOOG,Alphabet(Class C)
2023-04-21,1139610047,GOOGL,Alphabet (Class A)
2023-04-21,1139610047,GS,Goldman Sachs
2023-04-21,1139610047,HD,Home Depot
2023-04-21,1139610047,HON,Honeywell
2023-04-21,1139610047,IBM,IBM
2023-04-21,1139610047,INTC,Intel
2023-04-21,1139610047,JNJ,Johnson & Johnson
2023-04-21,1139610047,JPM,JPMorgan Chase
2023-04-21,1139610047,KHC,Kraft Heinz
2023-04-21,1139610047,KO,Coca-Cola
2023-04-21,1139610047,LIN,Linde
2023-04-21,1139610047,LLY,Lilly
2023-04-21,1139610047,LMT,Lockheed Martin
2023-04-21,1139610047,LOW,Lowe's
2023-04-21,1139610047,MA,Mastercard
2023-04-21,1139610047,MCD,McDonald's
2023-04-21,1139610047,MDLZ,Mondelēz International
2023-04-21,1139610047,MDT,Medtronic
2023-04-21,1139610047,MET,MetLife
2023-04-21,1139610047,META,Meta
2023-04-21,1139610047,MMM,3M
2023-04-21,1139610047,MO,Altria
2023-04-21,1139610047,MRK,Merck
2023-04-21,1139610047,MS,Morgan Stanley
2023-04-21,1139610047,MSFT,Microsoft
2023-04-21,1139610047,NEE,NextEra Energy
2023-04-21,1139610047,NFLX,Netflix
2023-04-21,1139610047,NKE,Nike
2023-04-21,1139610047,NVDA,Nvidia
2023-04-21,1139610047,ORCL,Oracle
2023-04-21,1139610047,PEP,PepsiCo
2023-04-21,1139610047,PFE,Pfizer
2023-04-21,1139610047,PG,Procter & Gamble
2023-04-21,1139610047,PM,Philip Morris International
2023-04-21,1139610047,PYPL,PayPal
2023-04-21,1139610047,QCOM,Qualcomm
2023-04-21,1139610047,RTX,Raytheon Technologies
2023-04-21,1139610047,SBUX,Starbucks
2023-04-21,1139610047,SCHW,Charles Schwab
2023-04-21,1139610047,SO,Southern Company
2023-04-21,1139610047,SPG,Simon
2023-04-21,1139610047,T,AT&T
2023-04-21,1139610047,TGT,Target
2023-04-21,1139610047,TMO,Thermo Fisher Scientific
2023-04-21,1139610047,TMUS,T-Mobile
2023-04-21,1139610047,TSLA,Tesla
2023-04-21,1139610047,TXN,Texas Instruments
2023-04-21,1139610047,UNH,UnitedHealth Group
2023-04-21,1139610047,UNP,Union Pacific
2023-04-21,1139610047,UPS,United Parcel Service
2023-04-21,1139610047,USB,U.S. Bank
2023-04-21,1139610047,V,Visa
2023-04-21,1139610047,VZ,Verizon
2023-04-21,1139610047,WBA,Walgreens Boots Alliance
2023-04-21,1139610047,WFC,Wells Fargo
2023-04-21,1139610047,WMT,Walmart
2023-04-21,1139610047,XOM,ExxonMobil
2023-04-28,1139610047,AAPL,Apple
2023-04-28,1139610047,ABBV,AbbVie
2023-04-28,1139610047,ABT,Abbott
2023-04-28,1139610047,ACN,Accenture
2023-04-28,1139610047,ADBE,Adobe
2023-04-28,1139610047,AIG,American International Group
2023-04-28,1139610047,AMD,AMD
2023-04-28,1139610047,AMGN,Amgen
2023-04-28,1139610047,AMT,American Tower
2023-04-28,1139610047,AMZN,Amazon
2023-04-28,1139610047,AVGO,Broadcom
2023-04-28,1139610047,AXP,American Express
2023-04-28,1139610047,BA,Boeing
2023-04-28,1139610047,BAC,Bank of America
2023-04-28,1139610047,BK,BNY Mellon
2023-04-28,1139610047,BKNG,Booking Holdings
2023-04-28,1139610047,BLK,BlackRock
2023-04-28,1139610047,BMY,Bristol Myers Squibb
2023-04-28,1139610047,C,Citigroup
2023-04-28,1139610047,CAT,Caterpillar
2023-04-28,1139610047,CHTR,Charter Communications
2023-04-28,1139610047,CL,Colgate-Palmolive
2023-04-28,1139610047,CMCSA,Comcast
2023-04-28,1139610047,COF,Capital One
2023-04-28,1139610047,COP,ConocoPhillips
2023-04-28,1139610047,COST,Costco
2023-04-28,1139610047,CRM,Salesforce
2023-04-28,1139610047,CSCO,Cisco
2023-04-28,1139610047,CVS,CVS Health
2023-04-28,1139610047,CVX,Chevron
2023-04-28,1139610047,DHR,Danaher
2023-04-28,1139610047,DIS,Disney
2023-04-28,1139610047,DOW,Dow
2023-04-28,1139610047,DUK,Duke Energy
2023-04-28,1139610047,EMR,Emerson
2023-04-28,1139610047,EXC,Exelon
2023-04-28,1139610047,F,Ford
2023-04-28,1139610047,FDX,FedEx
2023-04-28,1139610047,GD,General Dynamics
2023-04-28,1139610047,GE,GE
2023-04-28,1139610047,GILD,Gilead
2023-04-28,1139610047,GM,GM
2023-04-28,1139610047,GOOG,Alphabet(Class C)
2023-04-28,1139610047,GOOGL,Alphabet (Class A)
2023-04-28,1139610047,GS,Goldman Sachs
2023-04-28,1139610047,HD,Home Depot
2023-04-28,1139610047,HON,Honeywell
2023-04-28,1139610047,IBM,IBM
2023-04-28,1139610047,INTC,Intel
2023-04-28,1139610047,JNJ,Johnson & Johnson
2023-04-28,1139610047,JPM,JPMorgan Chase
2023-04-28,1139610047,KHC,Kraft Heinz
2023-04-28,1139610047,KO,Coca-Cola
2023-04-28,1139610047,LIN,Linde
2023-04-28,1139610047,LLY,Lilly
2023-04-28,1139610047,LMT,Lockheed Martin
2023-04-28,1139610047,LOW,Lowe's
2023-04-28,1139610047,MA,Mastercard
2023-04-28,1139610047,MCD,McDonald's
2023-04-28,1139610047,MDLZ,Mondelēz International
2023-04-28,1139610047,MDT,Medtronic
2023-04-28,1139610047,MET,MetLife
2023-04-28,1139610047,META,Meta
2023-04-28,1139610047,MMM,3M
2023-04-28,1139610047,MO,Altria
2023-04-28,1139610047,MRK,Merck
2023-04-28,1139610047,MS,Morgan Stanley
2023-04-28,1139610047,MSFT,Microsoft
2023-04-28,1139610047,NEE,NextEra Energy
2023-04-28,1139610047,NFLX,Netflix
2023-04-28,1139610047,NKE,Nike
2023-04-28,1139610047,NVDA,Nvidia
2023-04-28,1139610047,ORCL,Oracle
2023-04-28,1139610047,PEP,PepsiCo
2023-04-28,1139610047,PFE,Pfizer
2023-04-28,1139610047,PG,Procter & Gamble
2023-04-28,1139610047,PM,Philip Morris International
2023-04-28,1139610047,PYPL,PayPal
2023-04-28,1139610047,QCOM,Qualcomm
2023-04-28,1139610047,RTX,Raytheon Technologies
2023-04-28,1139610047,SBUX,Starbucks
2023-04-28,1139610047,SCHW,Charles Schwab
2023-04-28,1139610047,SO,Southern Company
2023-04-28,1139610047,SPG,Simon
2023-04-28,1139610047,T,AT&T
2023-04-28,1139610047,TGT,Target
2023-04-28,1139610047,TMO,Thermo Fisher Scientific
2023-04-28,1139610047,TMUS,T-Mobile
2023-04-28,1139610047,TSLA,Tesla
2023-04-28,1139610047,TXN,Texas Instruments
2023-04-28,1139610047,UNH,UnitedHealth Group
2023-04-28,1139610047,UNP,Union Pacific
2023-04-28,1139610047,UPS,United Parcel Service
2023-04-28,1139610047,USB,U.S. Bank
2023-04-28,1139610047,V,Visa
2023-04-28,1139610047,VZ,Verizon
2023-04-28,1139610047,WBA,Walgreens Boots Alliance
2023-04-28,1139610047,WFC,Wells Fargo
2023-04-28,1139610047,WMT,Walmart
2023-04-28,1139610047,XOM,ExxonMobil
2023-05-05,1139610047,AAPL,Apple
2023-05-05,1139610047,ABBV,AbbVie
2023-05-05,1139610047,ABT,Abbott
2023-05-05,1139610047,ACN,Accenture
2023-05-05,1139610047,ADBE,Adobe
2023-05-05,1139610047,AIG,American International Group
2023-05-05,1139610047,AMD,AMD
2023-05-05,1139610047,AMGN,Amgen
2023-05-05,1139610047,AMT,American Tower
2023-05-05,1139610047,AMZN,Amazon
2023-05-05,1139610047,AVGO,Broadcom
2023-05-05,1139610047,AXP,American Express
2023-05-05,1139610047,BA,Boeing
2023-05-05,1139610047,BAC,Bank of America
2023-05-05,1139610047,BK,BNY Mellon
2023-05-05,1139610047,BKNG,Booking Holdings
2023-05-05,1139610047,BLK,BlackRock
2023-05-05,1139610047,BMY,Bristol Myers Squibb
2023-05-05,1139610047,C,Citigroup
2023-05-05,1139610047,CAT,Caterpillar
2023-05-05,1139610047,CHTR,Charter Communications
2023-05-05,1139610047,CL,Colgate-Palmolive
2023-05-05,1139610047,CMCSA,Comcast
2023-05-05,1139610047,COF,Capital One
2023-05-05,1139610047,COP,ConocoPhillips
2023-05-05,1139610047,COST,Costco
2023-05-05,1139610047,CRM,Salesforce
2023-05-05,1139610047,CSCO,Cisco
2023-05-05,1139610047,CVS,CVS Health
2023-05-05,1139610047,CVX,Chevron
2023-05-05,1139610047,DHR,Danaher
2023-05-05,1139610047,DIS,Disney
2023-05-05,1139610047,DOW,Dow
2023-05-05,1139610047,DUK,Duke Energy
2023-05-05,1139610047,EMR,Emerson
2023-05-05,1139610047,EXC,Exelon
2023-05-05,1139610047,F,Ford
2023-05-05,1139610047,FDX,FedEx
2023-05-05,1139610047,GD,General Dynamics
2023-05-05,1139610047,GE,GE
2023-05-05,1139610047,GILD,Gilead
2023-05-05,1139610047,GM,GM
2023-05-05,1139610047,GOOG,Alphabet(Class C)
2023-05-05,1139610047,GOOGL,Alphabet (Class A)
2023-05-05,1139610047,GS,Goldman Sachs
2023-05-05,1139610047,HD,Home Depot
2023-05-05,1139610047,HON,Honeywell
2023-05-05,1139610047,IBM,IBM
2023-05-05,1139610047,INTC,Intel
2023-05-05,1139610047,JNJ,Johnson & Johnson
2023-05-05,1139610047,JPM,JPMorgan Chase
2023-05-05,1139610047,KHC,Kraft Heinz
2023-05-05,1139610047,KO,Coca-Cola
2023-05-05,1139610047,LIN,Linde
2023-05-05,1139610047,LLY,Lilly
2023-05-05,1139610047,LMT,Lockheed Martin
2023-05-05,1139610047,LOW,Lowe's
2023-05-05,1139610047,MA,Mastercard
2023-05-05,1139610047,MCD,McDonald's
2023-05-05,1139610047,MDLZ,Mondelēz International
2023-05-05,1139610047,MDT,Medtronic
2023-05-05,1139610047,MET,MetLife
2023-05-05,1139610047,META,Meta
2023-05-05,1139610047,MMM,3M
2023-05-05,1139610047,MO,Altria
2023-05-05,1139610047,MRK,Merck
2023-05-05,1139610047,MS,Morgan Stanley
2023-05-05,1139610047,MSFT,Microsoft
2023-05-05,1139610047,NEE,NextEra Energy
2023-05-05,1139610047,NFLX,Netflix
2023-05-05,1139610047,NKE,Nike
2023-05-05,1139610047,NVDA,Nvidia
2023-05-05,1139610047,ORCL,Oracle
2023-05-05,1139610047,PEP,PepsiCo
2023-05-05,1139610047,PFE,Pfizer
2023-05-05,1139610047,PG,Procter & Gamble
2023-05-05,1139610047,PM,Philip Morris International
2023-05-05,1139610047,PYPL,PayPal
2023-05-05,1139610047,QCOM,Qualcomm
2023-05-05,1139610047,RTX,Raytheon Technologies
2023-05-05,1139610047,SBUX,Starbucks
2023-05-05,1139610047,SCHW,Charles Schwab
2023-05-05,1139610047,SO,Southern Company
2023-05-05,1139610047,SPG,Simon
2023-05-05,1139610047,T,AT&T
2023-05-05,1139610047,TGT,Target
2023-05-05,1139610047,TMO,Thermo Fisher Scientific
2023-05-05,1139610047,TMUS,T-Mobile
2023-05-05,1139610047,TSLA,Tesla
2023-05-05,1139610047,TXN,Texas Instruments
2023-05-05,1139610047,UNH,UnitedHealth Group
2023-05-05,1139610047,UNP,Union Pacific
2023-05-05,1139610047,UPS,United Parcel Service
2023-05-05,1139610047,USB,U.S. Bank
2023-05-05,1139610047,V,Visa
2023-05-05,1139610047,VZ,Verizon
2023-05-05,1139610047,WBA,Walgreens Boots Alliance
2023-05-05,1139610047,WFC,Wells Fargo
2023-05-05,1139610047,WMT,Walmart
2023-05-05,1139610047,XOM,ExxonMobil
2023-05-12,1139610047,AAPL,Apple
2023-05-12,1139610047,ABBV,AbbVie
2023-05-12,1139610047,ABT,Abbott
2023-05-12,1139610047,ACN,Accenture
2023-05-12,1139610047,ADBE,Adobe
2023-05-12,1139610047,AIG,American International Group
2023-05-12,1139610047,AMD,AMD
2023-05-12,1139610047,AMGN,Amgen
2023-05-12,1139610047,AMT,American Tower
2023-05-12,1139610047,AMZN,Amazon
2023-05-12,1139610047,AVGO,Broadcom
2023-05-12,1139610047,AXP,American Express
2023-05-12,1139610047,BA,Boeing
2023-05-12,1139610047,BAC,Bank of America
2023-05-12,1139610047,BK,BNY Mellon
2023-05-12,1139610047,BKNG,Booking Holdings
2023-05-12,1139610047,BLK,BlackRock
2023-05-12,1139610047,BMY,Bristol Myers Squibb
2023-05-12,1139610047,C,Citigroup
2023-05-12,1139610047,CAT,Caterpillar
2023-05-12,1139610047,CHTR,Charter Communications
2023-05-12,1139610047,CL,Colgate-Palmolive
2023-05-12,1139610047,CMCSA,Comcast
2023-05-12,1139610047,COF,Capital One
2023-05-12,1139610047,COP,ConocoPhillips
2023-05-12,1139610047,COST,Costco
2023-05-12,1139610047,CRM,Salesforce
2023-05-12,1139610047,CSCO,Cisco
2023-05-12,1139610047,CVS,CVS Health
2023-05-12,1139610047,CVX,Chevron
2023-05-12,1139610047,DHR,Danaher
2023-05-12,1139610047,DIS,Disney
2023-05-12,1139610047,DOW,Dow
2023-05-12,1139610047,DUK,Duke Energy
2023-05-12,1139610047,EMR,Emerson
2023-05-12,1139610047,EXC,Exelon
2023-05-12,1139610047,F,Ford
2023-05-12,1139610047,FDX,FedEx
2023-05-12,1139610047,GD,General Dynamics
2023-05-12,1139610047,GE,GE
2023-05-12,1139610047,GILD,Gilead
2023-05-12,1139610047,GM,GM
2023-05-12,1139610047,GOOG,Alphabet(Class C)
2023-05-12,1139610047,GOOGL,Alphabet (Class A)
2023-05-12,1139610047,GS,Goldman Sachs
2023-05-12,1139610047,HD,Home Depot
2023-05-12,1139610047,HON,Honeywell
2023-05-12,1139610047,IBM,IBM
2023-05-12,1139610047,INTC,Intel
2023-05-12,1139610047,JNJ,Johnson & Johnson
2023-05-12,1139610047,JPM,JPMorgan Chase
2023-05-12,1139610047,KHC,Kraft Heinz
2023-05-12,1139610047,KO,Coca-Cola
2023-05-12,1139610047,LIN,Linde
2023-05-12,1139610047,LLY,Lilly
2023-05-12,1139610047,LMT,Lockheed Martin
2023-05-12,1139610047,LOW,Lowe's
2023-05-12,1139610047,MA,Mastercard
2023-05-12,1139610047,MCD,McDonald's
2023-05-12,1139610047,MDLZ,Mondelēz International
2023-05-12,1139610047,MDT,Medtronic
2023-05-12,1139610047,MET,MetLife
2023-05-12,1139610047,META,Meta
2023-05-12,1139610047,MMM,3M
2023-05-12,1139610047,MO,Altria
2023-05-12,1139610047,MRK,Merck
2023-05-12,1139610047,MS,Morgan Stanley
2023-05-12,1139610047,MSFT,Microsoft
2023-05-12,1139610047,NEE,NextEra Energy
2023-05-12,1139610047,NFLX,Netflix
2023-05-12,1139610047,NKE,Nike
2023-05-12,1139610047,NVDA,Nvidia
2023-05-12,1139610047,ORCL,Oracle
2023-05-12,1139610047,PEP,PepsiCo
2023-05-12,1139610047,PFE,Pfizer
2023-05-12,1139610047,PG,Procter & Gamble
2023-05-12,1139610047,PM,Philip Morris International
2023-05-12,1139610047,PYPL,PayPal
2023-05-12,1139610047,QCOM,Qualcomm
2023-05-12,1139610047,RTX,Raytheon Technologies
2023-05-12,1139610047,SBUX,Starbucks
2023-05-12,1139610047,SCHW,Charles Schwab
2023-05-12,1139610047,SO,Southern Company
2023-05-12,1139610047,SPG,Simon
2023-05-12,1139610047,T,AT&T
2023-05-12,1139610047,TGT,Target
2023-05-12,1139610047,TMO,Thermo Fisher Scientific
2023-05-12,1139610047,TMUS,T-Mobile
2023-05-12,1139610047,TSLA,Tesla
2023-05-12,1139610047,TXN,Texas Instruments
2023-05-12,1139610047,UNH,UnitedHealth Group
2023-05-12,1139610047,UNP,Union Pacific
2023-05-12,1139610047,UPS,United Parcel Service
2023-05-12,1139610047,USB,U.S. Bank
2023-05-12,1139610047,V,Visa
2023-05-12,1139610047,VZ,Verizon
2023-05-12,1139610047,WBA,Walgreens Boots Alliance
2023-05-12,1139610047,WFC,Wells Fargo
2023-05-12,1139610047,WMT,Walmart
2023-05-12,1139610047,XOM,ExxonMobil
2023-05-19,1139610047,AAPL,Apple
2023-05-19,1139610047,ABBV,AbbVie
2023-05-19,1139610047,ABT,Abbott
2023-05-19,1139610047,ACN,Accenture
2023-05-19,1139610047,ADBE,Adobe
2023-05-19,1139610047,AIG,American International Group
2023-05-19,1139610047,AMD,AMD
2023-05-19,1139610047,AMGN,Amgen
2023-05-19,1139610047,AMT,American Tower
2023-05-19,1139610047,AMZN,Amazon
2023-05-19,1139610047,AVGO,Broadcom
2023-05-19,1139610047,AXP,American Express
2023-05-19,1139610047,BA,Boeing
2023-05-19,1139610047,BAC,Bank of America
2023-05-19,1139610047,BK,BNY Mellon
2023-05-19,1139610047,BKNG,Booking Holdings
2023-05-19,1139610047,BLK,BlackRock
2023-05-19,1139610047,BMY,Bristol Myers Squibb
2023-05-19,1139610047,C,Citigroup
2023-05-19,1139610047,CAT,Caterpillar
2023-05-19,1139610047,CHTR,Charter Communications
2023-05-19,1139610047,CL,Colgate-Palmolive
2023-05-19,1139610047,CMCSA,Comcast
2023-05-19,1139610047,COF,Capital One
2023-05-19,1139610047,COP,ConocoPhillips
2023-05-19,1139610047,COST,Costco
2023-05-19,1139610047,CRM,Salesforce
2023-05-19,1139610047,CSCO,Cisco
2023-05-19,1139610047,CVS,CVS Health
2023-05-19,1139610047,CVX,Chevron
2023-05-19,1139610047,DHR,Danaher
2023-05-19,1139610047,DIS,Disney
2023-05-19,1139610047,DOW,Dow
2023-05-19,1139610047,DUK,Duke Energy
2023-05-19,1139610047,EMR,Emerson
2023-05-19,1139610047,EXC,Exelon
2023-05-19,1139610047,F,Ford
2023-05-19,1139610047,FDX,FedEx
2023-05-19,1139610047,GD,General Dynamics
2023-05-19,1139610047,GE,GE
2023-05-19,1139610047,GILD,Gilead
2023-05-19,1139610047,GM,GM
2023-05-19,1139610047,GOOG,Alphabet(Class C)
2023-05-19,1139610047,GOOGL,Alphabet (Class A)
2023-05-19,1139610047,GS,Goldman Sachs
2023-05-19,1139610047,HD,Home Depot
2023-05-19,1139610047,HON,Honeywell
2023-05-19,1139610047,IBM,IBM
2023-05-19,1139610047,INTC,Intel
2023-05-19,1139610047,JNJ,Johnson & Johnson
2023-05-19,1139610047,JPM,JPMorgan Chase
2023-05-19,1139610047,KHC,Kraft Heinz
2023-05-19,1139610047,KO,Coca-Cola
2023-05-19,1139610047,LIN,Linde
2023-05-19,1139610047,LLY,Lilly
2023-05-19,1139610047,LMT,Lockheed Martin
2023-05-19,1139610047,LOW,Lowe's
2023-05-19,1139610047,MA,Mastercard
2023-05-19,1139610047,MCD,McDonald's
2023-05-19,1139610047,MDLZ,Mondelēz International
2023-05-19,1139610047,MDT,Medtronic
2023-05-19,1139610047,MET,MetLife
2023-05-19,1139610047,META,Meta
2023-05-19,1139610047,MMM,3M
2023-05-19,1139610047,MO,Altria
2023-05-19,1139610047,MRK,Merck
2023-05-19,1139610047,MS,Morgan Stanley
2023-05-19,1139610047,MSFT,Microsoft
2023-05-19,1139610047,NEE,NextEra Energy
2023-05-19,1139610047,NFLX,Netflix
2023-05-19,1139610047,NKE,Nike
2023-05-19,1139610047,NVDA,Nvidia
2023-05-19,1139610047,ORCL,Oracle
2023-05-19,1139610047,PEP,PepsiCo
2023-05-19,1139610047,PFE,Pfizer
2023-05-19,1139610047,PG,Procter & Gamble
2023-05-19,1139610047,PM,Philip Morris International
2023-05-19,1139610047,PYPL,PayPal
2023-05-19,1139610047,QCOM,Qualcomm
2023-05-19,1139610047,RTX,Raytheon Technologies
2023-05-19,1139610047,SBUX,Starbucks
2023-05-19,1139610047,SCHW,Charles Schwab
2023-05-19,1139610047,SO,Southern Company
2023-05-19,1139610047,SPG,Simon
2023-05-19,1139610047,T,AT&T
2023-05-19,1139610047,TGT,Target
2023-05-19,1139610047,TMO,Thermo Fisher Scientific
2023-05-19,1139610047,TMUS,T-Mobile
2023-05-19,1139610047,TSLA,Tesla
2023-05-19,1139610047,TXN,Texas Instruments
2023-05-19,1139610047,UNH,UnitedHealth Group
2023-05-19,1139610047,UNP,Union Pacific
2023-05-19,1139610047,UPS,United Parcel Service
2023-05-19,1139610047,USB,U.S. Bank
2023-05-19,1139610047,V,Visa
2023-05-19,1139610047,VZ,Verizon
2023-05-19,1139610047,WBA,Walgreens Boots Alliance
2023-05-19,1139610047,WFC,Wells Fargo
2023-05-19,1139610047,WMT,Walmart
2023-05-19,1139610047,XOM,ExxonMobil
2023-05-26,1139610047,AAPL,Apple
2023-05-26,1139610047,ABBV,AbbVie
2023-05-26,1139610047,ABT,Abbott
2023-05-26,1139610047,ACN,Accenture
2023-05-26,1139610047,ADBE,Adobe
2023-05-26,1139610047,AIG,American International Group
2023-05-26,1139610047,AMD,AMD
2023-05-26,1139610047,AMGN,Amgen
2023-05-26,1139610047,AMT,American Tower
2023-05-26,1139610047,AMZN,Amazon
2023-05-26,1139610047,AVGO,Broadcom
2023-05-26,1139610047,AXP,American Express
2023-05-26,1139610047,BA,Boeing
2023-05-26,1139610047,BAC,Bank of America
2023-05-26,1139610047,BK,BNY Mellon
2023-05-26,1139610047,BKNG,Booking Holdings
2023-05-26,1139610047,BLK,BlackRock
2023-05-26,1139610047,BMY,Bristol Myers Squibb
2023-05-26,1139610047,C,Citigroup
2023-05-26,1139610047,CAT,Caterpillar
2023-05-26,1139610047,CHTR,Charter Communications
2023-05-26,1139610047,CL,Colgate-Palmolive
2023-05-26,1139610047,CMCSA,Comcast
2023-05-26,1139610047,COF,Capital One
2023-05-26,1139610047,COP,ConocoPhillips
2023-05-26,1139610047,COST,Costco
2023-05-26,1139610047,CRM,Salesforce
2023-05-26,1139610047,CSCO,Cisco
2023-05-26,1139610047,CVS,CVS Health
2023-05-26,1139610047,CVX,Chevron
2023-05-26,1139610047,DHR,Danaher
2023-05-26,1139610047,DIS,Disney
2023-05-26,1139610047,DOW,Dow
2023-05-26,1139610047,DUK,Duke Energy
2023-05-26,1139610047,EMR,Emerson
2023-05-26,1139610047,EXC,Exelon
2023-05-26,1139610047,F,Ford
2023-05-26,1139610047,FDX,FedEx
2023-05-26,1139610047,GD,General Dynamics
2023-05-26,1139610047,GE,GE
2023-05-26,1139610047,GILD,Gilead
2023-05-26,1139610047,GM,GM
2023-05-26,1139610047,GOOG,Alphabet(Class C)
2023-05-26,1139610047,GOOGL,Alphabet (Class A)
2023-05-26,1139610047,GS,Goldman Sachs
2023-05-26,1139610047,HD,Home Depot
2023-05-26,1139610047,HON,Honeywell
2023-05-26,1139610047,IBM,IBM
2023-05-26,1139610047,INTC,Intel
2023-05-26,1139610047,JNJ,Johnson & Johnson
2023-05-26,1139610047,JPM,JPMorgan Chase
2023-05-26,1139610047,KHC,Kraft Heinz
2023-05-26,1139610047,KO,Coca-Cola
2023-05-26,1139610047,LIN,Linde
2023-05-26,1139610047,LLY,Lilly
2023-05-26,1139610047,LMT,Lockheed Martin
2023-05-26,1139610047,LOW,Lowe's
2023-05-26,1139610047,MA,Mastercard
2023-05-26,1139610047,MCD,McDonald's
2023-05-26,1139610047,MDLZ,Mondelēz International
2023-05-26,1139610047,MDT,Medtronic
2023-05-26,1139610047,MET,MetLife
2023-05-26,1139610047,META,Meta
2023-05-26,1139610047,MMM,3M
2023-05-26,1139610047,MO,Altria
2023-05-26,1139610047,MRK,Merck
2023-05-26,1139610047,MS,Morgan Stanley
2023-05-26,1139610047,MSFT,Microsoft
2023-05-26,1139610047,NEE,NextEra Energy
2023-05-26,1139610047,NFLX,Netflix
2023-05-26,1139610047,NKE,Nike
2023-05-26,1139610047,NVDA,Nvidia
2023-05-26,1139610047,ORCL,Oracle
2023-05-26,1139610047,PEP,PepsiCo
2023-05-26,1139610047,PFE,Pfizer
2023-05-26,1139610047,PG,Procter & Gamble
2023-05-26,1139610047,PM,Philip Morris International
2023-05-26,1139610047,PYPL,PayPal
2023-05-26,1139610047,QCOM,Qualcomm
2023-05-26,1139610047,RTX,Raytheon Technologies
2023-05-26,1139610047,SBUX,Starbucks
2023-05-26,1139610047,SCHW,Charles Schwab
2023-05-26,1139610047,SO,Southern Company
2023-05-26,1139610047,SPG,Simon
2023-05-26,1139610047,T,AT&T
2023-05-26,1139610047,TGT,Target
2023-05-26,1139610047,TMO,Thermo Fisher Scientific
2023-05-26,1139610047,TMUS,T-Mobile
2023-05-26,1139610047,TSLA,Tesla
2023-05-26,1139610047,TXN,Texas Instruments
2023-05-26,1139610047,UNH,UnitedHealth Group
2023-05-26,1139610047,UNP,Union Pacific
2023-05-26,1139610047,UPS,United Parcel Service
2023-05-26,1139610047,USB,U.S. Bank
2023-05-26,1139610047,V,Visa
2023-05-26,1139610047,VZ,Verizon
2023-05-26,1139610047,WBA,Walgreens Boots Alliance
2023-05-26,1139610047,WFC,Wells Fargo
2023-05-26,1139610047,WMT,Walmart
2023-05-26,1139610047,XOM,ExxonMobil
2023-06-02,1139610047,AAPL,Apple
2023-06-02,1139610047,ABBV,AbbVie
2023-06-02,1139610047,ABT,Abbott
2023-06-02,1139610047,ACN,Accenture
2023-06-02,1139610047,ADBE,Adobe
2023-06-02,1139610047,AIG,American International Group
2023-06-02,1139610047,AMD,AMD
2023-06-02,1139610047,AMGN,Amgen
2023-06-02,1139610047,AMT,American Tower
2023-06-02,1139610047,AMZN,Amazon
2023-06-02,1139610047,AVGO,Broadcom
2023-06-02,1139610047,AXP,American Express
2023-06-02,1139610047,BA,Boeing
2023-06-02,1139610047,BAC,Bank of America
2023-06-02,1139610047,BK,BNY Mellon
2023-06-02,1139610047,BKNG,Booking Holdings
2023-06-02,1139610047,BLK,BlackRock
2023-06-02,1139610047,BMY,Bristol Myers Squibb
2023-06-02,1139610047,C,Citigroup
2023-06-02,1139610047,CAT,Caterpillar
2023-06-02,1139610047,CHTR,Charter Communications
2023-06-02,1139610047,CL,Colgate-Palmolive
2023-06-02,1139610047,CMCSA,Comcast
2023-06-02,1139610047,COF,Capital One
2023-06-02,1139610047,COP,ConocoPhillips
2023-06-02,1139610047,COST,Costco
2023-06-02,1139610047,CRM,Salesforce
2023-06-02,1139610047,CSCO,Cisco
2023-06-02,1139610047,CVS,CVS Health
2023-06-02,1139610047,CVX,Chevron
2023-06-02,1139610047,DHR,Danaher
2023-06-02,1139610047,DIS,Disney
2023-06-02,1139610047,DOW,Dow
2023-06-02,1139610047,DUK,Duke Energy
2023-06-02,1139610047,EMR,Emerson
2023-06-02,1139610047,EXC,Exelon
2023-06-02,1139610047,F,Ford
2023-06-02,1139610047,FDX,FedEx
2023-06-02,1139610047,GD,General Dynamics
2023-06-02,1139610047,GE,GE
2023-06-02,1139610047,GILD,Gilead
2023-06-02,1139610047,GM,GM
2023-06-02,1139610047,GOOG,Alphabet(Class C)
2023-06-02,1139610047,GOOGL,Alphabet (Class A)
2023-06-02,1139610047,GS,Goldman Sachs
2023-06-02,1139610047,HD,Home Depot
2023-06-02,1139610047,HON,Honeywell
2023-06-02,1139610047,IBM,IBM
2023-06-02,1139610047,INTC,Intel
2023-06-02,1139610047,JNJ,Johnson & Johnson
2023-06-02,1139610047,JPM,JPMorgan Chase
2023-06-02,1139610047,KHC,Kraft Heinz
2023-06-02,1139610047,KO,Coca-Cola
2023-06-02,1139610047,LIN,Linde
2023-06-02,1139610047,LLY,Lilly
2023-06-02,1139610047,LMT,Lockheed Martin
2023-06-02,1139610047,LOW,Lowe's
2023-06-02,1139610047,MA,Mastercard
2023-06-02,1139610047,MCD,McDonald's
2023-06-02,1139610047,MDLZ,Mondelēz International
2023-06-02,1139610047,MDT,Medtronic
2023-06-02,1139610047,MET,MetLife
2023-06-02,1139610047,META,Meta
2023-06-02,1139610047,MMM,3M
2023-06-02,1139610047,MO,Altria
2023-06-02,1139610047,MRK,Merck
2023-06-02,1139610047,MS,Morgan Stanley
2023-06-02,1139610047,MSFT,Microsoft
2023-06-02,1139610047,NEE,NextEra Energy
2023-06-02,1139610047,NFLX,Netflix
2023-06-02,1139610047,NKE,Nike
2023-06-02,1139610047,NVDA,Nvidia
2023-06-02,1139610047,ORCL,Oracle
2023-06-02,1139610047,PEP,PepsiCo
2023-06-02,1139610047,PFE,Pfizer
2023-06-02,1139610047,PG,Procter & Gamble
2023-06-02,1139610047,PM,Philip Morris International
2023-06-02,1139610047,PYPL,PayPal
2023-06-02,1139610047,QCOM,Qualcomm
2023-06-02,1139610047,RTX,Raytheon Technologies
2023-06-02,1139610047,SBUX,Starbucks
2023-06-02,1139610047,SCHW,Charles Schwab
2023-06-02,1139610047,SO,Southern Company
2023-06-02,1139610047,SPG,Simon
2023-06-02,1139610047,T,AT&T
2023-06-02,1139610047,TGT,Target
2023-06-02,1139610047,TMO,Thermo Fisher Scientific
2023-06-02,1139610047,TMUS,T-Mobile
2023-06-02,1139610047,TSLA,Tesla
2023-06-02,1139610047,TXN,Texas Instruments
2023-06-02,1139610047,UNH,UnitedHealth Group
2023-06-02,1139610047,UNP,Union Pacific
2023-06-02,1139610047,UPS,United Parcel Service
2023-06-02,1139610047,USB,U.S. Bank
2023-06-02,1139610047,V,Visa
2023-06-02,1139610047,VZ,Verizon
2023-06-02,1139610047,WBA,Walgreens Boots Alliance
2023-06-02,1139610047,WFC,Wells Fargo
2023-06-02,1139610047,WMT,Walmart
2023-06-02,1139610047,XOM,ExxonMobil
2023-06-09,1139610047,AAPL,Apple
2023-06-09,1139610047,ABBV,AbbVie
2023-06-09,1139610047,ABT,Abbott
2023-06-09,1139610047,ACN,Accenture
2023-06-09,1139610047,ADBE,Adobe
2023-06-09,1139610047,AIG,American International Group
2023-06-09,1139610047,AMD,AMD
2023-06-09,1139610047,AMGN,Amgen
2023-06-09,1139610047,AMT,American Tower
2023-06-09,1139610047,AMZN,Amazon
2023-06-09,1139610047,AVGO,Broadcom
2023-06-09,1139610047,AXP,American Express
2023-06-09,1139610047,BA,Boeing
2023-06-09,1139610047,BAC,Bank of America
2023-06-09,1139610047,BK,BNY Mellon
2023-06-09,1139610047,BKNG,Booking Holdings
2023-06-09,1139610047,BLK,BlackRock
2023-06-09,1139610047,BMY,Bristol Myers Squibb
2023-06-09,1139610047,C,Citigroup
2023-06-09,1139610047,CAT,Caterpillar
2023-06-09,1139610047,CHTR,Charter Communications
2023-06-09,1139610047,CL,Colgate-Palmolive
2023-06-09,1139610047,CMCSA,Comcast
2023-06-09,1139610047,COF,Capital One
2023-06-09,1139610047,COP,ConocoPhillips
2023-06-09,1139610047,COST,Costco
2023-06-09,1139610047,CRM,Salesforce
2023-06-09,1139610047,CSCO,Cisco
2023-06-09,1139610047,CVS,CVS Health
2023-06-09,1139610047,CVX,Chevron
2023-06-09,1139610047,DHR,Danaher
2023-06-09,1139610047,DIS,Disney
2023-06-09,1139610047,DOW,Dow
2023-06-09,1139610047,DUK,Duke Energy
2023-06-09,1139610047,EMR,Emerson
2023-06-09,1139610047,EXC,Exelon
2023-06-09,1139610047,F,Ford
2023-06-09,1139610047,FDX,FedEx
2023-06-09,1139610047,GD,General Dynamics
2023-06-09,1139610047,GE,GE
2023-06-09,1139610047,GILD,Gilead
2023-06-09,1139610047,GM,GM
2023-06-09,1139610047,GOOG,Alphabet(Class C)
2023-06-09,1139610047,GOOGL,Alphabet (Class A)
2023-06-09,1139610047,GS,Goldman Sachs
2023-06-09,1139610047,HD,Home Depot
2023-06-09,1139610047,HON,Honeywell
2023-06-09,1139610047,IBM,IBM
2023-06-09,1139610047,INTC,Intel
2023-06-09,1139610047,JNJ,Johnson & Johnson
2023-06-09,1139610047,JPM,JPMorgan Chase
2023-06-09,1139610047,KHC,Kraft Heinz
2023-06-09,1139610047,KO,Coca-Cola
2023-06-09,1139610047,LIN,Linde
2023-06-09,1139610047,LLY,Lilly
2023-06-09,1139610047,LMT,Lockheed Martin
2023-06-09,1139610047,LOW,Lowe's
2023-06-09,1139610047,MA,Mastercard
2023-06-09,1139610047,MCD,McDonald's
2023-06-09,1139610047,MDLZ,Mondelēz International
2023-06-09,1139610047,MDT,Medtronic
2023-06-09,1139610047,MET,MetLife
2023-06-09,1139610047,META,Meta
2023-06-09,1139610047,MMM,3M
2023-06-09,1139610047,MO,Altria
2023-06-09,1139610047,MRK,Merck
2023-06-09,1139610047,MS,Morgan Stanley
2023-06-09,1139610047,MSFT,Microsoft
2023-06-09,1139610047,NEE,NextEra Energy
2023-06-09,1139610047,NFLX,Netflix
2023-06-09,1139610047,NKE,Nike
2023-06-09,1139610047,NVDA,Nvidia
2023-06-09,1139610047,ORCL,Oracle
2023-06-09,1139610047,PEP,PepsiCo
2023-06-09,1139610047,PFE,Pfizer
2023-06-09,1139610047,PG,Procter & Gamble
2023-06-09,1139610047,PM,Philip Morris International
2023-06-09,1139610047,PYPL,PayPal
2023-06-09,1139610047,QCOM,Qualcomm
2023-06-09,1139610047,RTX,Raytheon Technologies
2023-06-09,1139610047,SBUX,Starbucks
2023-06-09,1139610047,SCHW,Charles Schwab
2023-06-09,1139610047,SO,Southern Company
2023-06-09,1139610047,SPG,Simon
2023-06-09,1139610047,T,AT&T
2023-06-09,1139610047,TGT,Target
2023-06-09,1139610047,TMO,Thermo Fisher Scientific
2023-06-09,1139610047,TMUS,T-Mobile
2023-06-09,1139610047,TSLA,Tesla
2023-06-09,1139610047,TXN,Texas Instruments
2023-06-09,1139610047,UNH,UnitedHealth Group
2023-06-09,1139610047,UNP,Union Pacific
2023-06-09,1139610047,UPS,United Parcel Service
2023-06-09,1139610047,USB,U.S. Bank
2023-06-09,1139610047,V,Visa
2023-06-09,1139610047,VZ,Verizon
2023-06-09,1139610047,WBA,Walgreens Boots Alliance
2023-06-09,1139610047,WFC,Wells Fargo
2023-06-09,1139610047,WMT,Walmart
2023-06-09,1139610047,XOM,ExxonMobil
2023-06-16,1160049857,AAPL,Apple
2023-06-16,1160049857,ABBV,AbbVie
2023-06-16,1160049857,ABT,Abbott
2023-06-16,1160049857,ACN,Accenture
2023-06-16,1160049857,ADBE,Adobe
2023-06-16,1160049857,AIG,American International Group
2023-06-16,1160049857,AMD,AMD
2023-06-16,1160049857,AMGN,Amgen
2023-06-16,1160049857,AMT,American Tower
2023-06-16,1160049857,AMZN,Amazon
2023-06-16,1160049857,AVGO,Broadcom
2023-06-16,1160049857,AXP,American Express
2023-06-16,1160049857,BA,Boeing
2023-06-16,1160049857,BAC,Bank of America
2023-06-16,1160049857,BK,BNY Mellon
2023-06-16,1160049857,BKNG,Booking Holdings
2023-06-16,1160049857,BLK,BlackRock
2023-06-16,1160049857,BMY,Bristol Myers Squibb
2023-06-16,1160049857,C,Citigroup
2023-06-16,1160049857,CAT,Caterpillar
2023-06-16,1160049857,CHTR,Charter Communications
2023-06-16,1160049857,CL,Colgate-Palmolive
2023-06-16,1160049857,CMCSA,Comcast
2023-06-16,1160049857,COF,Capital One
2023-06-16,1160049857,COP,ConocoPhillips
2023-06-16,1160049857,COST,Costco
2023-06-16,1160049857,CRM,Salesforce
2023-06-16,1160049857,CSCO,Cisco
2023-06-16,1160049857,CVS,CVS Health
2023-06-16,1160049857,CVX,Chevron
2023-06-16,1160049857,DHR,Danaher
2023-06-16,1160049857,DIS,Disney
2023-06-16,1160049857,DOW,Dow
2023-06-16,1160049857,DUK,Duke Energy
2023-06-16,1160049857,EMR,Emerson
2023-06-16,1160049857,EXC,Exelon
2023-06-16,1160049857,F,Ford
2023-06-16,1160049857,FDX,FedEx
2023-06-16,1160049857,GD,General Dynamics
2023-06-16,1160049857,GE,GE
2023-06-16,1160049857,GILD,Gilead
2023-06-16,1160049857,GM,GM
2023-06-16,1160049857,GOOG,Alphabet(Class C)
2023-06-16,1160049857,GOOGL,Alphabet (Class A)
2023-06-16,1160049857,GS,Goldman Sachs
2023-06-16,1160049857,HD,Home Depot
2023-06-16,1160049857,HON,Honeywell
2023-06-16,1160049857,IBM,IBM
2023-06-16,1160049857,INTC,Intel
2023-06-16,1160049857,JNJ,Johnson & Johnson
2023-06-16,1160049857,JPM,JPMorgan Chase
2023-06-16,1160049857,KHC,Kraft Heinz
2023-06-16,1160049857,KO,Coca-Cola
2023-06-16,1160049857,LIN,Linde
2023-06-16,1160049857,LLY,Lilly
2023-06-16,1160049857,LMT,Lockheed Martin
2023-06-16,1160049857,LOW,Lowe's
2023-06-16,1160049857,MA,Mastercard
2023-06-16,1160049857,MCD,McDonald's
2023-06-16,1160049857,MDLZ,Mondelēz International
2023-06-16,1160049857,MDT,Medtronic
2023-06-16,1160049857,MET,MetLife
2023-06-16,1160049857,META,Meta
2023-06-16,1160049857,MMM,3M
2023-06-16,1160049857,MO,Altria
2023-06-16,1160049857,MRK,Merck
2023-06-16,1160049857,MS,Morgan Stanley
2023-06-16,1160049857,MSFT,Microsoft
2023-06-16,1160049857,NEE,NextEra Energy
2023-06-16,1160049857,NFLX,Netflix
2023-06-16,1160049857,NKE,Nike
2023-06-16,1160049857,NVDA,Nvidia
2023-06-16,1160049857,ORCL,Oracle
2023-06-16,1160049857,PEP,PepsiCo
2023-06-16,1160049857,PFE,Pfizer
2023-06-16,1160049857,PG,Procter & Gamble
2023-06-16,1160049857,PM,Philip Morris International
2023-06-16,1160049857,PYPL,PayPal
2023-06-16,1160049857,QCOM,Qualcomm
2023-06-16,1160049857,RTX,Raytheon Technologies
2023-06-16,1160049857,SBUX,Starbucks
2023-06-16,1160049857,SCHW,Charles Schwab
2023-06-16,1160049857,SO,Southern Company
2023-06-16,1160049857,SPG,Simon
2023-06-16,1160049857,T,AT&T
2023-06-16,1160049857,TGT,Target
2023-06-16,1160049857,TMO,Thermo Fisher Scientific
2023-06-16,1160049857,TMUS,T-Mobile
2023-06-16,1160049857,TSLA,Tesla
2023-06-16,1160049857,TXN,Texas Instruments
2023-06-16,1160049857,UNH,UnitedHealth Group
2023-06-16,1160049857,UNP,Union Pacific
2023-06-16,1160049857,UPS,United Parcel Service
2023-06-16,1160049857,USB,U.S. Bank
2023-06-16,1160049857,V,Visa
2023-06-16,1160049857,VZ,Verizon
2023-06-16,1160049857,WBA,Walgreens Boots Alliance
2023-06-16,1160049857,WFC,Wells Fargo
2023-06-16,1160049857,WMT,Walmart
2023-06-16,1160049857,XOM,ExxonMobil
2023-06-23,1160049857,AAPL,Apple
2023-06-23,1160049857,ABBV,AbbVie
2023-06-23,1160049857,ABT,Abbott
2023-06-23,1160049857,ACN,Accenture
2023-06-23,1160049857,ADBE,Adobe
2023-06-23,1160049857,AIG,American International Group
2023-06-23,1160049857,AMD,AMD
2023-06-23,1160049857,AMGN,Amgen
2023-06-23,1160049857,AMT,American Tower
2023-06-23,1160049857,AMZN,Amazon
2023-06-23,1160049857,AVGO,Broadcom
2023-06-23,1160049857,AXP,American Express
2023-06-23,1160049857,BA,Boeing
2023-06-23,1160049857,BAC,Bank of America
2023-06-23,1160049857,BK,BNY Mellon
2023-06-23,1160049857,BKNG,Booking Holdings
2023-06-23,1160049857,BLK,BlackRock
2023-06-23,1160049857,BMY,Bristol Myers Squibb
2023-06-23,1160049857,C,Citigroup
2023-06-23,1160049857,CAT,Caterpillar
2023-06-23,1160049857,CHTR,Charter Communications
2023-06-23,1160049857,CL,Colgate-Palmolive
2023-06-23,1160049857,CMCSA,Comcast
2023-06-23,1160049857,COF,Capital One
2023-06-23,1160049857,COP,ConocoPhillips
2023-06-23,1160049857,COST,Costco
2023-06-23,1160049857,CRM,Salesforce
2023-06-23,1160049857,CSCO,Cisco
2023-06-23,1160049857,CVS,CVS Health
2023-06-23,1160049857,CVX,Chevron
2023-06-23,1160049857,DHR,Danaher
2023-06-23,1160049857,DIS,Disney
2023-06-23,1160049857,DOW,Dow
2023-06-23,1160049857,DUK,Duke Energy
2023-06-23,1160049857,EMR,Emerson
2023-06-23,1160049857,EXC,Exelon
2023-06-23,1160049857,F,Ford
2023-06-23,1160049857,FDX,FedEx
2023-06-23,1160049857,GD,General Dynamics
2023-06-23,1160049857,GE,GE
2023-06-23,1160049857,GILD,Gilead
2023-06-23,1160049857,GM,GM
2023-06-23,1160049857,GOOG,Alphabet(Class C)
2023-06-23,1160049857,GOOGL,Alphabet (Class A)
2023-06-23,1160049857,GS,Goldman Sachs
2023-06-23,1160049857,HD,Home Depot
2023-06-23,1160049857,HON,Honeywell
2023-06-23,1160049857,IBM,IBM
2023-06-23,1160049857,INTC,Intel
2023-06-23,1160049857,JNJ,Johnson & Johnson
2023-06-23,1160049857,JPM,JPMorgan Chase
2023-06-23,1160049857,KHC,Kraft Heinz
2023-06-23,1160049857,KO,Coca-Cola
2023-06-23,1160049857,LIN,Linde
2023-06-23,1160049857,LLY,Lilly
2023-06-23,1160049857,LMT,Lockheed Martin
2023-06-23,1160049857,LOW,Lowe's
2023-06-23,1160049857,MA,Mastercard
2023-06-23,1160049857,MCD,McDonald's
2023-06-23,1160049857,MDLZ,Mondelēz International
2023-06-23,1160049857,MDT,Medtronic
2023-06-23,1160049857,MET,MetLife
2023-06-23,1160049857,META,Meta
2023-06-23,1160049857,MMM,3M
2023-06-23,1160049857,MO,Altria
2023-06-23,1160049857,MRK,Merck
2023-06-23,1160049857,MS,Morgan Stanley
2023-06-23,1160049857,MSFT,Microsoft
2023-06-23,1160049857,NEE,NextEra Energy
2023-06-23,1160049857,NFLX,Netflix
2023-06-23,1160049857,NKE,Nike
2023-06-23,1160049857,NVDA,Nvidia
2023-06-23,1160049857,ORCL,Oracle
2023-06-23,1160049857,PEP,PepsiCo
2023-06-23,1160049857,PFE,Pfizer
2023-06-23,1160049857,PG,Procter & Gamble
2023-06-23,1160049857,PM,Philip Morris International
2023-06-23,1160049857,PYPL,PayPal
2023-06-23,1160049857,QCOM,Qualcomm
2023-06-23,1160049857,RTX,Raytheon Technologies
2023-06-23,1160049857,SBUX,Starbucks
2023-06-23,1160049857,SCHW,Charles Schwab
2023-06-23,1160049857,SO,Southern Company
2023-06-23,1160049857,SPG,Simon
2023-06-23,1160049857,T,AT&T
2023-06-23,1160049857,TGT,Target
2023-06-23,1160049857,TMO,Thermo Fisher Scientific
2023-06-23,1160049857,TMUS,T-Mobile
2023-06-23,1160049857,TSLA,Tesla
2023-06-23,1160049857,TXN,Texas Instruments
2023-06-23,1160049857,UNH,UnitedHealth Group
2023-06-23,1160049857,UNP,Union Pacific
2023-06-23,1160049857,UPS,United Parcel Service
2023-06-23,1160049857,USB,U.S. Bank
2023-06-23,1160049857,V,Visa
2023-06-23,1160049857,VZ,Verizon
2023-06-23,1160049857,WBA,Walgreens Boots Alliance
2023-06-23,1160049857,WFC,Wells Fargo
2023-06-23,1160049857,WMT,Walmart
2023-06-23,1160049857,XOM,ExxonMobil
2023-06-30,1160049857,AAPL,Apple
2023-06-30,1160049857,ABBV,AbbVie
2023-06-30,1160049857,ABT,Abbott
2023-06-30,1160049857,ACN,Accenture
2023-06-30,1160049857,ADBE,Adobe
2023-06-30,1160049857,AIG,American International Group
2023-06-30,1160049857,AMD,AMD
2023-06-30,1160049857,AMGN,Amgen
2023-06-30,1160049857,AMT,American Tower
2023-06-30,1160049857,AMZN,Amazon
2023-06-30,1160049857,AVGO,Broadcom
2023-06-30,1160049857,AXP,American Express
2023-06-30,1160049857,BA,Boeing
2023-06-30,1160049857,BAC,Bank of America
2023-06-30,1160049857,BK,BNY Mellon
2023-06-30,1160049857,BKNG,Booking Holdings
2023-06-30,1160049857,BLK,BlackRock
2023-06-30,1160049857,BMY,Bristol Myers Squibb
2023-06-30,1160049857,C,Citigroup
2023-06-30,1160049857,CAT,Caterpillar
2023-06-30,1160049857,CHTR,Charter Communications
2023-06-30,1160049857,CL,Colgate-Palmolive
2023-06-30,1160049857,CMCSA,Comcast
2023-06-30,1160049857,COF,Capital One
2023-06-30,1160049857,COP,ConocoPhillips
2023-06-30,1160049857,COST,Costco
2023-06-30,1160049857,CRM,Salesforce
2023-06-30,1160049857,CSCO,Cisco
2023-06-30,1160049857,CVS,CVS Health
2023-06-30,1160049857,CVX,Chevron
2023-06-30,1160049857,DHR,Danaher
2023-06-30,1160049857,DIS,Disney
2023-06-30,1160049857,DOW,Dow
2023-06-30,1160049857,DUK,Duke Energy
2023-06-30,1160049857,EMR,Emerson
2023-06-30,1160049857,EXC,Exelon
2023-06-30,1160049857,F,Ford
2023-06-30,1160049857,FDX,FedEx
2023-06-30,1160049857,GD,General Dynamics
2023-06-30,1160049857,GE,GE
2023-06-30,1160049857,GILD,Gilead
2023-06-30,1160049857,GM,GM
2023-06-30,1160049857,GOOG,Alphabet(Class C)
2023-06-30,1160049857,GOOGL,Alphabet (Class A)
2023-06-30,1160049857,GS,Goldman Sachs
2023-06-30,1160049857,HD,Home Depot
2023-06-30,1160049857,HON,Honeywell
2023-06-30,1160049857,IBM,IBM
2023-06-30,1160049857,INTC,Intel
2023-06-30,1160049857,JNJ,Johnson & Johnson
2023-06-30,1160049857,JPM,JPMorgan Chase
2023-06-30,1160049857,KHC,Kraft Heinz
2023-06-30,1160049857,KO,Coca-Cola
2023-06-30,1160049857,LIN,Linde
2023-06-30,1160049857,LLY,Lilly
2023-06-30,1160049857,LMT,Lockheed Martin
2023-06-30,1160049857,LOW,Lowe's
2023-06-30,1160049857,MA,Mastercard
2023-06-30,1160049857,MCD,McDonald's
2023-06-30,1160049857,MDLZ,Mondelēz International
2023-06-30,1160049857,MDT,Medtronic
2023-06-30,1160049857,MET,MetLife
2023-06-30,1160049857,META,Meta
2023-06-30,1160049857,MMM,3M
2023-06-30,1160049857,MO,Altria
2023-06-30,1160049857,MRK,Merck
2023-06-30,1160049857,MS,Morgan Stanley
2023-06-30,1160049857,MSFT,Microsoft
2023-06-30,1160049857,NEE,NextEra Energy
2023-06-30,1160049857,NFLX,Netflix
2023-06-30,1160049857,NKE,Nike
2023-06-30,1160049857,NVDA,Nvidia
2023-06-30,1160049857,ORCL,Oracle
2023-06-30,1160049857,PEP,PepsiCo
2023-06-30,1160049857,PFE,Pfizer
2023-06-30,1160049857,PG,Procter & Gamble
2023-06-30,1160049857,PM,Philip Morris International
2023-06-30,1160049857,PYPL,PayPal
2023-06-30,1160049857,QCOM,Qualcomm
2023-06-30,1160049857,RTX,Raytheon Technologies
2023-06-30,1160049857,SBUX,Starbucks
2023-06-30,1160049857,SCHW,Charles Schwab
2023-06-30,1160049857,SO,Southern Company
2023-06-30,1160049857,SPG,Simon
2023-06-30,1160049857,T,AT&T
2023-06-30,1160049857,TGT,Target
2023-06-30,1160049857,TMO,Thermo Fisher Scientific
2023-06-30,1160049857,TMUS,T-Mobile
2023-06-30,1160049857,TSLA,Tesla
2023-06-30,1160049857,TXN,Texas Instruments
2023-06-30,1160049857,UNH,UnitedHealth Group
2023-06-30,1160049857,UNP,Union Pacific
2023-06-30,1160049857,UPS,United Parcel Service
2023-06-30,1160049857,USB,U.S. Bank
2023-06-30,1160049857,V,Visa
2023-06-30,1160049857,VZ,Verizon
2023-06-30,1160049857,WBA,Walgreens Boots Alliance
2023-06-30,1160049857,WFC,Wells Fargo
2023-06-30,1160049857,WMT,Walmart
2023-06-30,1160049857,XOM,ExxonMobil
2023-07-07,1160049857,AAPL,Apple
2023-07-07,1160049857,ABBV,AbbVie
2023-07-07,1160049857,ABT,Abbott
2023-07-07,1160049857,ACN,Accenture
2023-07-07,1160049857,ADBE,Adobe
2023-07-07,1160049857,AIG,American International Group
2023-07-07,1160049857,AMD,AMD
2023-07-07,1160049857,AMGN,Amgen
2023-07-07,1160049857,AMT,American Tower
2023-07-07,1160049857,AMZN,Amazon
2023-07-07,1160049857,AVGO,Broadcom
2023-07-07,1160049857,AXP,American Express
2023-07-07,1160049857,BA,Boeing
2023-07-07,1160049857,BAC,Bank of America
2023-07-07,1160049857,BK,BNY Mellon
2023-07-07,1160049857,BKNG,Booking Holdings
2023-07-07,1160049857,BLK,BlackRock
2023-07-07,1160049857,BMY,Bristol Myers Squibb
2023-07-07,1160049857,C,Citigroup
2023-07-07,1160049857,CAT,Caterpillar
2023-07-07,1160049857,CHTR,Charter Communications
2023-07-07,1160049857,CL,Colgate-Palmolive
2023-07-07,1160049857,CMCSA,Comcast
2023-07-07,1160049857,COF,Capital One
2023-07-07,1160049857,COP,ConocoPhillips
2023-07-07,1160049857,COST,Costco
2023-07-07,1160049857,CRM,Salesforce
2023-07-07,1160049857,CSCO,Cisco
2023-07-07,1160049857,CVS,CVS Health
2023-07-07,1160049857,CVX,Chevron
2023-07-07,1160049857,DHR,Danaher
2023-07-07,1160049857,DIS,Disney
2023-07-07,1160049857,DOW,Dow
2023-07-07,1160049857,DUK,Duke Energy
2023-07-07,1160049857,EMR,Emerson
2023-07-07,1160049857,EXC,Exelon
2023-07-07,1160049857,F,Ford
2023-07-07,1160049857,FDX,FedEx
2023-07-07,1160049857,GD,General Dynamics
2023-07-07,1160049857,GE,GE
2023-07-07,1160049857,GILD,Gilead
2023-07-07,1160049857,GM,GM
2023-07-07,1160049857,GOOG,Alphabet(Class C)
2023-07-07,1160049857,GOOGL,Alphabet (Class A)
2023-07-07,1160049857,GS,Goldman Sachs
2023-07-07,1160049857,HD,Home Depot
2023-07-07,1160049857,HON,Honeywell
2023-07-07,1160049857,IBM,IBM
2023-07-07,1160049857,INTC,Intel
2023-07-07,1160049857,JNJ,Johnson & Johnson
2023-07-07,1160049857,JPM,JPMorgan Chase
2023-07-07,1160049857,KHC,Kraft Heinz
2023-07-07,1160049857,KO,Coca-Cola
2023-07-07,1160049857,LIN,Linde
2023-07-07,1160049857,LLY,Lilly
2023-07-07,1160049857,LMT,Lockheed Martin
2023-07-07,1160049857,LOW,Lowe's
2023-07-07,1160049857,MA,Mastercard
2023-07-07,1160049857,MCD,McDonald's
2023-07-07,1160049857,MDLZ,Mondelēz International
2023-07-07,1160049857,MDT,Medtronic
2023-07-07,1160049857,MET,MetLife
2023-07-07,1160049857,META,Meta
2023-07-07,1160049857,MMM,3M
2023-07-07,1160049857,MO,Altria
2023-07-07,1160049857,MRK,Merck
2023-07-07,1160049857,MS,Morgan Stanley
2023-07-07,1160049857,MSFT,Microsoft
2023-07-07,1160049857,NEE,NextEra Energy
2023-07-07,1160049857,NFLX,Netflix
2023-07-07,1160049857,NKE,Nike
2023-07-07,1160049857,NVDA,Nvidia
2023-07-07,1160049857,ORCL,Oracle
2023-07-07,1160049857,PEP,PepsiCo
2023-07-07,1160049857,PFE,Pfizer
2023-07-07,1160049857,PG,Procter & Gamble
2023-07-07,1160049857,PM,Philip Morris International
2023-07-07,1160049857,PYPL,PayPal
2023-07-07,1160049857,QCOM,Qualcomm
2023-07-07,1160049857,RTX,Raytheon Technologies
2023-07-07,1160049857,SBUX,Starbucks
2023-07-07,1160049857,SCHW,Charles Schwab
2023-07-07,1160049857,SO,Southern Company
2023-07-07,1160049857,SPG,Simon
2023-07-07,1160049857,T,AT&T
2023-07-07,1160049857,TGT,Target
2023-07-07,1160049857,TMO,Thermo Fisher Scientific
2023-07-07,1160049857,TMUS,T-Mobile
2023-07-07,1160049857,TSLA,Tesla
2023-07-07,1160049857,TXN,Texas Instruments
2023-07-07,1160049857,UNH,UnitedHealth Group
2023-07-07,1160049857,UNP,Union Pacific
2023-07-07,1160049857,UPS,United Parcel Service
2023-07-07,1160049857,USB,U.S. Bank
2023-07-07,1160049857,V,Visa
2023-07-07,1160049857,VZ,Verizon
2023-07-07,1160049857,WBA,Walgreens Boots Alliance
2023-07-07,1160049857,WFC,Wells Fargo
2023-07-07,1160049857,WMT,Walmart
2023-07-07,1160049857,XOM,ExxonMobil
2023-07-14,1160049857,AAPL,Apple
2023-07-14,1160049857,ABBV,AbbVie
2023-07-14,1160049857,ABT,Abbott
2023-07-14,1160049857,ACN,Accenture
2023-07-14,1160049857,ADBE,Adobe
2023-07-14,1160049857,AIG,American International Group
2023-07-14,1160049857,AMD,AMD
2023-07-14,1160049857,AMGN,Amgen
2023-07-14,1160049857,AMT,American Tower
2023-07-14,1160049857,AMZN,Amazon
2023-07-14,1160049857,AVGO,Broadcom
2023-07-14,1160049857,AXP,American Express
2023-07-14,1160049857,BA,Boeing
2023-07-14,1160049857,BAC,Bank of America
2023-07-14,1160049857,BK,BNY Mellon
2023-07-14,1160049857,BKNG,Booking Holdings
2023-07-14,1160049857,BLK,BlackRock
2023-07-14,1160049857,BMY,Bristol Myers Squibb
2023-07-14,1160049857,C,Citigroup
2023-07-14,1160049857,CAT,Caterpillar
2023-07-14,1160049857,CHTR,Charter Communications
2023-07-14,1160049857,CL,Colgate-Palmolive
2023-07-14,1160049857,CMCSA,Comcast
2023-07-14,1160049857,COF,Capital One
2023-07-14,1160049857,COP,ConocoPhillips
2023-07-14,1160049857,COST,Costco
2023-07-14,1160049857,CRM,Salesforce
2023-07-14,1160049857,CSCO,Cisco
2023-07-14,1160049857,CVS,CVS Health
2023-07-14,1160049857,CVX,Chevron
2023-07-14,1160049857,DHR,Danaher
2023-07-14,1160049857,DIS,Disney
2023-07-14,1160049857,DOW,Dow
2023-07-14,1160049857,DUK,Duke Energy
2023-07-14,1160049857,EMR,Emerson
2023-07-14,1160049857,EXC,Exelon
2023-07-14,1160049857,F,Ford
2023-07-14,1160049857,FDX,FedEx
2023-07-14,1160049857,GD,General Dynamics
2023-07-14,1160049857,GE,GE
2023-07-14,1160049857,GILD,Gilead
2023-07-14,1160049857,GM,GM
2023-07-14,1160049857,GOOG,Alphabet(Class C)
2023-07-14,1160049857,GOOGL,Alphabet (Class A)
2023-07-14,1160049857,GS,Goldman Sachs
2023-07-14,1160049857,HD,Home Depot
2023-07-14,1160049857,HON,Honeywell
2023-07-14,1160049857,IBM,IBM
2023-07-14,1160049857,INTC,Intel
2023-07-14,1160049857,JNJ,Johnson & Johnson
2023-07-14,1160049857,JPM,JPMorgan Chase
2023-07-14,1160049857,KHC,Kraft Heinz
2023-07-14,1160049857,KO,Coca-Cola
2023-07-14,1160049857,LIN,Linde
2023-07-14,1160049857,LLY,Lilly
2023-07-14,1160049857,LMT,Lockheed Martin
2023-07-14,1160049857,LOW,Lowe's
2023-07-14,1160049857,MA,Mastercard
2023-07-14,1160049857,MCD,McDonald's
2023-07-14,1160049857,MDLZ,Mondelēz International
2023-07-14,1160049857,MDT,Medtronic
2023-07-14,1160049857,MET,MetLife
2023-07-14,1160049857,META,Meta
2023-07-14,1160049857,MMM,3M
2023-07-14,1160049857,MO,Altria
2023-07-14,1160049857,MRK,Merck
2023-07-14,1160049857,MS,Morgan Stanley
2023-07-14,1160049857,MSFT,Microsoft
2023-07-14,1160049857,NEE,NextEra Energy
2023-07-14,1160049857,NFLX,Netflix
2023-07-14,1160049857,NKE,Nike
2023-07-14,1160049857,NVDA,Nvidia
2023-07-14,1160049857,ORCL,Oracle
2023-07-14,1160049857,PEP,PepsiCo
2023-07-14,1160049857,PFE,Pfizer
2023-07-14,1160049857,PG,Procter & Gamble
2023-07-14,1160049857,PM,Philip Morris International
2023-07-14,1160049857,PYPL,PayPal
2023-07-14,1160049857,QCOM,Qualcomm
2023-07-14,1160049857,RTX,Raytheon Technologies
2023-07-14,1160049857,SBUX,Starbucks
2023-07-14,1160049857,SCHW,Charles Schwab
2023-07-14,1160049857,SO,Southern Company
2023-07-14,1160049857,SPG,Simon
2023-07-14,1160049857,T,AT&T
2023-07-14,1160049857,TGT,Target
2023-07-14,1160049857,TMO,Thermo Fisher Scientific
2023-07-14,1160049857,TMUS,T-Mobile
2023-07-14,1160049857,TSLA,Tesla
2023-07-14,1160049857,TXN,Texas Instruments
2023-07-14,1160049857,UNH,UnitedHealth Group
2023-07-14,1160049857,UNP,Union Pacific
2023-07-14,1160049857,UPS,United Parcel Service
2023-07-14,1160049857,USB,U.S. Bank
2023-07-14,1160049857,V,Visa
2023-07-14,1160049857,VZ,Verizon
2023-07-14,1160049857,WBA,Walgreens Boots Alliance
2023-07-14,1160049857,WFC,Wells Fargo
2023-07-14,1160049857,WMT,Walmart
2023-07-14,1160049857,XOM,ExxonMobil
2023-07-21,1160049857,AAPL,Apple
2023-07-21,1160049857,ABBV,AbbVie
2023-07-21,1160049857,ABT,Abbott
2023-07-21,1160049857,ACN,Accenture
2023-07-21,1160049857,ADBE,Adobe
2023-07-21,1160049857,AIG,American International Group
2023-07-21,1160049857,AMD,AMD
2023-07-21,1160049857,AMGN,Amgen
2023-07-21,1160049857,AMT,American Tower
2023-07-21,1160049857,AMZN,Amazon
2023-07-21,1160049857,AVGO,Broadcom
2023-07-21,1160049857,AXP,American Express
2023-07-21,1160049857,BA,Boeing
2023-07-21,1160049857,BAC,Bank of America
2023-07-21,1160049857,BK,BNY Mellon
2023-07-21,1160049857,BKNG,Booking Holdings
2023-07-21,1160049857,BLK,BlackRock
2023-07-21,1160049857,BMY,Bristol Myers Squibb
2023-07-21,1160049857,C,Citigroup
2023-07-21,1160049857,CAT,Caterpillar
2023-07-21,1160049857,CHTR,Charter Communications
2023-07-21,1160049857,CL,Colgate-Palmolive
2023-07-21,1160049857,CMCSA,Comcast
2023-07-21,1160049857,COF,Capital One
2023-07-21,1160049857,COP,ConocoPhillips
2023-07-21,1160049857,COST,Costco
2023-07-21,1160049857,CRM,Salesforce
2023-07-21,1160049857,CSCO,Cisco
2023-07-21,1160049857,CVS,CVS Health
2023-07-21,1160049857,CVX,Chevron
2023-07-21,1160049857,DHR,Danaher
2023-07-21,1160049857,DIS,Disney
2023-07-21,1160049857,DOW,Dow
2023-07-21,1160049857,DUK,Duke Energy
2023-07-21,1160049857,EMR,Emerson
2023-07-21,1160049857,EXC,Exelon
2023-07-21,1160049857,F,Ford
2023-07-21,1160049857,FDX,FedEx
2023-07-21,1160049857,GD,General Dynamics
2023-07-21,1160049857,GE,GE
2023-07-21,1160049857,GILD,Gilead
2023-07-21,1160049857,GM,GM
2023-07-21,1160049857,GOOG,Alphabet(Class C)
2023-07-21,1160049857,GOOGL,Alphabet (Class A)
2023-07-21,1160049857,GS,Goldman Sachs
2023-07-21,1160049857,HD,Home Depot
2023-07-21,1160049857,HON,Honeywell
2023-07-21,1160049857,IBM,IBM
2023-07-21,1160049857,INTC,Intel
2023-07-21,1160049857,JNJ,Johnson & Johnson
2023-07-21,1160049857,JPM,JPMorgan Chase
2023-07-21,1160049857,KHC,Kraft Heinz
2023-07-21,1160049857,KO,Coca-Cola
2023-07-21,1160049857,LIN,Linde
2023-07-21,1160049857,LLY,Lilly
2023-07-21,1160049857,LMT,Lockheed Martin
2023-07-21,1160049857,LOW,Lowe's
2023-07-21,1160049857,MA,Mastercard
2023-07-21,1160049857,MCD,McDonald's
2023-07-21,1160049857,MDLZ,Mondelēz International
2023-07-21,1160049857,MDT,Medtronic
2023-07-21,1160049857,MET,MetLife
2023-07-21,1160049857,META,Meta
2023-07-21,1160049857,MMM,3M
2023-07-21,1160049857,MO,Altria
2023-07-21,1160049857,MRK,Merck
2023-07-21,1160049857,MS,Morgan Stanley
2023-07-21,1160049857,MSFT,Microsoft
2023-07-21,1160049857,NEE,NextEra Energy
2023-07-21,1160049857,NFLX,Netflix
2023-07-21,1160049857,NKE,Nike
2023-07-21,1160049857,NVDA,Nvidia
2023-07-21,1160049857,ORCL,Oracle
2023-07-21,1160049857,PEP,PepsiCo
2023-07-21,1160049857,PFE,Pfizer
2023-07-21,1160049857,PG,Procter & Gamble
2023-07-21,1160049857,PM,Philip Morris International
2023-07-21,1160049857,PYPL,PayPal
2023-07-21,1160049857,QCOM,Qualcomm
2023-07-21,1160049857,RTX,Raytheon Technologies
2023-07-21,1160049857,SBUX,Starbucks
2023-07-21,1160049857,SCHW,Charles Schwab
2023-07-21,1160049857,SO,Southern Company
2023-07-21,1160049857,SPG,Simon
2023-07-21,1160049857,T,AT&T
2023-07-21,1160049857,TGT,Target
2023-07-21,1160049857,TMO,Thermo Fisher Scientific
2023-07-21,1160049857,TMUS,T-Mobile
2023-07-21,1160049857,TSLA,Tesla
2023-07-21,1160049857,TXN,Texas Instruments
2023-07-21,1160049857,UNH,UnitedHealth Group
2023-07-21,1160049857,UNP,Union Pacific
2023-07-21,1160049857,UPS,United Parcel Service
2023-07-21,1160049857,USB,U.S. Bank
2023-07-21,1160049857,V,Visa
2023-07-21,1160049857,VZ,Verizon
2023-07-21,1160049857,WBA,Walgreens Boots Alliance
2023-07-21,1160049857,WFC,Wells Fargo
2023-07-21,1160049857,WMT,Walmart
2023-07-21,1160049857,XOM,ExxonMobil
2023-07-28,1160049857,AAPL,Apple
2023-07-28,1160049857,ABBV,AbbVie
2023-07-28,1160049857,ABT,Abbott
2023-07-28,1160049857,ACN,Accenture
2023-07-28,1160049857,ADBE,Adobe
2023-07-28,1160049857,AIG,American International Group
2023-07-28,1160049857,AMD,AMD
2023-07-28,1160049857,AMGN,Amgen
2023-07-28,1160049857,AMT,American Tower
2023-07-28,1160049857,AMZN,Amazon
2023-07-28,1160049857,AVGO,Broadcom
2023-07-28,1160049857,AXP,American Express
2023-07-28,1160049857,BA,Boeing
2023-07-28,1160049857,BAC,Bank of America
2023-07-28,1160049857,BK,BNY Mellon
2023-07-28,1160049857,BKNG,Booking Holdings
2023-07-28,1160049857,BLK,BlackRock
2023-07-28,1160049857,BMY,Bristol Myers Squibb
2023-07-28,1160049857,C,Citigroup
2023-07-28,1160049857,CAT,Caterpillar
2023-07-28,1160049857,CHTR,Charter Communications
2023-07-28,1160049857,CL,Colgate-Palmolive
2023-07-28,1160049857,CMCSA,Comcast
2023-07-28,1160049857,COF,Capital One
2023-07-28,1160049857,COP,ConocoPhillips
2023-07-28,1160049857,COST,Costco
2023-07-28,1160049857,CRM,Salesforce
2023-07-28,1160049857,CSCO,Cisco
2023-07-28,1160049857,CVS,CVS Health
2023-07-28,1160049857,CVX,Chevron
2023-07-28,1160049857,DHR,Danaher
2023-07-28,1160049857,DIS,Disney
2023-07-28,1160049857,DOW,Dow
2023-07-28,1160049857,DUK,Duke Energy
2023-07-28,1160049857,EMR,Emerson
2023-07-28,1160049857,EXC,Exelon
2023-07-28,1160049857,F,Ford
2023-07-28,1160049857,FDX,FedEx
2023-07-28,1160049857,GD,General Dynamics
2023-07-28,1160049857,GE,GE
2023-07-28,1160049857,GILD,Gilead
2023-07-28,1160049857,GM,GM
2023-07-28,1160049857,GOOG,Alphabet(Class C)
2023-07-28,1160049857,GOOGL,Alphabet (Class A)
2023-07-28,1160049857,GS,Goldman Sachs
2023-07-28,1160049857,HD,Home Depot
2023-07-28,1160049857,HON,Honeywell
2023-07-28,1160049857,IBM,IBM
2023-07-28,1160049857,INTC,Intel
2023-07-28,1160049857,JNJ,Johnson & Johnson
2023-07-28,1160049857,JPM,JPMorgan Chase
2023-07-28,1160049857,KHC,Kraft Heinz
2023-07-28,1160049857,KO,Coca-Cola
2023-07-28,1160049857,LIN,Linde
2023-07-28,1160049857,LLY,Lilly
2023-07-28,1160049857,LMT,Lockheed Martin
2023-07-28,1160049857,LOW,Lowe's
2023-07-28,1160049857,MA,Mastercard
2023-07-28,1160049857,MCD,McDonald's
2023-07-28,1160049857,MDLZ,Mondelēz International
2023-07-28,1160049857,MDT,Medtronic
2023-07-28,1160049857,MET,MetLife
2023-07-28,1160049857,META,Meta
2023-07-28,1160049857,MMM,3M
2023-07-28,1160049857,MO,Altria
2023-07-28,1160049857,MRK,Merck
2023-07-28,1160049857,MS,Morgan Stanley
2023-07-28,1160049857,MSFT,Microsoft
2023-07-28,1160049857,NEE,NextEra Energy
2023-07-28,1160049857,NFLX,Netflix
2023-07-28,1160049857,NKE,Nike
2023-07-28,1160049857,NVDA,Nvidia
2023-07-28,1160049857,ORCL,Oracle
2023-07-28,1160049857,PEP,PepsiCo
2023-07-28,1160049857,PFE,Pfizer
2023-07-28,1160049857,PG,Procter & Gamble
2023-07-28,1160049857,PM,Philip Morris International
2023-07-28,1160049857,PYPL,PayPal
2023-07-28,1160049857,QCOM,Qualcomm
2023-07-28,1160049857,RTX,Raytheon Technologies
2023-07-28,1160049857,SBUX,Starbucks
2023-07-28,1160049857,SCHW,Charles Schwab
2023-07-28,1160049857,SO,Southern Company
2023-07-28,1160049857,SPG,Simon
2023-07-28,1160049857,T,AT&T
2023-07-28,1160049857,TGT,Target
2023-07-28,1160049857,TMO,Thermo Fisher Scientific
2023-07-28,1160049857,TMUS,T-Mobile
2023-07-28,1160049857,TSLA,Tesla
2023-07-28,1160049857,TXN,Texas Instruments
2023-07-28,1160049857,UNH,UnitedHealth Group
2023-07-28,1160049857,UNP,Union Pacific
2023-07-28,1160049857,UPS,United Parcel Service
2023-07-28,1160049857,USB,U.S. Bank
2023-07-28,1160049857,V,Visa
2023-07-28,1160049857,VZ,Verizon
2023-07-28,1160049857,WBA,Walgreens Boots Alliance
2023-07-28,1160049857,WFC,Wells Fargo
2023-07-28,1160049857,WMT,Walmart
2023-07-28,1160049857,XOM,ExxonMobil
2023-08-04,1160049857,AAPL,Apple
2023-08-04,1160049857,ABBV,AbbVie
2023-08-04,1160049857,ABT,Abbott
2023-08-04,1160049857,ACN,Accenture
2023-08-04,1160049857,ADBE,Adobe
2023-08-04,1160049857,AIG,American International Group
2023-08-04,1160049857,AMD,AMD
2023-08-04,1160049857,AMGN,Amgen
2023-08-04,1160049857,AMT,American Tower
2023-08-04,1160049857,AMZN,Amazon
2023-08-04,1160049857,AVGO,Broadcom
2023-08-04,1160049857,AXP,American Express
2023-08-04,1160049857,BA,Boeing
2023-08-04,1160049857,BAC,Bank of America
2023-08-04,1160049857,BK,BNY Mellon
2023-08-04,1160049857,BKNG,Booking Holdings
2023-08-04,1160049857,BLK,BlackRock
2023-08-04,1160049857,BMY,Bristol Myers Squibb
2023-08-04,1160049857,C,Citigroup
2023-08-04,1160049857,CAT,Caterpillar
2023-08-04,1160049857,CHTR,Charter Communications
2023-08-04,1160049857,CL,Colgate-Palmolive
2023-08-04,1160049857,CMCSA,Comcast
2023-08-04,1160049857,COF,Capital One
2023-08-04,1160049857,COP,ConocoPhillips
2023-08-04,1160049857,COST,Costco
2023-08-04,1160049857,CRM,Salesforce
2023-08-04,1160049857,CSCO,Cisco
2023-08-04,1160049857,CVS,CVS Health
2023-08-04,1160049857,CVX,Chevron
2023-08-04,1160049857,DHR,Danaher
2023-08-04,1160049857,DIS,Disney
2023-08-04,1160049857,DOW,Dow
2023-08-04,1160049857,DUK,Duke Energy
2023-08-04,1160049857,EMR,Emerson
2023-08-04,1160049857,EXC,Exelon
2023-08-04,1160049857,F,Ford
2023-08-04,1160049857,FDX,FedEx
2023-08-04,1160049857,GD,General Dynamics
2023-08-04,1160049857,GE,GE
2023-08-04,1160049857,GILD,Gilead
2023-08-04,1160049857,GM,GM
2023-08-04,1160049857,GOOG,Alphabet(Class C)
2023-08-04,1160049857,GOOGL,Alphabet (Class A)
2023-08-04,1160049857,GS,Goldman Sachs
2023-08-04,1160049857,HD,Home Depot
2023-08-04,1160049857,HON,Honeywell
2023-08-04,1160049857,IBM,IBM
2023-08-04,1160049857,INTC,Intel
2023-08-04,1160049857,JNJ,Johnson & Johnson
2023-08-04,1160049857,JPM,JPMorgan Chase
2023-08-04,1160049857,KHC,Kraft Heinz
2023-08-04,1160049857,KO,Coca-Cola
2023-08-04,1160049857,LIN,Linde
2023-08-04,1160049857,LLY,Lilly
2023-08-04,1160049857,LMT,Lockheed Martin
2023-08-04,1160049857,LOW,Lowe's
2023-08-04,1160049857,MA,Mastercard
2023-08-04,1160049857,MCD,McDonald's
2023-08-04,1160049857,MDLZ,Mondelēz International
2023-08-04,1160049857,MDT,Medtronic
2023-08-04,1160049857,MET,MetLife
2023-08-04,1160049857,META,Meta
2023-08-04,1160049857,MMM,3M
2023-08-04,1160049857,MO,Altria
2023-08-04,1160049857,MRK,Merck
2023-08-04,1160049857,MS,Morgan Stanley
2023-08-04,1160049857,MSFT,Microsoft
2023-08-04,1160049857,NEE,NextEra Energy
2023-08-04,1160049857,NFLX,Netflix
2023-08-04,1160049857,NKE,Nike
2023-08-04,1160049857,NVDA,Nvidia
2023-08-04,1160049857,ORCL,Oracle
2023-08-04,1160049857,PEP,PepsiCo
2023-08-04,1160049857,PFE,Pfizer
2023-08-04,1160049857,PG,Procter & Gamble
2023-08-04,1160049857,PM,Philip Morris International
2023-08-04,1160049857,PYPL,PayPal
2023-08-04,1160049857,QCOM,Qualcomm
2023-08-04,1160049857,RTX,Raytheon Technologies
2023-08-04,1160049857,SBUX,Starbucks
2023-08-04,1160049857,SCHW,Charles Schwab
2023-08-04,1160049857,SO,Southern Company
2023-08-04,1160049857,SPG,Simon
2023-08-04,1160049857,T,AT&T
2023-08-04,1160049857,TGT,Target
2023-08-04,1160049857,TMO,Thermo Fisher Scientific
2023-08-04,1160049857,TMUS,T-Mobile
2023-08-04,1160049857,TSLA,Tesla
2023-08-04,1160049857,TXN,Texas Instruments
2023-08-04,1160049857,UNH,UnitedHealth Group
2023-08-04,1160049857,UNP,Union Pacific
2023-08-04,1160049857,UPS,United Parcel Service
2023-08-04,1160049857,USB,U.S. Bank
2023-08-04,1160049857,V,Visa
2023-08-04,1160049857,VZ,Verizon
2023-08-04,1160049857,WBA,Walgreens Boots Alliance
2023-08-04,1160049857,WFC,Wells Fargo
2023-08-04,1160049857,WMT,Walmart
2023-08-04,1160049857,XOM,ExxonMobil
2023-08-11,1169557779,AAPL,Apple
2023-08-11,1169557779,ABBV,AbbVie
2023-08-11,1169557779,ABT,Abbott
2023-08-11,1169557779,ACN,Accenture
2023-08-11,1169557779,ADBE,Adobe
2023-08-11,1169557779,AIG,American International Group
2023-08-11,1169557779,AMD,AMD
2023-08-11,1169557779,AMGN,Amgen
2023-08-11,1169557779,AMT,American Tower
2023-08-11,1169557779,AMZN,Amazon
2023-08-11,1169557779,AVGO,Broadcom
2023-08-11,1169557779,AXP,American Express
2023-08-11,1169557779,BA,Boeing
2023-08-11,1169557779,BAC,Bank of America
2023-08-11,1169557779,BK,BNY Mellon
2023-08-11,1169557779,BKNG,Booking Holdings
2023-08-11,1169557779,BLK,BlackRock
2023-08-11,1169557779,BMY,Bristol Myers Squibb
2023-08-11,1169557779,C,Citigroup
2023-08-11,1169557779,CAT,Caterpillar
2023-08-11,1169557779,CHTR,Charter Communications
2023-08-11,1169557779,CL,Colgate-Palmolive
2023-08-11,1169557779,CMCSA,Comcast
2023-08-11,1169557779,COF,Capital One
2023-08-11,1169557779,COP,ConocoPhillips
2023-08-11,1169557779,COST,Costco
2023-08-11,1169557779,CRM,Salesforce
2023-08-11,1169557779,CSCO,Cisco
2023-08-11,1169557779,CVS,CVS Health
2023-08-11,1169557779,CVX,Chevron
2023-08-11,1169557779,DHR,Danaher
2023-08-11,1169557779,DIS,Disney
2023-08-11,1169557779,DOW,Dow
2023-08-11,1169557779,DUK,Duke Energy
2023-08-11,1169557779,EMR,Emerson
2023-08-11,1169557779,EXC,Exelon
2023-08-11,1169557779,F,Ford
2023-08-11,1169557779,FDX,FedEx
2023-08-11,1169557779,GD,General Dynamics
2023-08-11,1169557779,GE,GE
2023-08-11,1169557779,GILD,Gilead
2023-08-11,1169557779,GM,GM
2023-08-11,1169557779,GOOG,Alphabet(Class C)
2023-08-11,1169557779,GOOGL,Alphabet (Class A)
2023-08-11,1169557779,GS,Goldman Sachs
2023-08-11,1169557779,HD,Home Depot
2023-08-11,1169557779,HON,Honeywell
2023-08-11,1169557779,IBM,IBM
2023-08-11,1169557779,INTC,Intel
2023-08-11,1169557779,JNJ,Johnson & Johnson
2023-08-11,1169557779,JPM,JPMorgan Chase
2023-08-11,1169557779,KHC,Kraft Heinz
2023-08-11,1169557779,KO,Coca-Cola
2023-08-11,1169557779,LIN,Linde
2023-08-11,1169557779,LLY,Lilly
2023-08-11,1169557779,LMT,Lockheed Martin
2023-08-11,1169557779,LOW,Lowe's
2023-08-11,1169557779,MA,Mastercard
2023-08-11,1169557779,MCD,McDonald's
2023-08-11,1169557779,MDLZ,Mondelēz International
2023-08-11,1169557779,MDT,Medtronic
2023-08-11,1169557779,MET,MetLife
2023-08-11,1169557779,META,Meta
2023-08-11,1169557779,MMM,3M
2023-08-11,1169557779,MO,Altria
2023-08-11,1169557779,MRK,Merck
2023-08-11,1169557779,MS,Morgan Stanley
2023-08-11,1169557779,MSFT,Microsoft
2023-08-11,1169557779,NEE,NextEra Energy
2023-08-11,1169557779,NFLX,Netflix
2023-08-11,1169557779,NKE,Nike
2023-08-11,1169557779,NVDA,Nvidia
2023-08-11,1169557779,ORCL,Oracle
2023-08-11,1169557779,PEP,PepsiCo
2023-08-11,1169557779,PFE,Pfizer
2023-08-11,1169557779,PG,Procter & Gamble
2023-08-11,1169557779,PM,Philip Morris International
2023-08-11,1169557779,PYPL,PayPal
2023-08-11,1169557779,QCOM,Qualcomm
2023-08-11,1169557779,RTX,RTX Corporation
2023-08-11,1169557779,SBUX,Starbucks
2023-08-11,1169557779,SCHW,Charles Schwab
2023-08-11,1169557779,SO,Southern Company
2023-08-11,1169557779,SPG,Simon
2023-08-11,1169557779,T,AT&T
2023-08-11,1169557779,TGT,Target
2023-08-11,1169557779,TMO,Thermo Fisher Scientific
2023-08-11,1169557779,TMUS,T-Mobile
2023-08-11,1169557779,TSLA,Tesla
2023-08-11,1169557779,TXN,Texas Instruments
2023-08-11,1169557779,UNH,UnitedHealth Group
2023-08-11,1169557779,UNP,Union Pacific
2023-08-11,1169557779,UPS,United Parcel Service
2023-08-11,1169557779,USB,U.S. Bank
2023-08-11,1169557779,V,Visa
2023-08-11,1169557779,VZ,Verizon
2023-08-11,1169557779,WBA,Walgreens Boots Alliance
2023-08-11,1169557779,WFC,Wells Fargo
2023-08-11,1169557779,WMT,Walmart
2023-08-11,1169557779,XOM,ExxonMobil
2023-08-18,1169557779,AAPL,Apple
2023-08-18,1169557779,ABBV,AbbVie
2023-08-18,1169557779,ABT,Abbott
2023-08-18,1169557779,ACN,Accenture
2023-08-18,1169557779,ADBE,Adobe
2023-08-18,1169557779,AIG,American International Group
2023-08-18,1169557779,AMD,AMD
2023-08-18,1169557779,AMGN,Amgen
2023-08-18,1169557779,AMT,American Tower
2023-08-18,1169557779,AMZN,Amazon
2023-08-18,1169557779,AVGO,Broadcom
2023-08-18,1169557779,AXP,American Express
2023-08-18,1169557779,BA,Boeing
2023-08-18,1169557779,BAC,Bank of America
2023-08-18,1169557779,BK,BNY Mellon
2023-08-18,1169557779,BKNG,Booking Holdings
2023-08-18,1169557779,BLK,BlackRock
2023-08-18,1169557779,BMY,Bristol Myers Squibb
2023-08-18,1169557779,C,Citigroup
2023-08-18,1169557779,CAT,Caterpillar
2023-08-18,1169557779,CHTR,Charter Communications
2023-08-18,1169557779,CL,Colgate-Palmolive
2023-08-18,1169557779,CMCSA,Comcast
2023-08-18,1169557779,COF,Capital One
2023-08-18,1169557779,COP,ConocoPhillips
2023-08-18,1169557779,COST,Costco
2023-08-18,1169557779,CRM,Salesforce
2023-08-18,1169557779,CSCO,Cisco
2023-08-18,1169557779,CVS,CVS Health
2023-08-18,1169557779,CVX,Chevron
2023-08-18,1169557779,DHR,Danaher
2023-08-18,1169557779,DIS,Disney
2023-08-18,1169557779,DOW,Dow
2023-08-18,1169557779,DUK,Duke Energy
2023-08-18,1169557779,EMR,Emerson
2023-08-18,1169557779,EXC,Exelon
2023-08-18,1169557779,F,Ford
2023-08-18,1169557779,FDX,FedEx
2023-08-18,1169557779,GD,General Dynamics
2023-08-18,1169557779,GE,GE
2023-08-18,1169557779,GILD,Gilead
2023-08-18,1169557779,GM,GM
2023-08-18,1169557779,GOOG,Alphabet(Class C)
2023-08-18,1169557779,GOOGL,Alphabet (Class A)
2023-08-18,1169557779,GS,Goldman Sachs
2023-08-18,1169557779,HD,Home Depot
2023-08-18,1169557779,HON,Honeywell
2023-08-18,1169557779,IBM,IBM
2023-08-18,1169557779,INTC,Intel
2023-08-18,1169557779,JNJ,Johnson & Johnson
2023-08-18,1169557779,JPM,JPMorgan Chase
2023-08-18,1169557779,KHC,Kraft Heinz
2023-08-18,1169557779,KO,Coca-Cola
2023-08-18,1169557779,LIN,Linde
2023-08-18,1169557779,LLY,Lilly
2023-08-18,1169557779,LMT,Lockheed Martin
2023-08-18,1169557779,LOW,Lowe's
2023-08-18,1169557779,MA,Mastercard
2023-08-18,1169557779,MCD,McDonald's
2023-08-18,1169557779,MDLZ,Mondelēz International
2023-08-18,1169557779,MDT,Medtronic
2023-08-18,1169557779,MET,MetLife
2023-08-18,1169557779,META,Meta
2023-08-18,1169557779,MMM,3M
2023-08-18,1169557779,MO,Altria
2023-08-18,1169557779,MRK,Merck
2023-08-18,1169557779,MS,Morgan Stanley
2023-08-18,1169557779,MSFT,Microsoft
2023-08-18,1169557779,NEE,NextEra Energy
2023-08-18,1169557779,NFLX,Netflix
2023-08-18,1169557779,NKE,Nike
2023-08-18,1169557779,NVDA,Nvidia
2023-08-18,1169557779,ORCL,Oracle
2023-08-18,1169557779,PEP,PepsiCo
2023-08-18,1169557779,PFE,Pfizer
2023-08-18,1169557779,PG,Procter & Gamble
2023-08-18,1169557779,PM,Philip Morris International
2023-08-18,1169557779,PYPL,PayPal
2023-08-18,1169557779,QCOM,Qualcomm
2023-08-18,1169557779,RTX,RTX Corporation
2023-08-18,1169557779,SBUX,Starbucks
2023-08-18,1169557779,SCHW,Charles Schwab
2023-08-18,1169557779,SO,Southern Company
2023-08-18,1169557779,SPG,Simon
2023-08-18,1169557779,T,AT&T
2023-08-18,1169557779,TGT,Target
2023-08-18,1169557779,TMO,Thermo Fisher Scientific
2023-08-18,1169557779,TMUS,T-Mobile
2023-08-18,1169557779,TSLA,Tesla
2023-08-18,1169557779,TXN,Texas Instruments
2023-08-18,1169557779,UNH,UnitedHealth Group
2023-08-18,1169557779,UNP,Union Pacific
2023-08-18,1169557779,UPS,United Parcel Service
2023-08-18,1169557779,USB,U.S. Bank
2023-08-18,1169557779,V,Visa
2023-08-18,1169557779,VZ,Verizon
2023-08-18,1169557779,WBA,Walgreens Boots Alliance
2023-08-18,1169557779,WFC,Wells Fargo
2023-08-18,1169557779,WMT,Walmart
2023-08-18,1169557779,XOM,ExxonMobil
2023-08-25,1169557779,AAPL,Apple
2023-08-25,1169557779,ABBV,AbbVie
2023-08-25,1169557779,ABT,Abbott
2023-08-25,1169557779,ACN,Accenture
2023-08-25,1169557779,ADBE,Adobe
2023-08-25,1169557779,AIG,American International Group
2023-08-25,1169557779,AMD,AMD
2023-08-25,1169557779,AMGN,Amgen
2023-08-25,1169557779,AMT,American Tower
2023-08-25,1169557779,AMZN,Amazon
2023-08-25,1169557779,AVGO,Broadcom
2023-08-25,1169557779,AXP,American Express
2023-08-25,1169557779,BA,Boeing
2023-08-25,1169557779,BAC,Bank of America
2023-08-25,1169557779,BK,BNY Mellon
2023-08-25,1169557779,BKNG,Booking Holdings
2023-08-25,1169557779,BLK,BlackRock
2023-08-25,1169557779,BMY,Bristol Myers Squibb
2023-08-25,1169557779,C,Citigroup
2023-08-25,1169557779,CAT,Caterpillar
2023-08-25,1169557779,CHTR,Charter Communications
2023-08-25,1169557779,CL,Colgate-Palmolive
2023-08-25,1169557779,CMCSA,Comcast
2023-08-25,1169557779,COF,Capital One
2023-08-25,1169557779,COP,ConocoPhillips
2023-08-25,1169557779,COST,Costco
2023-08-25,1169557779,CRM,Salesforce
2023-08-25,1169557779,CSCO,Cisco
2023-08-25,1169557779,CVS,CVS Health
2023-08-25,1169557779,CVX,Chevron
2023-08-25,1169557779,DHR,Danaher
2023-08-25,1169557779,DIS,Disney
2023-08-25,1169557779,DOW,Dow
2023-08-25,1169557779,DUK,Duke Energy
2023-08-25,1169557779,EMR,Emerson
2023-08-25,1169557779,EXC,Exelon
2023-08-25,1169557779,F,Ford
2023-08-25,1169557779,FDX,FedEx
2023-08-25,1169557779,GD,General Dynamics
2023-08-25,1169557779,GE,GE
2023-08-25,1169557779,GILD,Gilead
2023-08-25,1169557779,GM,GM
2023-08-25,1169557779,GOOG,Alphabet(Class C)
2023-08-25,1169557779,GOOGL,Alphabet (Class A)
2023-08-25,1169557779,GS,Goldman Sachs
2023-08-25,1169557779,HD,Home Depot
2023-08-25,1169557779,HON,Honeywell
2023-08-25,1169557779,IBM,IBM
2023-08-25,1169557779,INTC,Intel
2023-08-25,1169557779,JNJ,Johnson & Johnson
2023-08-25,1169557779,JPM,JPMorgan Chase
2023-08-25,1169557779,KHC,Kraft Heinz
2023-08-25,1169557779,KO,Coca-Cola
2023-08-25,1169557779,LIN,Linde
2023-08-25,1169557779,LLY,Lilly
2023-08-25,1169557779,LMT,Lockheed Martin
2023-08-25,1169557779,LOW,Lowe's
2023-08-25,1169557779,MA,Mastercard
2023-08-25,1169557779,MCD,McDonald's
2023-08-25,1169557779,MDLZ,Mondelēz International
2023-08-25,1169557779,MDT,Medtronic
2023-08-25,1169557779,MET,MetLife
2023-08-25,1169557779,META,Meta
2023-08-25,1169557779,MMM,3M
2023-08-25,1169557779,MO,Altria
2023-08-25,1169557779,MRK,Merck
2023-08-25,1169557779,MS,Morgan Stanley
2023-08-25,1169557779,MSFT,Microsoft
2023-08-25,1169557779,NEE,NextEra Energy
2023-08-25,1169557779,NFLX,Netflix
2023-08-25,1169557779,NKE,Nike
2023-08-25,1169557779,NVDA,Nvidia
2023-08-25,1169557779,ORCL,Oracle
2023-08-25,1169557779,PEP,PepsiCo
2023-08-25,1169557779,PFE,Pfizer
2023-08-25,1169557779,PG,Procter & Gamble
2023-08-25,1169557779,PM,Philip Morris International
2023-08-25,1169557779,PYPL,PayPal
2023-08-25,1169557779,QCOM,Qualcomm
2023-08-25,1169557779,RTX,RTX Corporation
2023-08-25,1169557779,SBUX,Starbucks
2023-08-25,1169557779,SCHW,Charles Schwab
2023-08-25,1169557779,SO,Southern Company
2023-08-25,1169557779,SPG,Simon
2023-08-25,1169557779,T,AT&T
2023-08-25,1169557779,TGT,Target
2023-08-25,1169557779,TMO,Thermo Fisher Scientific
2023-08-25,1169557779,TMUS,T-Mobile
2023-08-25,1169557779,TSLA,Tesla
2023-08-25,1169557779,TXN,Texas Instruments
2023-08-25,1169557779,UNH,UnitedHealth Group
2023-08-25,1169557779,UNP,Union Pacific
2023-08-25,1169557779,UPS,United Parcel Service
2023-08-25,1169557779,USB,U.S. Bank
2023-08-25,1169557779,V,Visa
2023-08-25,1169557779,VZ,Verizon
2023-08-25,1169557779,WBA,Walgreens Boots Alliance
2023-08-25,1169557779,WFC,Wells Fargo
2023-08-25,1169557779,WMT,Walmart
2023-08-25,1169557779,XOM,ExxonMobil
2023-09-01,1169557779,AAPL,Apple
2023-09-01,1169557779,ABBV,AbbVie
2023-09-01,1169557779,ABT,Abbott
2023-09-01,1169557779,ACN,Accenture
2023-09-01,1169557779,ADBE,Adobe
2023-09-01,1169557779,AIG,American International Group
2023-09-01,1169557779,AMD,AMD
2023-09-01,1169557779,AMGN,Amgen
2023-09-01,1169557779,AMT,American Tower
2023-09-01,1169557779,AMZN,Amazon
2023-09-01,1169557779,AVGO,Broadcom
2023-09-01,1169557779,AXP,American Express
2023-09-01,1169557779,BA,Boeing
2023-09-01,1169557779,BAC,Bank of America
2023-09-01,1169557779,BK,BNY Mellon
2023-09-01,1169557779,BKNG,Booking Holdings
2023-09-01,1169557779,BLK,BlackRock
2023-09-01,1169557779,BMY,Bristol Myers Squibb
2023-09-01,1169557779,C,Citigroup
2023-09-01,1169557779,CAT,Caterpillar
2023-09-01,1169557779,CHTR,Charter Communications
2023-09-01,1169557779,CL,Colgate-Palmolive
2023-09-01,1169557779,CMCSA,Comcast
2023-09-01,1169557779,COF,Capital One
2023-09-01,1169557779,COP,ConocoPhillips
2023-09-01,1169557779,COST,Costco
2023-09-01,1169557779,CRM,Salesforce
2023-09-01,1169557779,CSCO,Cisco
2023-09-01,1169557779,CVS,CVS Health
2023-09-01,1169557779,CVX,Chevron
2023-09-01,1169557779,DHR,Danaher
2023-09-01,1169557779,DIS,Disney
2023-09-01,1169557779,DOW,Dow
2023-09-01,1169557779,DUK,Duke Energy
2023-09-01,1169557779,EMR,Emerson
2023-09-01,1169557779,EXC,Exelon
2023-09-01,1169557779,F,Ford
2023-09-01,1169557779,FDX,FedEx
2023-09-01,1169557779,GD,General Dynamics
2023-09-01,1169557779,GE,GE
2023-09-01,1169557779,GILD,Gilead
2023-09-01,1169557779,GM,GM
2023-09-01,1169557779,GOOG,Alphabet(Class C)
2023-09-01,1169557779,GOOGL,Alphabet (Class A)
2023-09-01,1169557779,GS,Goldman Sachs
2023-09-01,1169557779,HD,Home Depot
2023-09-01,1169557779,HON,Honeywell
2023-09-01,1169557779,IBM,IBM
2023-09-01,1169557779,INTC,Intel
2023-09-01,1169557779,JNJ,Johnson & Johnson
2023-09-01,1169557779,JPM,JPMorgan Chase
2023-09-01,1169557779,KHC,Kraft Heinz
2023-09-01,1169557779,KO,Coca-Cola
2023-09-01,1169557779,LIN,Linde
2023-09-01,1169557779,LLY,Lilly
2023-09-01,1169557779,LMT,Lockheed Martin
2023-09-01,1169557779,LOW,Lowe's
2023-09-01,1169557779,MA,Mastercard
2023-09-01,1169557779,MCD,McDonald's
2023-09-01,1169557779,MDLZ,Mondelēz International
2023-09-01,1169557779,MDT,Medtronic
2023-09-01,1169557779,MET,MetLife
2023-09-01,1169557779,META,Meta
2023-09-01,1169557779,MMM,3M
2023-09-01,1169557779,MO,Altria
2023-09-01,1169557779,MRK,Merck
2023-09-01,1169557779,MS,Morgan Stanley
2023-09-01,1169557779,MSFT,Microsoft
2023-09-01,1169557779,NEE,NextEra Energy
2023-09-01,1169557779,NFLX,Netflix
2023-09-01,1169557779,NKE,Nike
2023-09-01,1169557779,NVDA,Nvidia
2023-09-01,1169557779,ORCL,Oracle
2023-09-01,1169557779,PEP,PepsiCo
2023-09-01,1169557779,PFE,Pfizer
2023-09-01,1169557779,PG,Procter & Gamble
2023-09-01,1169557779,PM,Philip Morris International
2023-09-01,1169557779,PYPL,PayPal
2023-09-01,1169557779,QCOM,Qualcomm
2023-09-01,1169557779,RTX,RTX Corporation
2023-09-01,1169557779,SBUX,Starbucks
2023-09-01,1169557779,SCHW,Charles Schwab
2023-09-01,1169557779,SO,Southern Company
2023-09-01,1169557779,SPG,Simon
2023-09-01,1169557779,T,AT&T
2023-09-01,1169557779,TGT,Target
2023-09-01,1169557779,TMO,Thermo Fisher Scientific
2023-09-01,1169557779,TMUS,T-Mobile
2023-09-01,1169557779,TSLA,Tesla
2023-09-01,1169557779,TXN,Texas Instruments
2023-09-01,1169557779,UNH,UnitedHealth Group
2023-09-01,1169557779,UNP,Union Pacific
2023-09-01,1169557779,UPS,United Parcel Service
2023-09-01,1169557779,USB,U.S. Bank
2023-09-01,1169557779,V,Visa
2023-09-01,1169557779,VZ,Verizon
2023-09-01,1169557779,WBA,Walgreens Boots Alliance
2023-09-01,1169557779,WFC,Wells Fargo
2023-09-01,1169557779,WMT,Walmart
2023-09-01,1169557779,XOM,ExxonMobil
2023-09-08,1169557779,AAPL,Apple
2023-09-08,1169557779,ABBV,AbbVie
2023-09-08,1169557779,ABT,Abbott
2023-09-08,1169557779,ACN,Accenture
2023-09-08,1169557779,ADBE,Adobe
2023-09-08,1169557779,AIG,American International Group
2023-09-08,1169557779,AMD,AMD
2023-09-08,1169557779,AMGN,Amgen
2023-09-08,1169557779,AMT,American Tower
2023-09-08,1169557779,AMZN,Amazon
2023-09-08,1169557779,AVGO,Broadcom
2023-09-08,1169557779,AXP,American Express
2023-09-08,1169557779,BA,Boeing
2023-09-08,1169557779,BAC,Bank of America
2023-09-08,1169557779,BK,BNY Mellon
2023-09-08,1169557779,BKNG,Booking Holdings
2023-09-08,1169557779,BLK,BlackRock
2023-09-08,1169557779,BMY,Bristol Myers Squibb
2023-09-08,1169557779,C,Citigroup
2023-09-08,1169557779,CAT,Caterpillar
2023-09-08,1169557779,CHTR,Charter Communications
2023-09-08,1169557779,CL,Colgate-Palmolive
2023-09-08,1169557779,CMCSA,Comcast
2023-09-08,1169557779,COF,Capital One
2023-09-08,1169557779,COP,ConocoPhillips
2023-09-08,1169557779,COST,Costco
2023-09-08,1169557779,CRM,Salesforce
2023-09-08,1169557779,CSCO,Cisco
2023-09-08,1169557779,CVS,CVS Health
2023-09-08,1169557779,CVX,Chevron
2023-09-08,1169557779,DHR,Danaher
2023-09-08,1169557779,DIS,Disney
2023-09-08,1169557779,DOW,Dow
2023-09-08,1169557779,DUK,Duke Energy
2023-09-08,1169557779,EMR,Emerson
2023-09-08,1169557779,EXC,Exelon
2023-09-08,1169557779,F,Ford
2023-09-08,1169557779,FDX,FedEx
2023-09-08,1169557779,GD,General Dynamics
2023-09-08,1169557779,GE,GE
2023-09-08,1169557779,GILD,Gilead
2023-09-08,1169557779,GM,GM
2023-09-08,1169557779,GOOG,Alphabet(Class C)
2023-09-08,1169557779,GOOGL,Alphabet (Class A)
2023-09-08,1169557779,GS,Goldman Sachs
2023-09-08,1169557779,HD,Home Depot
2023-09-08,1169557779,HON,Honeywell
2023-09-08,1169557779,IBM,IBM
2023-09-08,1169557779,INTC,Intel
2023-09-08,1169557779,JNJ,Johnson & Johnson
2023-09-08,1169557779,JPM,JPMorgan Chase
2023-09-08,1169557779,KHC,Kraft Heinz
2023-09-08,1169557779,KO,Coca-Cola
2023-09-08,1169557779,LIN,Linde
2023-09-08,1169557779,LLY,Lilly
2023-09-08,1169557779,LMT,Lockheed Martin
2023-09-08,1169557779,LOW,Lowe's
2023-09-08,1169557779,MA,Mastercard
2023-09-08,1169557779,MCD,McDonald's
2023-09-08,1169557779,MDLZ,Mondelēz International
2023-09-08,1169557779,MDT,Medtronic
2023-09-08,1169557779,MET,MetLife
2023-09-08,1169557779,META,Meta
2023-09-08,1169557779,MMM,3M
2023-09-08,1169557779,MO,Altria
2023-09-08,1169557779,MRK,Merck
2023-09-08,1169557779,MS,Morgan Stanley
2023-09-08,1169557779,MSFT,Microsoft
2023-09-08,1169557779,NEE,NextEra Energy
2023-09-08,1169557779,NFLX,Netflix
2023-09-08,1169557779,NKE,Nike
2023-09-08,1169557779,NVDA,Nvidia
2023-09-08,1169557779,ORCL,Oracle
2023-09-08,1169557779,PEP,PepsiCo
2023-09-08,1169557779,PFE,Pfizer
2023-09-08,1169557779,PG,Procter & Gamble
2023-09-08,1169557779,PM,Philip Morris International
2023-09-08,1169557779,PYPL,PayPal
2023-09-08,1169557779,QCOM,Qualcomm
2023-09-08,1169557779,RTX,RTX Corporation
2023-09-08,1169557779,SBUX,Starbucks
2023-09-08,1169557779,SCHW,Charles Schwab
2023-09-08,1169557779,SO,Southern Company
2023-09-08,1169557779,SPG,Simon
2023-09-08,1169557779,T,AT&T
2023-09-08,1169557779,TGT,Target
2023-09-08,1169557779,TMO,Thermo Fisher Scientific
2023-09-08,1169557779,TMUS,T-Mobile
2023-09-08,1169557779,TSLA,Tesla
2023-09-08,1169557779,TXN,Texas Instruments
2023-09-08,1169557779,UNH,UnitedHealth Group
2023-09-08,1169557779,UNP,Union Pacific
2023-09-08,1169557779,UPS,United Parcel Service
2023-09-08,1169557779,USB,U.S. Bank
2023-09-08,1169557779,V,Visa
2023-09-08,1169557779,VZ,Verizon
2023-09-08,1169557779,WBA,Walgreens Boots Alliance
2023-09-08,1169557779,WFC,Wells Fargo
2023-09-08,1169557779,WMT,Walmart
2023-09-08,1169557779,XOM,ExxonMobil
2023-09-15,1169557779,AAPL,Apple
2023-09-15,1169557779,ABBV,AbbVie
2023-09-15,1169557779,ABT,Abbott
2023-09-15,1169557779,ACN,Accenture
2023-09-15,1169557779,ADBE,Adobe
2023-09-15,1169557779,AIG,American International Group
2023-09-15,1169557779,AMD,AMD
2023-09-15,1169557779,AMGN,Amgen
2023-09-15,1169557779,AMT,American Tower
2023-09-15,1169557779,AMZN,Amazon
2023-09-15,1169557779,AVGO,Broadcom
2023-09-15,1169557779,AXP,American Express
2023-09-15,1169557779,BA,Boeing
2023-09-15,1169557779,BAC,Bank of America
2023-09-15,1169557779,BK,BNY Mellon
2023-09-15,1169557779,BKNG,Booking Holdings
2023-09-15,1169557779,BLK,BlackRock
2023-09-15,1169557779,BMY,Bristol Myers Squibb
2023-09-15,1169557779,C,Citigroup
2023-09-15,1169557779,CAT,Caterpillar
2023-09-15,1169557779,CHTR,Charter Communications
2023-09-15,1169557779,CL,Colgate-Palmolive
2023-09-15,1169557779,CMCSA,Comcast
2023-09-15,1169557779,COF,Capital One
2023-09-15,1169557779,COP,ConocoPhillips
2023-09-15,1169557779,COST,Costco
2023-09-15,1169557779,CRM,Salesforce
2023-09-15,1169557779,CSCO,Cisco
2023-09-15,1169557779,CVS,CVS Health
2023-09-15,1169557779,CVX,Chevron
2023-09-15,1169557779,DHR,Danaher
2023-09-15,1169557779,DIS,Disney
2023-09-15,1169557779,DOW,Dow
2023-09-15,1169557779,DUK,Duke Energy
2023-09-15,1169557779,EMR,Emerson
2023-09-15,1169557779,EXC,Exelon
2023-09-15,1169557779,F,Ford
2023-09-15,1169557779,FDX,FedEx
2023-09-15,1169557779,GD,General Dynamics
2023-09-15,1169557779,GE,GE
2023-09-15,1169557779,GILD,Gilead
2023-09-15,1169557779,GM,GM
2023-09-15,1169557779,GOOG,Alphabet(Class C)
2023-09-15,1169557779,GOOGL,Alphabet (Class A)
2023-09-15,1169557779,GS,Goldman Sachs
2023-09-15,1169557779,HD,Home Depot
2023-09-15,1169557779,HON,Honeywell
2023-09-15,1169557779,IBM,IBM
2023-09-15,1169557779,INTC,Intel
2023-09-15,1169557779,JNJ,Johnson & Johnson
2023-09-15,1169557779,JPM,JPMorgan Chase
2023-09-15,1169557779,KHC,Kraft Heinz
2023-09-15,1169557779,KO,Coca-Cola
2023-09-15,1169557779,LIN,Linde
2023-09-15,1169557779,LLY,Lilly
2023-09-15,1169557779,LMT,Lockheed Martin
2023-09-15,1169557779,LOW,Lowe's
2023-09-15,1169557779,MA,Mastercard
2023-09-15,1169557779,MCD,McDonald's
2023-09-15,1169557779,MDLZ,Mondelēz International
2023-09-15,1169557779,MDT,Medtronic
2023-09-15,1169557779,MET,MetLife
2023-09-15,1169557779,META,Meta
2023-09-15,1169557779,MMM,3M
2023-09-15,1169557779,MO,Altria
2023-09-15,1169557779,MRK,Merck
2023-09-15,1169557779,MS,Morgan Stanley
2023-09-15,1169557779,MSFT,Microsoft
2023-09-15,1169557779,NEE,NextEra Energy
2023-09-15,1169557779,NFLX,Netflix
2023-09-15,1169557779,NKE,Nike
2023-09-15,1169557779,NVDA,Nvidia
2023-09-15,1169557779,ORCL,Oracle
2023-09-15,1169557779,PEP,PepsiCo
2023-09-15,1169557779,PFE,Pfizer
2023-09-15,1169557779,PG,Procter & Gamble
2023-09-15,1169557779,PM,Philip Morris International
2023-09-15,1169557779,PYPL,PayPal
2023-09-15,1169557779,QCOM,Qualcomm
2023-09-15,1169557779,RTX,RTX Corporation
2023-09-15,1169557779,SBUX,Starbucks
2023-09-15,1169557779,SCHW,Charles Schwab
2023-09-15,1169557779,SO,Southern Company
2023-09-15,1169557779,SPG,Simon
2023-09-15,1169557779,T,AT&T
2023-09-15,1169557779,TGT,Target
2023-09-15,1169557779,TMO,Thermo Fisher Scientific
2023-09-15,1169557779,TMUS,T-Mobile
2023-09-15,1169557779,TSLA,Tesla
2023-09-15,1169557779,TXN,Texas Instruments
2023-09-15,1169557779,UNH,UnitedHealth Group
2023-09-15,1169557779,UNP,Union Pacific
2023-09-15,1169557779,UPS,United Parcel Service
2023-09-15,1169557779,USB,U.S. Bank
2023-09-15,1169557779,V,Visa
2023-09-15,1169557779,VZ,Verizon
2023-09-15,1169557779,WBA,Walgreens Boots Alliance
2023-09-15,1169557779,WFC,Wells Fargo
2023-09-15,1169557779,WMT,Walmart
2023-09-15,1169557779,XOM,ExxonMobil
2023-09-22,1176055724,AAPL,Apple
2023-09-22,1176055724,ABBV,AbbVie
2023-09-22,1176055724,ABT,Abbott
2023-09-22,1176055724,ACN,Accenture
2023-09-22,1176055724,ADBE,Adobe
2023-09-22,1176055724,AIG,American International Group
2023-09-22,1176055724,AMD,AMD
2023-09-22,1176055724,AMGN,Amgen
2023-09-22,1176055724,AMT,American Tower
2023-09-22,1176055724,AMZN,Amazon
2023-09-22,1176055724,AVGO,Broadcom
2023-09-22,1176055724,AXP,American Express
2023-09-22,1176055724,BA,Boeing
2023-09-22,1176055724,BAC,Bank of America
2023-09-22,1176055724,BK,BNY Mellon
2023-09-22,1176055724,BKNG,Booking Holdings
2023-09-22,1176055724,BLK,BlackRock
2023-09-22,1176055724,BMY,Bristol Myers Squibb
2023-09-22,1176055724,C,Citigroup
2023-09-22,1176055724,CAT,Caterpillar
2023-09-22,1176055724,CHTR,Charter Communications
2023-09-22,1176055724,CL,Colgate-Palmolive
2023-09-22,1176055724,CMCSA,Comcast
2023-09-22,1176055724,COF,Capital One
2023-09-22,1176055724,COP,ConocoPhillips
2023-09-22,1176055724,COST,Costco
2023-09-22,1176055724,CRM,Salesforce
2023-09-22,1176055724,CSCO,Cisco
2023-09-22,1176055724,CVS,CVS Health
2023-09-22,1176055724,CVX,Chevron
2023-09-22,1176055724,DE,Deere & Company
2023-09-22,1176055724,DHR,Danaher
2023-09-22,1176055724,DIS,Disney
2023-09-22,1176055724,DOW,Dow
2023-09-22,1176055724,DUK,Duke Energy
2023-09-22,1176055724,EMR,Emerson
2023-09-22,1176055724,EXC,Exelon
2023-09-22,1176055724,F,Ford
2023-09-22,1176055724,FDX,FedEx
2023-09-22,1176055724,GD,General Dynamics
2023-09-22,1176055724,GE,GE
2023-09-22,1176055724,GILD,Gilead
2023-09-22,1176055724,GM,GM
2023-09-22,1176055724,GOOG,Alphabet(Class C)
2023-09-22,1176055724,GOOGL,Alphabet (Class A)
2023-09-22,1176055724,GS,Goldman Sachs
2023-09-22,1176055724,HD,Home Depot
2023-09-22,1176055724,HON,Honeywell
2023-09-22,1176055724,IBM,IBM
2023-09-22,1176055724,INTC,Intel
2023-09-22,1176055724,JNJ,Johnson & Johnson
2023-09-22,1176055724,JPM,JPMorgan Chase
2023-09-22,1176055724,KHC,Kraft Heinz
2023-09-22,1176055724,KO,Coca-Cola
2023-09-22,1176055724,LIN,Linde
2023-09-22,1176055724,LLY,Lilly
2023-09-22,1176055724,LMT,Lockheed Martin
2023-09-22,1176055724,LOW,Lowe's
2023-09-22,1176055724,MA,Mastercard
2023-09-22,1176055724,MCD,McDonald's
2023-09-22,1176055724,MDLZ,Mondelēz International
2023-09-22,1176055724,MDT,Medtronic
2023-09-22,1176055724,MET,MetLife
2023-09-22,1176055724,META,Meta
2023-09-22,1176055724,MMM,3M
2023-09-22,1176055724,MO,Altria
2023-09-22,1176055724,MRK,Merck
2023-09-22,1176055724,MS,Morgan Stanley
2023-09-22,1176055724,MSFT,Microsoft
2023-09-22,1176055724,NEE,NextEra Energy
2023-09-22,1176055724,NFLX,Netflix
2023-09-22,1176055724,NKE,Nike
2023-09-22,1176055724,NVDA,Nvidia
2023-09-22,1176055724,ORCL,Oracle
2023-09-22,1176055724,PEP,PepsiCo
2023-09-22,1176055724,PFE,Pfizer
2023-09-22,1176055724,PG,Procter & Gamble
2023-09-22,1176055724,PM,Philip Morris International
2023-09-22,1176055724,PYPL,PayPal
2023-09-22,1176055724,QCOM,Qualcomm
2023-09-22,1176055724,RTX,RTX Corporation
2023-09-22,1176055724,SBUX,Starbucks
2023-09-22,1176055724,SCHW,Charles Schwab
2023-09-22,1176055724,SO,Southern Company
2023-09-22,1176055724,SPG,Simon
2023-09-22,1176055724,T,AT&T
2023-09-22,1176055724,TGT,Target
2023-09-22,1176055724,TMO,Thermo Fisher Scientific
2023-09-22,1176055724,TMUS,T-Mobile
2023-09-22,1176055724,TSLA,Tesla
2023-09-22,1176055724,TXN,Texas Instruments
2023-09-22,1176055724,UNH,UnitedHealth Group
2023-09-22,1176055724,UNP,Union Pacific
2023-09-22,1176055724,UPS,United Parcel Service
2023-09-22,1176055724,USB,U.S. Bank
2023-09-22,1176055724,V,Visa
2023-09-22,1176055724,VZ,Verizon
2023-09-22,1176055724,WFC,Wells Fargo
2023-09-22,1176055724,WMT,Walmart
2023-09-22,1176055724,XOM,ExxonMobil
2023-09-29,1177681786,AAPL,Apple
2023-09-29,1177681786,ABBV,AbbVie
2023-09-29,1177681786,ABT,Abbott
2023-09-29,1177681786,ACN,Accenture
2023-09-29,1177681786,ADBE,Adobe
2023-09-29,1177681786,AIG,American International Group
2023-09-29,1177681786,AMD,AMD
2023-09-29,1177681786,AMGN,Amgen
2023-09-29,1177681786,AMT,American Tower
2023-09-29,1177681786,AMZN,Amazon
2023-09-29,1177681786,AVGO,Broadcom
2023-09-29,1177681786,AXP,American Express
2023-09-29,1177681786,BA,Boeing
2023-09-29,1177681786,BAC,Bank of America
2023-09-29,1177681786,BK,BNY Mellon
2023-09-29,1177681786,BKNG,Booking Holdings
2023-09-29,1177681786,BLK,BlackRock
2023-09-29,1177681786,BMY,Bristol Myers Squibb
2023-09-29,1177681786,C,Citigroup
2023-09-29,1177681786,CAT,Caterpillar
2023-09-29,1177681786,CHTR,Charter Communications
2023-09-29,1177681786,CL,Colgate-Palmolive
2023-09-29,1177681786,CMCSA,Comcast
2023-09-29,1177681786,COF,Capital One
2023-09-29,1177681786,COP,ConocoPhillips
2023-09-29,1177681786,COST,Costco
2023-09-29,1177681786,CRM,Salesforce
2023-09-29,1177681786,CSCO,Cisco
2023-09-29,1177681786,CVS,CVS Health
2023-09-29,1177681786,CVX,Chevron
2023-09-29,1177681786,DE,Deere & Company
2023-09-29,1177681786,DHR,Danaher
2023-09-29,1177681786,DIS,Disney
2023-09-29,1177681786,DOW,Dow
2023-09-29,1177681786,DUK,Duke Energy
2023-09-29,1177681786,EMR,Emerson
2023-09-29,1177681786,EXC,Exelon
2023-09-29,1177681786,F,Ford
2023-09-29,1177681786,FDX,FedEx
2023-09-29,1177681786,GD,General Dynamics
2023-09-29,1177681786,GE,GE
2023-09-29,1177681786,GILD,Gilead
2023-09-29,1177681786,GM,GM
2023-09-29,1177681786,GOOG,Alphabet(Class C)
2023-09-29,1177681786,GOOGL,Alphabet (Class A)
2023-09-29,1177681786,GS,Goldman Sachs
2023-09-29,1177681786,HD,Home Depot
2023-09-29,1177681786,HON,Honeywell
2023-09-29,1177681786,IBM,IBM
2023-09-29,1177681786,INTC,Intel
2023-09-29,1177681786,JNJ,Johnson & Johnson
2023-09-29,1177681786,JPM,JPMorgan Chase
2023-09-29,1177681786,KHC,Kraft Heinz
2023-09-29,1177681786,KO,Coca-Cola
2023-09-29,1177681786,LIN,Linde
2023-09-29,1177681786,LLY,Lilly
2023-09-29,1177681786,LMT,Lockheed Martin
2023-09-29,1177681786,LOW,Lowe's
2023-09-29,1177681786,MA,Mastercard
2023-09-29,1177681786,MCD,McDonald's
2023-09-29,1177681786,MDLZ,Mondelēz International
2023-09-29,1177681786,MDT,Medtronic
2023-09-29,1177681786,MET,MetLife
2023-09-29,1177681786,META,Meta
2023-09-29,1177681786,MMM,3M
2023-09-29,1177681786,MO,Altria
2023-09-29,1177681786,MRK,Merck
2023-09-29,1177681786,MS,Morgan Stanley
2023-09-29,1177681786,MSFT,Microsoft
2023-09-29,1177681786,NEE,NextEra Energy
2023-09-29,1177681786,NFLX,Netflix
2023-09-29,1177681786,NKE,Nike
2023-09-29,1177681786,NVDA,Nvidia
2023-09-29,1177681786,ORCL,Oracle
2023-09-29,1177681786,PEP,PepsiCo
2023-09-29,1177681786,PFE,Pfizer
2023-09-29,1177681786,PG,Procter & Gamble
2023-09-29,1177681786,PM,Philip Morris International
2023-09-29,1177681786,PYPL,PayPal
2023-09-29,1177681786,QCOM,Qualcomm
2023-09-29,1177681786,RTX,RTX Corporation
2023-09-29,1177681786,SBUX,Starbucks
2023-09-29,1177681786,SCHW,Charles Schwab
2023-09-29,1177681786,SO,Southern Company
2023-09-29,1177681786,SPG,Simon
2023-09-29,1177681786,T,AT&T
2023-09-29,1177681786,TGT,Target
2023-09-29,1177681786,TMO,Thermo Fisher Scientific
2023-09-29,1177681786,TMUS,T-Mobile
2023-09-29,1177681786,TSLA,Tesla
2023-09-29,1177681786,TXN,Texas Instruments
2023-09-29,1177681786,UNH,UnitedHealth Group
2023-09-29,1177681786,UNP,Union Pacific
2023-09-29,1177681786,UPS,United Parcel Service
2023-09-29,1177681786,USB,U.S. Bank
2023-09-29,1177681786,V,Visa
2023-09-29,1177681786,VZ,Verizon
2023-09-29,1177681786,WFC,Wells Fargo
2023-09-29,1177681786,WMT,Walmart
2023-09-29,1177681786,XOM,ExxonMobil
2023-10-06,1177681786,AAPL,Apple
2023-10-06,1177681786,ABBV,AbbVie
2023-10-06,1177681786,ABT,Abbott
2023-10-06,1177681786,ACN,Accenture
2023-10-06,1177681786,ADBE,Adobe
2023-10-06,1177681786,AIG,American International Group
2023-10-06,1177681786,AMD,AMD
2023-10-06,1177681786,AMGN,Amgen
2023-10-06,1177681786,AMT,American Tower
2023-10-06,1177681786,AMZN,Amazon
2023-10-06,1177681786,AVGO,Broadcom
2023-10-06,1177681786,AXP,American Express
2023-10-06,1177681786,BA,Boeing
2023-10-06,1177681786,BAC,Bank of America
2023-10-06,1177681786,BK,BNY Mellon
2023-10-06,1177681786,BKNG,Booking Holdings
2023-10-06,1177681786,BLK,BlackRock
2023-10-06,1177681786,BMY,Bristol Myers Squibb
2023-10-06,1177681786,C,Citigroup
2023-10-06,1177681786,CAT,Caterpillar
2023-10-06,1177681786,CHTR,Charter Communications
2023-10-06,1177681786,CL,Colgate-Palmolive
2023-10-06,1177681786,CMCSA,Comcast
2023-10-06,1177681786,COF,Capital One
2023-10-06,1177681786,COP,ConocoPhillips
2023-10-06,1177681786,COST,Costco
2023-10-06,1177681786,CRM,Salesforce
2023-10-06,1177681786,CSCO,Cisco
2023-10-06,1177681786,CVS,CVS Health
2023-10-06,1177681786,CVX,Chevron
2023-10-06,1177681786,DE,Deere & Company
2023-10-06,1177681786,DHR,Danaher
2023-10-06,1177681786,DIS,Disney
2023-10-06,1177681786,DOW,Dow
2023-10-06,1177681786,DUK,Duke Energy
2023-10-06,1177681786,EMR,Emerson
2023-10-06,1177681786,EXC,Exelon
2023-10-06,1177681786,F,Ford
2023-10-06,1177681786,FDX,FedEx
2023-10-06,1177681786,GD,General Dynamics
2023-10-06,1177681786,GE,GE
2023-10-06,1177681786,GILD,Gilead
2023-10-06,1177681786,GM,GM
2023-10-06,1177681786,GOOG,Alphabet(Class C)
2023-10-06,1177681786,GOOGL,Alphabet (Class A)
2023-10-06,1177681786,GS,Goldman Sachs
2023-10-06,1177681786,HD,Home Depot
2023-10-06,1177681786,HON,Honeywell
2023-10-06,1177681786,IBM,IBM
2023-10-06,1177681786,INTC,Intel
2023-10-06,1177681786,JNJ,Johnson & Johnson
2023-10-06,1177681786,JPM,JPMorgan Chase
2023-10-06,1177681786,KHC,Kraft Heinz
2023-10-06,1177681786,KO,Coca-Cola
2023-10-06,1177681786,LIN,Linde
2023-10-06,1177681786,LLY,Lilly
2023-10-06,1177681786,LMT,Lockheed Martin
2023-10-06,1177681786,LOW,Lowe's
2023-10-06,1177681786,MA,Mastercard
2023-10-06,1177681786,MCD,McDonald's
2023-10-06,1177681786,MDLZ,Mondelēz International
2023-10-06,1177681786,MDT,Medtronic
2023-10-06,1177681786,MET,MetLife
2023-10-06,1177681786,META,Meta
2023-10-06,1177681786,MMM,3M
2023-10-06,1177681786,MO,Altria
2023-10-06,1177681786,MRK,Merck
2023-10-06,1177681786,MS,Morgan Stanley
2023-10-06,1177681786,MSFT,Microsoft
2023-10-06,1177681786,NEE,NextEra Energy
2023-10-06,1177681786,NFLX,Netflix
2023-10-06,1177681786,NKE,Nike
2023-10-06,1177681786,NVDA,Nvidia
2023-10-06,1177681786,ORCL,Oracle
2023-10-06,1177681786,PEP,PepsiCo
2023-10-06,1177681786,PFE,Pfizer
2023-10-06,1177681786,PG,Procter & Gamble
2023-10-06,1177681786,PM,Philip Morris International
2023-10-06,1177681786,PYPL,PayPal
2023-10-06,1177681786,QCOM,Qualcomm
2023-10-06,1177681786,RTX,RTX Corporation
2023-10-06,1177681786,SBUX,Starbucks
2023-10-06,1177681786,SCHW,Charles Schwab
2023-10-06,1177681786,SO,Southern Company
2023-10-06,1177681786,SPG,Simon
2023-10-06,1177681786,T,AT&T
2023-10-06,1177681786,TGT,Target
2023-10-06,1177681786,TMO,Thermo Fisher Scientific
2023-10-06,1177681786,TMUS,T-Mobile
2023-10-06,1177681786,TSLA,Tesla
2023-10-06,1177681786,TXN,Texas Instruments
2023-10-06,1177681786,UNH,UnitedHealth Group
2023-10-06,1177681786,UNP,Union Pacific
2023-10-06,1177681786,UPS,United Parcel Service
2023-10-06,1177681786,USB,U.S. Bank
2023-10-06,1177681786,V,Visa
2023-10-06,1177681786,VZ,Verizon
2023-10-06,1177681786,WFC,Wells Fargo
2023-10-06,1177681786,WMT,Walmart
2023-10-06,1177681786,XOM,ExxonMobil
2023-10-13,1177681786,AAPL,Apple
2023-10-13,1177681786,ABBV,AbbVie
2023-10-13,1177681786,ABT,Abbott
2023-10-13,1177681786,ACN,Accenture
2023-10-13,1177681786,ADBE,Adobe
2023-10-13,1177681786,AIG,American International Group
2023-10-13,1177681786,AMD,AMD
2023-10-13,1177681786,AMGN,Amgen
2023-10-13,1177681786,AMT,American Tower
2023-10-13,1177681786,AMZN,Amazon
2023-10-13,1177681786,AVGO,Broadcom
2023-10-13,1177681786,AXP,American Express
2023-10-13,1177681786,BA,Boeing
2023-10-13,1177681786,BAC,Bank of America
2023-10-13,1177681786,BK,BNY Mellon
2023-10-13,1177681786,BKNG,Booking Holdings
2023-10-13,1177681786,BLK,BlackRock
2023-10-13,1177681786,BMY,Bristol Myers Squibb
2023-10-13,1177681786,C,Citigroup
2023-10-13,1177681786,CAT,Caterpillar
2023-10-13,1177681786,CHTR,Charter Communications
2023-10-13,1177681786,CL,Colgate-Palmolive
2023-10-13,1177681786,CMCSA,Comcast
2023-10-13,1177681786,COF,Capital One
2023-10-13,1177681786,COP,ConocoPhillips
2023-10-13,1177681786,COST,Costco
2023-10-13,1177681786,CRM,Salesforce
2023-10-13,1177681786,CSCO,Cisco
2023-10-13,1177681786,CVS,CVS Health
2023-10-13,1177681786,CVX,Chevron
2023-10-13,1177681786,DE,Deere & Company
2023-10-13,1177681786,DHR,Danaher
2023-10-13,1177681786,DIS,Disney
2023-10-13,1177681786,DOW,Dow
2023-10-13,1177681786,DUK,Duke Energy
2023-10-13,1177681786,EMR,Emerson
2023-10-13,1177681786,EXC,Exelon
2023-10-13,1177681786,F,Ford
2023-10-13,1177681786,FDX,FedEx
2023-10-13,1177681786,GD,General Dynamics
2023-10-13,1177681786,GE,GE
2023-10-13,1177681786,GILD,Gilead
2023-10-13,1177681786,GM,GM
2023-10-13,1177681786,GOOG,Alphabet(Class C)
2023-10-13,1177681786,GOOGL,Alphabet (Class A)
2023-10-13,1177681786,GS,Goldman Sachs
2023-10-13,1177681786,HD,Home Depot
2023-10-13,1177681786,HON,Honeywell
2023-10-13,1177681786,IBM,IBM
2023-10-13,1177681786,INTC,Intel
2023-10-13,1177681786,JNJ,Johnson & Johnson
2023-10-13,1177681786,JPM,JPMorgan Chase
2023-10-13,1177681786,KHC,Kraft Heinz
2023-10-13,1177681786,KO,Coca-Cola
2023-10-13,1177681786,LIN,Linde
2023-10-13,1177681786,LLY,Lilly
2023-10-13,1177681786,LMT,Lockheed Martin
2023-10-13,1177681786,LOW,Lowe's
2023-10-13,1177681786,MA,Mastercard
2023-10-13,1177681786,MCD,McDonald's
2023-10-13,1177681786,MDLZ,Mondelēz International
2023-10-13,1177681786,MDT,Medtronic
2023-10-13,1177681786,MET,MetLife
2023-10-13,1177681786,META,Meta
2023-10-13,1177681786,MMM,3M
2023-10-13,1177681786,MO,Altria
2023-10-13,1177681786,MRK,Merck
2023-10-13,1177681786,MS,Morgan Stanley
2023-10-13,1177681786,MSFT,Microsoft
2023-10-13,1177681786,NEE,NextEra Energy
2023-10-13,1177681786,NFLX,Netflix
2023-10-13,1177681786,NKE,Nike
2023-10-13,1177681786,NVDA,Nvidia
2023-10-13,1177681786,ORCL,Oracle
2023-10-13,1177681786,PEP,PepsiCo
2023-10-13,1177681786,PFE,Pfizer
2023-10-13,1177681786,PG,Procter & Gamble
2023-10-13,1177681786,PM,Philip Morris International
2023-10-13,1177681786,PYPL,PayPal
2023-10-13,1177681786,QCOM,Qualcomm
2023-10-13,1177681786,RTX,RTX Corporation
2023-10-13,1177681786,SBUX,Starbucks
2023-10-13,1177681786,SCHW,Charles Schwab
2023-10-13,1177681786,SO,Southern Company
2023-10-13,1177681786,SPG,Simon
2023-10-13,1177681786,T,AT&T
2023-10-13,1177681786,TGT,Target
2023-10-13,1177681786,TMO,Thermo Fisher Scientific
2023-10-13,1177681786,TMUS,T-Mobile
2023-10-13,1177681786,TSLA,Tesla
2023-10-13,1177681786,TXN,Texas Instruments
2023-10-13,1177681786,UNH,UnitedHealth Group
2023-10-13,1177681786,UNP,Union Pacific
2023-10-13,1177681786,UPS,United Parcel Service
2023-10-13,1177681786,USB,U.S. Bank
2023-10-13,1177681786,V,Visa
2023-10-13,1177681786,VZ,Verizon
2023-10-13,1177681786,WFC,Wells Fargo
2023-10-13,1177681786,WMT,Walmart
2023-10-13,1177681786,XOM,ExxonMobil
2023-10-20,1177681786,AAPL,Apple
2023-10-20,1177681786,ABBV,AbbVie
2023-10-20,1177681786,ABT,Abbott
2023-10-20,1177681786,ACN,Accenture
2023-10-20,1177681786,ADBE,Adobe
2023-10-20,1177681786,AIG,American International Group
2023-10-20,1177681786,AMD,AMD
2023-10-20,1177681786,AMGN,Amgen
2023-10-20,1177681786,AMT,American Tower
2023-10-20,1177681786,AMZN,Amazon
2023-10-20,1177681786,AVGO,Broadcom
2023-10-20,1177681786,AXP,American Express
2023-10-20,1177681786,BA,Boeing
2023-10-20,1177681786,BAC,Bank of America
2023-10-20,1177681786,BK,BNY Mellon
2023-10-20,1177681786,BKNG,Booking Holdings
2023-10-20,1177681786,BLK,BlackRock
2023-10-20,1177681786,BMY,Bristol Myers Squibb
2023-10-20,1177681786,C,Citigroup
2023-10-20,1177681786,CAT,Caterpillar
2023-10-20,1177681786,CHTR,Charter Communications
2023-10-20,1177681786,CL,Colgate-Palmolive
2023-10-20,1177681786,CMCSA,Comcast
2023-10-20,1177681786,COF,Capital One
2023-10-20,1177681786,COP,ConocoPhillips
2023-10-20,1177681786,COST,Costco
2023-10-20,1177681786,CRM,Salesforce
2023-10-20,1177681786,CSCO,Cisco
2023-10-20,1177681786,CVS,CVS Health
2023-10-20,1177681786,CVX,Chevron
2023-10-20,1177681786,DE,Deere & Company
2023-10-20,1177681786,DHR,Danaher
2023-10-20,1177681786,DIS,Disney
2023-10-20,1177681786,DOW,Dow
2023-10-20,1177681786,DUK,Duke Energy
2023-10-20,1177681786,EMR,Emerson
2023-10-20,1177681786,EXC,Exelon
2023-10-20,1177681786,F,Ford
2023-10-20,1177681786,FDX,FedEx
2023-10-20,1177681786,GD,General Dynamics
2023-10-20,1177681786,GE,GE
2023-10-20,1177681786,GILD,Gilead
2023-10-20,1177681786,GM,GM
2023-10-20,1177681786,GOOG,Alphabet(Class C)
2023-10-20,1177681786,GOOGL,Alphabet (Class A)
2023-10-20,1177681786,GS,Goldman Sachs
2023-10-20,1177681786,HD,Home Depot
2023-10-20,1177681786,HON,Honeywell
2023-10-20,1177681786,IBM,IBM
2023-10-20,1177681786,INTC,Intel
2023-10-20,1177681786,JNJ,Johnson & Johnson
2023-10-20,1177681786,JPM,JPMorgan Chase
2023-10-20,1177681786,KHC,Kraft Heinz
2023-10-20,1177681786,KO,Coca-Cola
2023-10-20,1177681786,LIN,Linde
2023-10-20,1177681786,LLY,Lilly
2023-10-20,1177681786,LMT,Lockheed Martin
2023-10-20,1177681786,LOW,Lowe's
2023-10-20,1177681786,MA,Mastercard
2023-10-20,1177681786,MCD,McDonald's
2023-10-20,1177681786,MDLZ,Mondelēz International
2023-10-20,1177681786,MDT,Medtronic
2023-10-20,1177681786,MET,MetLife
2023-10-20,1177681786,META,Meta
2023-10-20,1177681786,MMM,3M
2023-10-20,1177681786,MO,Altria
2023-10-20,1177681786,MRK,Merck
2023-10-20,1177681786,MS,Morgan Stanley
2023-10-20,1177681786,MSFT,Microsoft
2023-10-20,1177681786,NEE,NextEra Energy
2023-10-20,1177681786,NFLX,Netflix
2023-10-20,1177681786,NKE,Nike
2023-10-20,1177681786,NVDA,Nvidia
2023-10-20,1177681786,ORCL,Oracle
2023-10-20,1177681786,PEP,PepsiCo
2023-10-20,1177681786,PFE,Pfizer
2023-10-20,1177681786,PG,Procter & Gamble
2023-10-20,1177681786,PM,Philip Morris International
2023-10-20,1177681786,PYPL,PayPal
2023-10-20,1177681786,QCOM,Qualcomm
2023-10-20,1177681786,RTX,RTX Corporation
2023-10-20,1177681786,SBUX,Starbucks
2023-10-20,1177681786,SCHW,Charles Schwab
2023-10-20,1177681786,SO,Southern Company
2023-10-20,1177681786,SPG,Simon
2023-10-20,1177681786,T,AT&T
2023-10-20,1177681786,TGT,Target
2023-10-20,1177681786,TMO,Thermo Fisher Scientific
2023-10-20,1177681786,TMUS,T-Mobile
2023-10-20,1177681786,TSLA,Tesla
2023-10-20,1177681786,TXN,Texas Instruments
2023-10-20,1177681786,UNH,UnitedHealth Group
2023-10-20,1177681786,UNP,Union Pacific
2023-10-20,1177681786,UPS,United Parcel Service
2023-10-20,1177681786,USB,U.S. Bank
2023-10-20,1177681786,V,Visa
2023-10-20,1177681786,VZ,Verizon
2023-10-20,1177681786,WFC,Wells Fargo
2023-10-20,1177681786,WMT,Walmart
2023-10-20,1177681786,XOM,ExxonMobil
2023-10-27,1181784111,AAPL,Apple
2023-10-27,1181784111,ABBV,AbbVie
2023-10-27,1181784111,ABT,Abbott
2023-10-27,1181784111,ACN,Accenture
2023-10-27,1181784111,ADBE,Adobe
2023-10-27,1181784111,AIG,American International Group
2023-10-27,1181784111,AMD,AMD
2023-10-27,1181784111,AMGN,Amgen
2023-10-27,1181784111,AMT,American Tower
2023-10-27,1181784111,AMZN,Amazon
2023-10-27,1181784111,AVGO,Broadcom
2023-10-27,1181784111,AXP,American Express
2023-10-27,1181784111,BA,Boeing
2023-10-27,1181784111,BAC,Bank of America
2023-10-27,1181784111,BK,BNY Mellon
2023-10-27,1181784111,BKNG,Booking Holdings
2023-10-27,1181784111,BLK,BlackRock
2023-10-27,1181784111,BMY,Bristol Myers Squibb
2023-10-27,1181784111,C,Citigroup
2023-10-27,1181784111,CAT,Caterpillar
2023-10-27,1181784111,CHTR,Charter Communications
2023-10-27,1181784111,CL,Colgate-Palmolive
2023-10-27,1181784111,CMCSA,Comcast
2023-10-27,1181784111,COF,Capital One
2023-10-27,1181784111,COP,ConocoPhillips
2023-10-27,1181784111,COST,Costco
2023-10-27,1181784111,CRM,Salesforce
2023-10-27,1181784111,CSCO,Cisco
2023-10-27,1181784111,CVS,CVS Health
2023-10-27,1181784111,CVX,Chevron
2023-10-27,1181784111,DE,Deere & Company
2023-10-27,1181784111,DHR,Danaher
2023-10-27,1181784111,DIS,Disney
2023-10-27,1181784111,DOW,Dow
2023-10-27,1181784111,DUK,Duke Energy
2023-10-27,1181784111,EMR,Emerson
2023-10-27,1181784111,EXC,Exelon
2023-10-27,1181784111,F,Ford
2023-10-27,1181784111,FDX,FedEx
2023-10-27,1181784111,GD,General Dynamics
2023-10-27,1181784111,GE,GE
2023-10-27,1181784111,GILD,Gilead
2023-10-27,1181784111,GM,GM
2023-10-27,1181784111,GOOG,Alphabet(Class C)
2023-10-27,1181784111,GOOGL,Alphabet (Class A)
2023-10-27,1181784111,GS,Goldman Sachs
2023-10-27,1181784111,HD,Home Depot
2023-10-27,1181784111,HON,Honeywell
2023-10-27,1181784111,IBM,IBM
2023-10-27,1181784111,INTC,Intel
2023-10-27,1181784111,JNJ,Johnson & Johnson
2023-10-27,1181784111,JPM,JPMorgan Chase
2023-10-27,1181784111,KHC,Kraft Heinz
2023-10-27,1181784111,KO,Coca-Cola
2023-10-27,1181784111,LIN,Linde
2023-10-27,1181784111,LLY,Lilly
2023-10-27,1181784111,LMT,Lockheed Martin
2023-10-27,1181784111,LOW,Lowe's
2023-10-27,1181784111,MA,Mastercard
2023-10-27,1181784111,MCD,McDonald's
2023-10-27,1181784111,MDLZ,Mondelēz International
2023-10-27,1181784111,MDT,Medtronic
2023-10-27,1181784111,MET,MetLife
2023-10-27,1181784111,META,Meta
2023-10-27,1181784111,MMM,3M
2023-10-27,1181784111,MO,Altria
2023-10-27,1181784111,MRK,Merck
2023-10-27,1181784111,MS,Morgan Stanley
2023-10-27,1181784111,MSFT,Microsoft
2023-10-27,1181784111,NEE,NextEra Energy
2023-10-27,1181784111,NFLX,Netflix
2023-10-27,1181784111,NKE,Nike
2023-10-27,1181784111,NVDA,Nvidia
2023-10-27,1181784111,ORCL,Oracle
2023-10-27,1181784111,PEP,PepsiCo
2023-10-27,1181784111,PFE,Pfizer
2023-10-27,1181784111,PG,Procter & Gamble
2023-10-27,1181784111,PM,Philip Morris International
2023-10-27,1181784111,PYPL,PayPal
2023-10-27,1181784111,QCOM,Qualcomm
2023-10-27,1181784111,RTX,RTX Corporation
2023-10-27,1181784111,SBUX,Starbucks
2023-10-27,1181784111,SCHW,Charles Schwab
2023-10-27,1181784111,SO,Southern Company
2023-10-27,1181784111,SPG,Simon
2023-10-27,1181784111,T,AT&T
2023-10-27,1181784111,TGT,Target
2023-10-27,1181784111,TMO,Thermo Fisher Scientific
2023-10-27,1181784111,TMUS,T-Mobile
2023-10-27,1181784111,TSLA,Tesla
2023-10-27,1181784111,TXN,Texas Instruments
2023-10-27,1181784111,UNH,UnitedHealth Group
2023-10-27,1181784111,UNP,Union Pacific
2023-10-27,1181784111,UPS,United Parcel Service
2023-10-27,1181784111,USB,U.S. Bank
2023-10-27,1181784111,V,Visa
2023-10-27,1181784111,VZ,Verizon
2023-10-27,1181784111,WFC,Wells Fargo
2023-10-27,1181784111,WMT,Walmart
2023-10-27,1181784111,XOM,ExxonMobil
2023-11-03,1181784111,AAPL,Apple
2023-11-03,1181784111,ABBV,AbbVie
2023-11-03,1181784111,ABT,Abbott
2023-11-03,1181784111,ACN,Accenture
2023-11-03,1181784111,ADBE,Adobe
2023-11-03,1181784111,AIG,American International Group
2023-11-03,1181784111,AMD,AMD
2023-11-03,1181784111,AMGN,Amgen
2023-11-03,1181784111,AMT,American Tower
2023-11-03,1181784111,AMZN,Amazon
2023-11-03,1181784111,AVGO,Broadcom
2023-11-03,1181784111,AXP,American Express
2023-11-03,1181784111,BA,Boeing
2023-11-03,1181784111,BAC,Bank of America
2023-11-03,1181784111,BK,BNY Mellon
2023-11-03,1181784111,BKNG,Booking Holdings
2023-11-03,1181784111,BLK,BlackRock
2023-11-03,1181784111,BMY,Bristol Myers Squibb
2023-11-03,1181784111,C,Citigroup
2023-11-03,1181784111,CAT,Caterpillar
2023-11-03,1181784111,CHTR,Charter Communications
2023-11-03,1181784111,CL,Colgate-Palmolive
2023-11-03,1181784111,CMCSA,Comcast
2023-11-03,1181784111,COF,Capital One
2023-11-03,1181784111,COP,ConocoPhillips
2023-11-03,1181784111,COST,Costco
2023-11-03,1181784111,CRM,Salesforce
2023-11-03,1181784111,CSCO,Cisco
2023-11-03,1181784111,CVS,CVS Health
2023-11-03,1181784111,CVX,Chevron
2023-11-03,1181784111,DE,Deere & Company
2023-11-03,1181784111,DHR,Danaher
2023-11-03,1181784111,DIS,Disney
2023-11-03,1181784111,DOW,Dow
2023-11-03,1181784111,DUK,Duke Energy
2023-11-03,1181784111,EMR,Emerson
2023-11-03,1181784111,EXC,Exelon
2023-11-03,1181784111,F,Ford
2023-11-03,1181784111,FDX,FedEx
2023-11-03,1181784111,GD,General Dynamics
2023-11-03,1181784111,GE,GE
2023-11-03,1181784111,GILD,Gilead
2023-11-03,1181784111,GM,GM
2023-11-03,1181784111,GOOG,Alphabet(Class C)
2023-11-03,1181784111,GOOGL,Alphabet (Class A)
2023-11-03,1181784111,GS,Goldman Sachs
2023-11-03,1181784111,HD,Home Depot
2023-11-03,1181784111,HON,Honeywell
2023-11-03,1181784111,IBM,IBM
2023-11-03,1181784111,INTC,Intel
2023-11-03,1181784111,JNJ,Johnson & Johnson
2023-11-03,1181784111,JPM,JPMorgan Chase
2023-11-03,1181784111,KHC,Kraft Heinz
2023-11-03,1181784111,KO,Coca-Cola
2023-11-03,1181784111,LIN,Linde
2023-11-03,1181784111,LLY,Lilly
2023-11-03,1181784111,LMT,Lockheed Martin
2023-11-03,1181784111,LOW,Lowe's
2023-11-03,1181784111,MA,Mastercard
2023-11-03,1181784111,MCD,McDonald's
2023-11-03,1181784111,MDLZ,Mondelēz International
2023-11-03,1181784111,MDT,Medtronic
2023-11-03,1181784111,MET,MetLife
2023-11-03,1181784111,META,Meta
2023-11-03,1181784111,MMM,3M
2023-11-03,1181784111,MO,Altria
2023-11-03,1181784111,MRK,Merck
2023-11-03,1181784111,MS,Morgan Stanley
2023-11-03,1181784111,MSFT,Microsoft
2023-11-03,1181784111,NEE,NextEra Energy
2023-11-03,1181784111,NFLX,Netflix
2023-11-03,1181784111,NKE,Nike
2023-11-03,1181784111,NVDA,Nvidia
2023-11-03,1181784111,ORCL,Oracle
2023-11-03,1181784111,PEP,PepsiCo
2023-11-03,1181784111,PFE,Pfizer
2023-11-03,1181784111,PG,Procter & Gamble
2023-11-03,1181784111,PM,Philip Morris International
2023-11-03,1181784111,PYPL,PayPal
2023-11-03,1181784111,QCOM,Qualcomm
2023-11-03,1181784111,RTX,RTX Corporation
2023-11-03,1181784111,SBUX,Starbucks
2023-11-03,1181784111,SCHW,Charles Schwab
2023-11-03,1181784111,SO,Southern Company
2023-11-03,1181784111,SPG,Simon
2023-11-03,1181784111,T,AT&T
2023-11-03,1181784111,TGT,Target
2023-11-03,1181784111,TMO,Thermo Fisher Scientific
2023-11-03,1181784111,TMUS,T-Mobile
2023-11-03,1181784111,TSLA,Tesla
2023-11-03,1181784111,TXN,Texas Instruments
2023-11-03,1181784111,UNH,UnitedHealth Group
2023-11-03,1181784111,UNP,Union Pacific
2023-11-03,1181784111,UPS,United Parcel Service
2023-11-03,1181784111,USB,U.S. Bank
2023-11-03,1181784111,V,Visa
2023-11-03,1181784111,VZ,Verizon
2023-11-03,1181784111,WFC,Wells Fargo
2023-11-03,1181784111,WMT,Walmart
2023-11-03,1181784111,XOM,ExxonMobil
2023-11-10,1181784111,AAPL,Apple
2023-11-10,1181784111,ABBV,AbbVie
2023-11-10,1181784111,ABT,Abbott
2023-11-10,1181784111,ACN,Accenture
2023-11-10,1181784111,ADBE,Adobe
2023-11-10,1181784111,AIG,American International Group
2023-11-10,1181784111,AMD,AMD
2023-11-10,1181784111,AMGN,Amgen
2023-11-10,1181784111,AMT,American Tower
2023-11-10,1181784111,AMZN,Amazon
2023-11-10,1181784111,AVGO,Broadcom
2023-11-10,1181784111,AXP,American Express
2023-11-10,1181784111,BA,Boeing
2023-11-10,1181784111,BAC,Bank of America
2023-11-10,1181784111,BK,BNY Mellon
2023-11-10,1181784111,BKNG,Booking Holdings
2023-11-10,1181784111,BLK,BlackRock
2023-11-10,1181784111,BMY,Bristol Myers Squibb
2023-11-10,1181784111,C,Citigroup
2023-11-10,1181784111,CAT,Caterpillar
2023-11-10,1181784111,CHTR,Charter Communications
2023-11-10,1181784111,CL,Colgate-Palmolive
2023-11-10,1181784111,CMCSA,Comcast
2023-11-10,1181784111,COF,Capital One
2023-11-10,1181784111,COP,ConocoPhillips
2023-11-10,1181784111,COST,Costco
2023-11-10,1181784111,CRM,Salesforce
2023-11-10,1181784111,CSCO,Cisco
2023-11-10,1181784111,CVS,CVS Health
2023-11-10,1181784111,CVX,Chevron
2023-11-10,1181784111,DE,Deere & Company
2023-11-10,1181784111,DHR,Danaher
2023-11-10,1181784111,DIS,Disney
2023-11-10,1181784111,DOW,Dow
2023-11-10,1181784111,DUK,Duke Energy
2023-11-10,1181784111,EMR,Emerson
2023-11-10,1181784111,EXC,Exelon
2023-11-10,1181784111,F,Ford
2023-11-10,1181784111,FDX,FedEx
2023-11-10,1181784111,GD,General Dynamics
2023-11-10,1181784111,GE,GE
2023-11-10,1181784111,GILD,Gilead
2023-11-10,1181784111,GM,GM
2023-11-10,1181784111,GOOG,Alphabet(Class C)
2023-11-10,1181784111,GOOGL,Alphabet (Class A)
2023-11-10,1181784111,GS,Goldman Sachs
2023-11-10,1181784111,HD,Home Depot
2023-11-10,1181784111,HON,Honeywell
2023-11-10,1181784111,IBM,IBM
2023-11-10,1181784111,INTC,Intel
2023-11-10,1181784111,JNJ,Johnson & Johnson
2023-11-10,1181784111,JPM,JPMorgan Chase
2023-11-10,1181784111,KHC,Kraft Heinz
2023-11-10,1181784111,KO,Coca-Cola
2023-11-10,1181784111,LIN,Linde
2023-11-10,1181784111,LLY,Lilly
2023-11-10,1181784111,LMT,Lockheed Martin
2023-11-10,1181784111,LOW,Lowe's
2023-11-10,1181784111,MA,Mastercard
2023-11-10,1181784111,MCD,McDonald's
2023-11-10,1181784111,MDLZ,Mondelēz International
2023-11-10,1181784111,MDT,Medtronic
2023-11-10,1181784111,MET,MetLife
2023-11-10,1181784111,META,Meta
2023-11-10,1181784111,MMM,3M
2023-11-10,1181784111,MO,Altria
2023-11-10,1181784111,MRK,Merck
2023-11-10,1181784111,MS,Morgan Stanley
2023-11-10,1181784111,MSFT,Microsoft
2023-11-10,1181784111,NEE,NextEra Energy
2023-11-10,1181784111,NFLX,Netflix
2023-11-10,1181784111,NKE,Nike
2023-11-10,1181784111,NVDA,Nvidia
2023-11-10,1181784111,ORCL,Oracle
2023-11-10,1181784111,PEP,PepsiCo
2023-11-10,1181784111,PFE,Pfizer
2023-11-10,1181784111,PG,Procter & Gamble
2023-11-10,1181784111,PM,Philip Morris International
2023-11-10,1181784111,PYPL,PayPal
2023-11-10,1181784111,QCOM,Qualcomm
2023-11-10,1181784111,RTX,RTX Corporation
2023-11-10,1181784111,SBUX,Starbucks
2023-11-10,1181784111,SCHW,Charles Schwab
2023-11-10,1181784111,SO,Southern Company
2023-11-10,1181784111,SPG,Simon
2023-11-10,1181784111,T,AT&T
2023-11-10,1181784111,TGT,Target
2023-11-10,1181784111,TMO,Thermo Fisher Scientific
2023-11-10,1181784111,TMUS,T-Mobile
2023-11-10,1181784111,TSLA,Tesla
2023-11-10,1181784111,TXN,Texas Instruments
2023-11-10,1181784111,UNH,UnitedHealth Group
2023-11-10,1181784111,UNP,Union Pacific
2023-11-10,1181784111,UPS,United Parcel Service
2023-11-10,1181784111,USB,U.S. Bank
2023-11-10,1181784111,V,Visa
2023-11-10,1181784111,VZ,Verizon
2023-11-10,1181784111,WFC,Wells Fargo
2023-11-10,1181784111,WMT,Walmart
2023-11-10,1181784111,XOM,ExxonMobil
2023-11-17,1181784111,AAPL,Apple
2023-11-17,1181784111,ABBV,AbbVie
2023-11-17,1181784111,ABT,Abbott
2023-11-17,1181784111,ACN,Accenture
2023-11-17,1181784111,ADBE,Adobe
2023-11-17,1181784111,AIG,American International Group
2023-11-17,1181784111,AMD,AMD
2023-11-17,1181784111,AMGN,Amgen
2023-11-17,1181784111,AMT,American Tower
2023-11-17,1181784111,AMZN,Amazon
2023-11-17,1181784111,AVGO,Broadcom
2023-11-17,1181784111,AXP,American Express
2023-11-17,1181784111,BA,Boeing
2023-11-17,1181784111,BAC,Bank of America
2023-11-17,1181784111,BK,BNY Mellon
2023-11-17,1181784111,BKNG,Booking Holdings
2023-11-17,1181784111,BLK,BlackRock
2023-11-17,1181784111,BMY,Bristol Myers Squibb
2023-11-17,1181784111,C,Citigroup
2023-11-17,1181784111,CAT,Caterpillar
2023-11-17,1181784111,CHTR,Charter Communications
2023-11-17,1181784111,CL,Colgate-Palmolive
2023-11-17,1181784111,CMCSA,Comcast
2023-11-17,1181784111,COF,Capital One
2023-11-17,1181784111,COP,ConocoPhillips
2023-11-17,1181784111,COST,Costco
2023-11-17,1181784111,CRM,Salesforce
2023-11-17,1181784111,CSCO,Cisco
2023-11-17,1181784111,CVS,CVS Health
2023-11-17,1181784111,CVX,Chevron
2023-11-17,1181784111,DE,Deere & Company
2023-11-17,1181784111,DHR,Danaher
2023-11-17,1181784111,DIS,Disney
2023-11-17,1181784111,DOW,Dow
2023-11-17,1181784111,DUK,Duke Energy
2023-11-17,1181784111,EMR,Emerson
2023-11-17,1181784111,EXC,Exelon
2023-11-17,1181784111,F,Ford
2023-11-17,1181784111,FDX,FedEx
2023-11-17,1181784111,GD,General Dynamics
2023-11-17,1181784111,GE,GE
2023-11-17,1181784111,GILD,Gilead
2023-11-17,1181784111,GM,GM
2023-11-17,1181784111,GOOG,Alphabet(Class C)
2023-11-17,1181784111,GOOGL,Alphabet (Class A)
2023-11-17,1181784111,GS,Goldman Sachs
2023-11-17,1181784111,HD,Home Depot
2023-11-17,1181784111,HON,Honeywell
2023-11-17,1181784111,IBM,IBM
2023-11-17,1181784111,INTC,Intel
2023-11-17,1181784111,JNJ,Johnson & Johnson
2023-11-17,1181784111,JPM,JPMorgan Chase
2023-11-17,1181784111,KHC,Kraft Heinz
2023-11-17,1181784111,KO,Coca-Cola
2023-11-17,1181784111,LIN,Linde
2023-11-17,1181784111,LLY,Lilly
2023-11-17,1181784111,LMT,Lockheed Martin
2023-11-17,1181784111,LOW,Lowe's
2023-11-17,1181784111,MA,Mastercard
2023-11-17,1181784111,MCD,McDonald's
2023-11-17,1181784111,MDLZ,Mondelēz International
2023-11-17,1181784111,MDT,Medtronic
2023-11-17,1181784111,MET,MetLife
2023-11-17,1181784111,META,Meta
2023-11-17,1181784111,MMM,3M
2023-11-17,1181784111,MO,Altria
2023-11-17,1181784111,MRK,Merck
2023-11-17,1181784111,MS,Morgan Stanley
2023-11-17,1181784111,MSFT,Microsoft
2023-11-17,1181784111,NEE,NextEra Energy
2023-11-17,1181784111,NFLX,Netflix
2023-11-17,1181784111,NKE,Nike
2023-11-17,1181784111,NVDA,Nvidia
2023-11-17,1181784111,ORCL,Oracle
2023-11-17,1181784111,PEP,PepsiCo
2023-11-17,1181784111,PFE,Pfizer
2023-11-17,1181784111,PG,Procter & Gamble
2023-11-17,1181784111,PM,Philip Morris International
2023-11-17,1181784111,PYPL,PayPal
2023-11-17,1181784111,QCOM,Qualcomm
2023-11-17,1181784111,RTX,RTX Corporation
2023-11-17,1181784111,SBUX,Starbucks
2023-11-17,1181784111,SCHW,Charles Schwab
2023-11-17,1181784111,SO,Southern Company
2023-11-17,1181784111,SPG,Simon
2023-11-17,1181784111,T,AT&T
2023-11-17,1181784111,TGT,Target
2023-11-17,1181784111,TMO,Thermo Fisher Scientific
2023-11-17,1181784111,TMUS,T-Mobile
2023-11-17,1181784111,TSLA,Tesla
2023-11-17,1181784111,TXN,Texas Instruments
2023-11-17,1181784111,UNH,UnitedHealth Group
2023-11-17,1181784111,UNP,Union Pacific
2023-11-17,1181784111,UPS,United Parcel Service
2023-11-17,1181784111,USB,U.S. Bank
2023-11-17,1181784111,V,Visa
2023-11-17,1181784111,VZ,Verizon
2023-11-17,1181784111,WFC,Wells Fargo
2023-11-17,1181784111,WMT,Walmart
2023-11-17,1181784111,XOM,ExxonMobil
2023-11-24,1181784111,AAPL,Apple
2023-11-24,1181784111,ABBV,AbbVie
2023-11-24,1181784111,ABT,Abbott
2023-11-24,1181784111,ACN,Accenture
2023-11-24,1181784111,ADBE,Adobe
2023-11-24,1181784111,AIG,American International Group
2023-11-24,1181784111,AMD,AMD
2023-11-24,1181784111,AMGN,Amgen
2023-11-24,1181784111,AMT,American Tower
2023-11-24,1181784111,AMZN,Amazon
2023-11-24,1181784111,AVGO,Broadcom
2023-11-24,1181784111,AXP,American Express
2023-11-24,1181784111,BA,Boeing
2023-11-24,1181784111,BAC,Bank of America
2023-11-24,1181784111,BK,BNY Mellon
2023-11-24,1181784111,BKNG,Booking Holdings
2023-11-24,1181784111,BLK,BlackRock
2023-11-24,1181784111,BMY,Bristol Myers Squibb
2023-11-24,1181784111,C,Citigroup
2023-11-24,1181784111,CAT,Caterpillar
2023-11-24,1181784111,CHTR,Charter Communications
2023-11-24,1181784111,CL,Colgate-Palmolive
2023-11-24,1181784111,CMCSA,Comcast
2023-11-24,1181784111,COF,Capital One
2023-11-24,1181784111,COP,ConocoPhillips
2023-11-24,1181784111,COST,Costco
2023-11-24,1181784111,CRM,Salesforce
2023-11-24,1181784111,CSCO,Cisco
2023-11-24,1181784111,CVS,CVS Health
2023-11-24,1181784111,CVX,Chevron
2023-11-24,1181784111,DE,Deere & Company
2023-11-24,1181784111,DHR,Danaher
2023-11-24,1181784111,DIS,Disney
2023-11-24,1181784111,DOW,Dow
2023-11-24,1181784111,DUK,Duke Energy
2023-11-24,1181784111,EMR,Emerson
2023-11-24,1181784111,EXC,Exelon
2023-11-24,1181784111,F,Ford
2023-11-24,1181784111,FDX,FedEx
2023-11-24,1181784111,GD,General Dynamics
2023-11-24,1181784111,GE,GE
2023-11-24,1181784111,GILD,Gilead
2023-11-24,1181784111,GM,GM
2023-11-24,1181784111,GOOG,Alphabet(Class C)
2023-11-24,1181784111,GOOGL,Alphabet (Class A)
2023-11-24,1181784111,GS,Goldman Sachs
2023-11-24,1181784111,HD,Home Depot
2023-11-24,1181784111,HON,Honeywell
2023-11-24,1181784111,IBM,IBM
2023-11-24,1181784111,INTC,Intel
2023-11-24,1181784111,JNJ,Johnson & Johnson
2023-11-24,1181784111,JPM,JPMorgan Chase
2023-11-24,1181784111,KHC,Kraft Heinz
2023-11-24,1181784111,KO,Coca-Cola
2023-11-24,1181784111,LIN,Linde
2023-11-24,1181784111,LLY,Lilly
2023-11-24,1181784111,LMT,Lockheed Martin
2023-11-24,1181784111,LOW,Lowe's
2023-11-24,1181784111,MA,Mastercard
2023-11-24,1181784111,MCD,McDonald's
2023-11-24,1181784111,MDLZ,Mondelēz International
2023-11-24,1181784111,MDT,Medtronic
2023-11-24,1181784111,MET,MetLife
2023-11-24,1181784111,META,Meta
2023-11-24,1181784111,MMM,3M
2023-11-24,1181784111,MO,Altria
2023-11-24,1181784111,MRK,Merck
2023-11-24,1181784111,MS,Morgan Stanley
2023-11-24,1181784111,MSFT,Microsoft
2023-11-24,1181784111,NEE,NextEra Energy
2023-11-24,1181784111,NFLX,Netflix
2023-11-24,1181784111,NKE,Nike
2023-11-24,1181784111,NVDA,Nvidia
2023-11-24,1181784111,ORCL,Oracle
2023-11-24,1181784111,PEP,PepsiCo
2023-11-24,1181784111,PFE,Pfizer
2023-11-24,1181784111,PG,Procter & Gamble
2023-11-24,1181784111,PM,Philip Morris International
2023-11-24,1181784111,PYPL,PayPal
2023-11-24,1181784111,QCOM,Qualcomm
2023-11-24,1181784111,RTX,RTX Corporation
2023-11-24,1181784111,SBUX,Starbucks
2023-11-24,1181784111,SCHW,Charles Schwab
2023-11-24,1181784111,SO,Southern Company
2023-11-24,1181784111,SPG,Simon
2023-11-24,1181784111,T,AT&T
2023-11-24,1181784111,TGT,Target
2023-11-24,1181784111,TMO,Thermo Fisher Scientific
2023-11-24,1181784111,TMUS,T-Mobile
2023-11-24,1181784111,TSLA,Tesla
2023-11-24,1181784111,TXN,Texas Instruments
2023-11-24,1181784111,UNH,UnitedHealth Group
2023-11-24,1181784111,UNP,Union Pacific
2023-11-24,1181784111,UPS,United Parcel Service
2023-11-24,1181784111,USB,U.S. Bank
2023-11-24,1181784111,V,Visa
2023-11-24,1181784111,VZ,Verizon
2023-11-24,1181784111,WFC,Wells Fargo
2023-11-24,1181784111,WMT,Walmart
2023-11-24,1181784111,XOM,ExxonMobil
2023-12-01,1187535961,AAPL,Apple
2023-12-01,1187535961,ABBV,AbbVie
2023-12-01,1187535961,ABT,Abbott
2023-12-01,1187535961,ACN,Accenture
2023-12-01,1187535961,ADBE,Adobe
2023-12-01,1187535961,AIG,American International Group
2023-12-01,1187535961,AMD,AMD
2023-12-01,1187535961,AMGN,Amgen
2023-12-01,1187535961,AMT,American Tower
2023-12-01,1187535961,AMZN,Amazon
2023-12-01,1187535961,AVGO,Broadcom
2023-12-01,1187535961,AXP,American Express
2023-12-01,1187535961,BA,Boeing
2023-12-01,1187535961,BAC,Bank of America
2023-12-01,1187535961,BK,BNY Mellon
2023-12-01,1187535961,BKNG,Booking Holdings
2023-12-01,1187535961,BLK,BlackRock
2023-12-01,1187535961,BMY,Bristol Myers Squibb
2023-12-01,1187535961,C,Citigroup
2023-12-01,1187535961,CAT,Caterpillar
2023-12-01,1187535961,CHTR,Charter Communications
2023-12-01,1187535961,CL,Colgate-Palmolive
2023-12-01,1187535961,CMCSA,Comcast
2023-12-01,1187535961,COF,Capital One
2023-12-01,1187535961,COP,ConocoPhillips
2023-12-01,1187535961,COST,Costco
2023-12-01,1187535961,CRM,Salesforce
2023-12-01,1187535961,CSCO,Cisco
2023-12-01,1187535961,CVS,CVS Health
2023-12-01,1187535961,CVX,Chevron
2023-12-01,1187535961,DE,Deere & Company
2023-12-01,1187535961,DHR,Danaher
2023-12-01,1187535961,DIS,Disney
2023-12-01,1187535961,DOW,Dow
2023-12-01,1187535961,DUK,Duke Energy
2023-12-01,1187535961,EMR,Emerson
2023-12-01,1187535961,EXC,Exelon
2023-12-01,1187535961,F,Ford
2023-12-01,1187535961,FDX,FedEx
2023-12-01,1187535961,GD,General Dynamics
2023-12-01,1187535961,GE,GE
2023-12-01,1187535961,GILD,Gilead
2023-12-01,1187535961,GM,GM
2023-12-01,1187535961,GOOG,Alphabet(Class C)
2023-12-01,1187535961,GOOGL,Alphabet (Class A)
2023-12-01,1187535961,GS,Goldman Sachs
2023-12-01,1187535961,HD,Home Depot
2023-12-01,1187535961,HON,Honeywell
2023-12-01,1187535961,IBM,IBM
2023-12-01,1187535961,INTC,Intel
2023-12-01,1187535961,JNJ,Johnson & Johnson
2023-12-01,1187535961,JPM,JPMorgan Chase
2023-12-01,1187535961,KHC,Kraft Heinz
2023-12-01,1187535961,KO,Coca-Cola
2023-12-01,1187535961,LIN,Linde
2023-12-01,1187535961,LLY,Lilly
2023-12-01,1187535961,LMT,Lockheed Martin
2023-12-01,1187535961,LOW,Lowe's
2023-12-01,1187535961,MA,Mastercard
2023-12-01,1187535961,MCD,McDonald's
2023-12-01,1187535961,MDLZ,Mondelēz International
2023-12-01,1187535961,MDT,Medtronic
2023-12-01,1187535961,MET,MetLife
2023-12-01,1187535961,META,Meta
2023-12-01,1187535961,MMM,3M
2023-12-01,1187535961,MO,Altria
2023-12-01,1187535961,MRK,Merck
2023-12-01,1187535961,MS,Morgan Stanley
2023-12-01,1187535961,MSFT,Microsoft
2023-12-01,1187535961,NEE,NextEra Energy
2023-12-01,1187535961,NFLX,Netflix
2023-12-01,1187535961,NKE,Nike
2023-12-01,1187535961,NVDA,Nvidia
2023-12-01,1187535961,ORCL,Oracle
2023-12-01,1187535961,PEP,PepsiCo
2023-12-01,1187535961,PFE,Pfizer
2023-12-01,1187535961,PG,Procter & Gamble
2023-12-01,1187535961,PM,Philip Morris International
2023-12-01,1187535961,PYPL,PayPal
2023-12-01,1187535961,QCOM,Qualcomm
2023-12-01,1187535961,RTX,RTX Corporation
2023-12-01,1187535961,SBUX,Starbucks
2023-12-01,1187535961,SCHW,Charles Schwab
2023-12-01,1187535961,SO,Southern Company
2023-12-01,1187535961,SPG,Simon
2023-12-01,1187535961,T,AT&T
2023-12-01,1187535961,TGT,Target
2023-12-01,1187535961,TMO,Thermo Fisher Scientific
2023-12-01,1187535961,TMUS,T-Mobile
2023-12-01,1187535961,TSLA,Tesla
2023-12-01,1187535961,TXN,Texas Instruments
2023-12-01,1187535961,UNH,UnitedHealth Group
2023-12-01,1187535961,UNP,Union Pacific
2023-12-01,1187535961,UPS,United Parcel Service
2023-12-01,1187535961,USB,U.S. Bank
2023-12-01,1187535961,V,Visa
2023-12-01,1187535961,VZ,Verizon
2023-12-01,1187535961,WFC,Wells Fargo
2023-12-01,1187535961,WMT,Walmart
2023-12-01,1187535961,XOM,ExxonMobil
2023-12-08,1188140058,AAPL,Apple
2023-12-08,1188140058,ABBV,AbbVie
2023-12-08,1188140058,ABT,Abbott
2023-12-08,1188140058,ACN,Accenture
2023-12-08,1188140058,ADBE,Adobe
2023-12-08,1188140058,AIG,American International Group
2023-12-08,1188140058,AMD,AMD
2023-12-08,1188140058,AMGN,Amgen
2023-12-08,1188140058,AMT,American Tower
2023-12-08,1188140058,AMZN,Amazon
2023-12-08,1188140058,AVGO,Broadcom
2023-12-08,1188140058,AXP,American Express
2023-12-08,1188140058,BA,Boeing
2023-12-08,1188140058,BAC,Bank of America
2023-12-08,1188140058,BK,BNY Mellon
2023-12-08,1188140058,BKNG,Booking Holdings
2023-12-08,1188140058,BLK,BlackRock
2023-12-08,1188140058,BMY,Bristol Myers Squibb
2023-12-08,1188140058,C,Citigroup
2023-12-08,1188140058,CAT,Caterpillar
2023-12-08,1188140058,CHTR,Charter Communications
2023-12-08,1188140058,CL,Colgate-Palmolive
2023-12-08,1188140058,CMCSA,Comcast
2023-12-08,1188140058,COF,Capital One
2023-12-08,1188140058,COP,ConocoPhillips
2023-12-08,1188140058,COST,Costco
2023-12-08,1188140058,CRM,Salesforce
2023-12-08,1188140058,CSCO,Cisco
2023-12-08,1188140058,CVS,CVS Health
2023-12-08,1188140058,CVX,Chevron
2023-12-08,1188140058,DE,Deere & Company
2023-12-08,1188140058,DHR,Danaher
2023-12-08,1188140058,DIS,Disney
2023-12-08,1188140058,DOW,Dow
2023-12-08,1188140058,DUK,Duke Energy
2023-12-08,1188140058,EMR,Emerson
2023-12-08,1188140058,EXC,Exelon
2023-12-08,1188140058,F,Ford
2023-12-08,1188140058,FDX,FedEx
2023-12-08,1188140058,GD,General Dynamics
2023-12-08,1188140058,GE,GE
2023-12-08,1188140058,GILD,Gilead
2023-12-08,1188140058,GM,GM
2023-12-08,1188140058,GOOG,Alphabet(Class C)
2023-12-08,1188140058,GOOGL,Alphabet (Class A)
2023-12-08,1188140058,GS,Goldman Sachs
2023-12-08,1188140058,HD,Home Depot
2023-12-08,1188140058,HON,Honeywell
2023-12-08,1188140058,IBM,IBM
2023-12-08,1188140058,INTC,Intel
2023-12-08,1188140058,JNJ,Johnson & Johnson
2023-12-08,1188140058,JPM,JPMorgan Chase
2023-12-08,1188140058,KHC,Kraft Heinz
2023-12-08,1188140058,KO,Coca-Cola
2023-12-08,1188140058,LIN,Linde
2023-12-08,1188140058,LLY,Lilly
2023-12-08,1188140058,LMT,Lockheed Martin
2023-12-08,1188140058,LOW,Lowe's
2023-12-08,1188140058,MA,Mastercard
2023-12-08,1188140058,MCD,McDonald's
2023-12-08,1188140058,MDLZ,Mondelēz International
2023-12-08,1188140058,MDT,Medtronic
2023-12-08,1188140058,MET,MetLife
2023-12-08,1188140058,META,Meta
2023-12-08,1188140058,MMM,3M
2023-12-08,1188140058,MO,Altria
2023-12-08,1188140058,MRK,Merck
2023-12-08,1188140058,MS,Morgan Stanley
2023-12-08,1188140058,MSFT,Microsoft
2023-12-08,1188140058,NEE,NextEra Energy
2023-12-08,1188140058,NFLX,Netflix
2023-12-08,1188140058,NKE,Nike
2023-12-08,1188140058,NVDA,Nvidia
2023-12-08,1188140058,ORCL,Oracle
2023-12-08,1188140058,PEP,PepsiCo
2023-12-08,1188140058,PFE,Pfizer
2023-12-08,1188140058,PG,Procter & Gamble
2023-12-08,1188140058,PM,Philip Morris International
2023-12-08,1188140058,PYPL,PayPal
2023-12-08,1188140058,QCOM,Qualcomm
2023-12-08,1188140058,RTX,RTX Corporation
2023-12-08,1188140058,SBUX,Starbucks
2023-12-08,1188140058,SCHW,Charles Schwab
2023-12-08,1188140058,SO,Southern Company
2023-12-08,1188140058,SPG,Simon
2023-12-08,1188140058,T,AT&T
2023-12-08,1188140058,TGT,Target
2023-12-08,1188140058,TMO,Thermo Fisher Scientific
2023-12-08,1188140058,TMUS,T-Mobile
2023-12-08,1188140058,TSLA,Tesla
2023-12-08,1188140058,TXN,Texas Instruments
2023-12-08,1188140058,UNH,UnitedHealth Group
2023-12-08,1188140058,UNP,Union Pacific
2023-12-08,1188140058,UPS,United Parcel Service
2023-12-08,1188140058,USB,U.S. Bank
2023-12-08,1188140058,V,Visa
2023-12-08,1188140058,VZ,Verizon
2023-12-08,1188140058,WFC,Wells Fargo
2023-12-08,1188140058,WMT,Walmart
2023-12-08,1188140058,XOM,ExxonMobil
2023-12-15,1188140058,AAPL,Apple
2023-12-15,1188140058,ABBV,AbbVie
2023-12-15,1188140058,ABT,Abbott
2023-12-15,1188140058,ACN,Accenture
2023-12-15,1188140058,ADBE,Adobe
2023-12-15,1188140058,AIG,American International Group
2023-12-15,1188140058,AMD,AMD
2023-12-15,1188140058,AMGN,Amgen
2023-12-15,1188140058,AMT,American Tower
2023-12-15,1188140058,AMZN,Amazon
2023-12-15,1188140058,AVGO,Broadcom
2023-12-15,1188140058,AXP,American Express
2023-12-15,1188140058,BA,Boeing
2023-12-15,1188140058,BAC,Bank of America
2023-12-15,1188140058,BK,BNY Mellon
2023-12-15,1188140058,BKNG,Booking Holdings
2023-12-15,1188140058,BLK,BlackRock
2023-12-15,1188140058,BMY,Bristol Myers Squibb
2023-12-15,1188140058,C,Citigroup
2023-12-15,1188140058,CAT,Caterpillar
2023-12-15,1188140058,CHTR,Charter Communications
2023-12-15,1188140058,CL,Colgate-Palmolive
2023-12-15,1188140058,CMCSA,Comcast
2023-12-15,1188140058,COF,Capital One
2023-12-15,1188140058,COP,ConocoPhillips
2023-12-15,1188140058,COST,Costco
2023-12-15,1188140058,CRM,Salesforce
2023-12-15,1188140058,CSCO,Cisco
2023-12-15,1188140058,CVS,CVS Health
2023-12-15,1188140058,CVX,Chevron
2023-12-15,1188140058,DE,Deere & Company
2023-12-15,1188140058,DHR,Danaher
2023-12-15,1188140058,DIS,Disney
2023-12-15,1188140058,DOW,Dow
2023-12-15,1188140058,DUK,Duke Energy
2023-12-15,1188140058,EMR,Emerson
2023-12-15,1188140058,EXC,Exelon
2023-12-15,1188140058,F,Ford
2023-12-15,1188140058,FDX,FedEx
2023-12-15,1188140058,GD,General Dynamics
2023-12-15,1188140058,GE,GE
2023-12-15,1188140058,GILD,Gilead
2023-12-15,1188140058,GM,GM
2023-12-15,1188140058,GOOG,Alphabet(Class C)
2023-12-15,1188140058,GOOGL,Alphabet (Class A)
2023-12-15,1188140058,GS,Goldman Sachs
2023-12-15,1188140058,HD,Home Depot
2023-12-15,1188140058,HON,Honeywell
2023-12-15,1188140058,IBM,IBM
2023-12-15,1188140058,INTC,Intel
2023-12-15,1188140058,JNJ,Johnson & Johnson
2023-12-15,1188140058,JPM,JPMorgan Chase
2023-12-15,1188140058,KHC,Kraft Heinz
2023-12-15,1188140058,KO,Coca-Cola
2023-12-15,1188140058,LIN,Linde
2023-12-15,1188140058,LLY,Lilly
2023-12-15,1188140058,LMT,Lockheed Martin
2023-12-15,1188140058,LOW,Lowe's
2023-12-15,1188140058,MA,Mastercard
2023-12-15,1188140058,MCD,McDonald's
2023-12-15,1188140058,MDLZ,Mondelēz International
2023-12-15,1188140058,MDT,Medtronic
2023-12-15,1188140058,MET,MetLife
2023-12-15,1188140058,META,Meta
2023-12-15,1188140058,MMM,3M
2023-12-15,1188140058,MO,Altria
2023-12-15,1188140058,MRK,Merck
2023-12-15,1188140058,MS,Morgan Stanley
2023-12-15,1188140058,MSFT,Microsoft
2023-12-15,1188140058,NEE,NextEra Energy
2023-12-15,1188140058,NFLX,Netflix
2023-12-15,1188140058,NKE,Nike
2023-12-15,1188140058,NVDA,Nvidia
2023-12-15,1188140058,ORCL,Oracle
2023-12-15,1188140058,PEP,PepsiCo
2023-12-15,1188140058,PFE,Pfizer
2023-12-15,1188140058,PG,Procter & Gamble
2023-12-15,1188140058,PM,Philip Morris International
2023-12-15,1188140058,PYPL,PayPal
2023-12-15,1188140058,QCOM,Qualcomm
2023-12-15,1188140058,RTX,RTX Corporation
2023-12-15,1188140058,SBUX,Starbucks
2023-12-15,1188140058,SCHW,Charles Schwab
2023-12-15,1188140058,SO,Southern Company
2023-12-15,1188140058,SPG,Simon
2023-12-15,1188140058,T,AT&T
2023-12-15,1188140058,TGT,Target
2023-12-15,1188140058,TMO,Thermo Fisher Scientific
2023-12-15,1188140058,TMUS,T-Mobile
2023-12-15,1188140058,TSLA,Tesla
2023-12-15,1188140058,TXN,Texas Instruments
2023-12-15,1188140058,UNH,UnitedHealth Group
2023-12-15,1188140058,UNP,Union Pacific
2023-12-15,1188140058,UPS,United Parcel Service
2023-12-15,1188140058,USB,U.S. Bank
2023-12-15,1188140058,V,Visa
2023-12-15,1188140058,VZ,Verizon
2023-12-15,1188140058,WFC,Wells Fargo
2023-12-15,1188140058,WMT,Walmart
2023-12-15,1188140058,XOM,ExxonMobil
2023-12-22,1190636511,AAPL,Apple
2023-12-22,1190636511,ABBV,AbbVie
2023-12-22,1190636511,ABT,Abbott
2023-12-22,1190636511,ACN,Accenture
2023-12-22,1190636511,ADBE,Adobe
2023-12-22,1190636511,AIG,American International Group
2023-12-22,1190636511,AMD,AMD
2023-12-22,1190636511,AMGN,Amgen
2023-12-22,1190636511,AMT,American Tower
2023-12-22,1190636511,AMZN,Amazon
2023-12-22,1190636511,AVGO,Broadcom
2023-12-22,1190636511,AXP,American Express
2023-12-22,1190636511,BA,Boeing
2023-12-22,1190636511,BAC,Bank of America
2023-12-22,1190636511,BK,BNY Mellon
2023-12-22,1190636511,BKNG,Booking Holdings
2023-12-22,1190636511,BLK,BlackRock
2023-12-22,1190636511,BMY,Bristol Myers Squibb
2023-12-22,1190636511,C,Citigroup
2023-12-22,1190636511,CAT,Caterpillar
2023-12-22,1190636511,CHTR,Charter Communications
2023-12-22,1190636511,CL,Colgate-Palmolive
2023-12-22,1190636511,CMCSA,Comcast
2023-12-22,1190636511,COF,Capital One
2023-12-22,1190636511,COP,ConocoPhillips
2023-12-22,1190636511,COST,Costco
2023-12-22,1190636511,CRM,Salesforce
2023-12-22,1190636511,CSCO,Cisco
2023-12-22,1190636511,CVS,CVS Health
2023-12-22,1190636511,CVX,Chevron
2023-12-22,1190636511,DE,Deere & Company
2023-12-22,1190636511,DHR,Danaher
2023-12-22,1190636511,DIS,Disney
2023-12-22,1190636511,DOW,Dow
2023-12-22,1190636511,DUK,Duke Energy
2023-12-22,1190636511,EMR,Emerson
2023-12-22,1190636511,EXC,Exelon
2023-12-22,1190636511,F,Ford
2023-12-22,1190636511,FDX,FedEx
2023-12-22,1190636511,GD,General Dynamics
2023-12-22,1190636511,GE,GE
2023-12-22,1190636511,GILD,Gilead
2023-12-22,1190636511,GM,GM
2023-12-22,1190636511,GOOG,Alphabet(Class C)
2023-12-22,1190636511,GOOGL,Alphabet (Class A)
2023-12-22,1190636511,GS,Goldman Sachs
2023-12-22,1190636511,HD,Home Depot
2023-12-22,1190636511,HON,Honeywell
2023-12-22,1190636511,IBM,IBM
2023-12-22,1190636511,INTC,Intel
2023-12-22,1190636511,JNJ,Johnson & Johnson
2023-12-22,1190636511,JPM,JPMorgan Chase
2023-12-22,1190636511,KHC,Kraft Heinz
2023-12-22,1190636511,KO,Coca-Cola
2023-12-22,1190636511,LIN,Linde
2023-12-22,1190636511,LLY,Lilly
2023-12-22,1190636511,LMT,Lockheed Martin
2023-12-22,1190636511,LOW,Lowe's
2023-12-22,1190636511,MA,Mastercard
2023-12-22,1190636511,MCD,McDonald's
2023-12-22,1190636511,MDLZ,Mondelēz International
2023-12-22,1190636511,MDT,Medtronic
2023-12-22,1190636511,MET,MetLife
2023-12-22,1190636511,META,Meta
2023-12-22,1190636511,MMM,3M
2023-12-22,1190636511,MO,Altria
2023-12-22,1190636511,MRK,Merck
2023-12-22,1190636511,MS,Morgan Stanley
2023-12-22,1190636511,MSFT,Microsoft
2023-12-22,1190636511,NEE,NextEra Energy
2023-12-22,1190636511,NFLX,Netflix
2023-12-22,1190636511,NKE,Nike
2023-12-22,1190636511,NVDA,Nvidia
2023-12-22,1190636511,ORCL,Oracle
2023-12-22,1190636511,PEP,PepsiCo
2023-12-22,1190636511,PFE,Pfizer
2023-12-22,1190636511,PG,Procter & Gamble
2023-12-22,1190636511,PM,Philip Morris International
2023-12-22,1190636511,PYPL,PayPal
2023-12-22,1190636511,QCOM,Qualcomm
2023-12-22,1190636511,RTX,RTX Corporation
2023-12-22,1190636511,SBUX,Starbucks
2023-12-22,1190636511,SCHW,Charles Schwab
2023-12-22,1190636511,SO,Southern Company
2023-12-22,1190636511,SPG,Simon
2023-12-22,1190636511,T,AT&T
2023-12-22,1190636511,TGT,Target
2023-12-22,1190636511,TMO,Thermo Fisher Scientific
2023-12-22,1190636511,TMUS,T-Mobile
2023-12-22,1190636511,TSLA,Tesla
2023-12-22,1190636511,TXN,Texas Instruments
2023-12-22,1190636511,UNH,UnitedHealth Group
2023-12-22,1190636511,UNP,Union Pacific
2023-12-22,1190636511,UPS,United Parcel Service
2023-12-22,1190636511,USB,U.S. Bank
2023-12-22,1190636511,V,Visa
2023-12-22,1190636511,VZ,Verizon
2023-12-22,1190636511,WFC,Wells Fargo
2023-12-22,1190636511,WMT,Walmart
2023-12-22,1190636511,XOM,ExxonMobil
2023-12-29,1190636511,AAPL,Apple
2023-12-29,1190636511,ABBV,AbbVie
2023-12-29,1190636511,ABT,Abbott
2023-12-29,1190636511,ACN,Accenture
2023-12-29,1190636511,ADBE,Adobe
2023-12-29,1190636511,AIG,American International Group
2023-12-29,1190636511,AMD,AMD
2023-12-29,1190636511,AMGN,Amgen
2023-12-29,1190636511,AMT,American Tower
2023-12-29,1190636511,AMZN,Amazon
2023-12-29,1190636511,AVGO,Broadcom
2023-12-29,1190636511,AXP,American Express
2023-12-29,1190636511,BA,Boeing
2023-12-29,1190636511,BAC,Bank of America
2023-12-29,1190636511,BK,BNY Mellon
2023-12-29,1190636511,BKNG,Booking Holdings
2023-12-29,1190636511,BLK,BlackRock
2023-12-29,1190636511,BMY,Bristol Myers Squibb
2023-12-29,1190636511,C,Citigroup
2023-12-29,1190636511,CAT,Caterpillar
2023-12-29,1190636511,CHTR,Charter Communications
2023-12-29,1190636511,CL,Colgate-Palmolive
2023-12-29,1190636511,CMCSA,Comcast
2023-12-29,1190636511,COF,Capital One
2023-12-29,1190636511,COP,ConocoPhillips
2023-12-29,1190636511,COST,Costco
2023-12-29,1190636511,CRM,Salesforce
2023-12-29,1190636511,CSCO,Cisco
2023-12-29,1190636511,CVS,CVS Health
2023-12-29,1190636511,CVX,Chevron
2023-12-29,1190636511,DE,Deere & Company
2023-12-29,1190636511,DHR,Danaher
2023-12-29,1190636511,DIS,Disney
2023-12-29,1190636511,DOW,Dow
2023-12-29,1190636511,DUK,Duke Energy
2023-12-29,1190636511,EMR,Emerson
2023-12-29,1190636511,EXC,Exelon
2023-12-29,1190636511,F,Ford
2023-12-29,1190636511,FDX,FedEx
2023-12-29,1190636511,GD,General Dynamics
2023-12-29,1190636511,GE,GE
2023-12-29,1190636511,GILD,Gilead
2023-12-29,1190636511,GM,GM
2023-12-29,1190636511,GOOG,Alphabet(Class C)
2023-12-29,1190636511,GOOGL,Alphabet (Class A)
2023-12-29,1190636511,GS,Goldman Sachs
2023-12-29,1190636511,HD,Home Depot
2023-12-29,1190636511,HON,Honeywell
2023-12-29,1190636511,IBM,IBM
2023-12-29,1190636511,INTC,Intel
2023-12-29,1190636511,JNJ,Johnson & Johnson
2023-12-29,1190636511,JPM,JPMorgan Chase
2023-12-29,1190636511,KHC,Kraft Heinz
2023-12-29,1190636511,KO,Coca-Cola
2023-12-29,1190636511,LIN,Linde
2023-12-29,1190636511,LLY,Lilly
2023-12-29,1190636511,LMT,Lockheed Martin
2023-12-29,1190636511,LOW,Lowe's
2023-12-29,1190636511,MA,Mastercard
2023-12-29,1190636511,MCD,McDonald's
2023-12-29,1190636511,MDLZ,Mondelēz International
2023-12-29,1190636511,MDT,Medtronic
2023-12-29,1190636511,MET,MetLife
2023-12-29,1190636511,META,Meta
2023-12-29,1190636511,MMM,3M
2023-12-29,1190636511,MO,Altria
2023-12-29,1190636511,MRK,Merck
2023-12-29,1190636511,MS,Morgan Stanley
2023-12-29,1190636511,MSFT,Microsoft
2023-12-29,1190636511,NEE,NextEra Energy
2023-12-29,1190636511,NFLX,Netflix
2023-12-29,1190636511,NKE,Nike
2023-12-29,1190636511,NVDA,Nvidia
2023-12-29,1190636511,ORCL,Oracle
2023-12-29,1190636511,PEP,PepsiCo
2023-12-29,1190636511,PFE,Pfizer
2023-12-29,1190636511,PG,Procter & Gamble
2023-12-29,1190636511,PM,Philip Morris International
2023-12-29,1190636511,PYPL,PayPal
2023-12-29,1190636511,QCOM,Qualcomm
2023-12-29,1190636511,RTX,RTX Corporation
2023-12-29,1190636511,SBUX,Starbucks
2023-12-29,1190636511,SCHW,Charles Schwab
2023-12-29,1190636511,SO,Southern Company
2023-12-29,1190636511,SPG,Simon
2023-12-29,1190636511,T,AT&T
2023-12-29,1190636511,TGT,Target
2023-12-29,1190636511,TMO,Thermo Fisher Scientific
2023-12-29,1190636511,TMUS,T-Mobile
2023-12-29,1190636511,TSLA,Tesla
2023-12-29,1190636511,TXN,Texas Instruments
2023-12-29,1190636511,UNH,UnitedHealth Group
2023-12-29,1190636511,UNP,Union Pacific
2023-12-29,1190636511,UPS,United Parcel Service
2023-12-29,1190636511,USB,U.S. Bank
2023-12-29,1190636511,V,Visa
2023-12-29,1190636511,VZ,Verizon
2023-12-29,1190636511,WFC,Wells Fargo
2023-12-29,1190636511,WMT,Walmart
2023-12-29,1190636511,XOM,ExxonMobil
2024-01-05,1192934216,AAPL,Apple
2024-01-05,1192934216,ABBV,AbbVie
2024-01-05,1192934216,ABT,Abbott
2024-01-05,1192934216,ACN,Accenture
2024-01-05,1192934216,ADBE,Adobe
2024-01-05,1192934216,AIG,American International Group
2024-01-05,1192934216,AMD,AMD
2024-01-05,1192934216,AMGN,Amgen
2024-01-05,1192934216,AMT,American Tower
2024-01-05,1192934216,AMZN,Amazon
2024-01-05,1192934216,AVGO,Broadcom
2024-01-05,1192934216,AXP,American Express
2024-01-05,1192934216,BA,Boeing
2024-01-05,1192934216,BAC,Bank of America
2024-01-05,1192934216,BK,BNY Mellon
2024-01-05,1192934216,BKNG,Booking Holdings
2024-01-05,1192934216,BLK,BlackRock
2024-01-05,1192934216,BMY,Bristol Myers Squibb
2024-01-05,1192934216,C,Citigroup
2024-01-05,1192934216,CAT,Caterpillar
2024-01-05,1192934216,CHTR,Charter Communications
2024-01-05,1192934216,CL,Colgate-Palmolive
2024-01-05,1192934216,CMCSA,Comcast
2024-01-05,1192934216,COF,Capital One
2024-01-05,1192934216,COP,ConocoPhillips
2024-01-05,1192934216,COST,Costco
2024-01-05,1192934216,CRM,Salesforce
2024-01-05,1192934216,CSCO,Cisco
2024-01-05,1192934216,CVS,CVS Health
2024-01-05,1192934216,CVX,Chevron
2024-01-05,1192934216,DE,Deere & Company
2024-01-05,1192934216,DHR,Danaher
2024-01-05,1192934216,DIS,Disney
2024-01-05,1192934216,DOW,Dow
2024-01-05,1192934216,DUK,Duke Energy
2024-01-05,1192934216,EMR,Emerson
2024-01-05,1192934216,EXC,Exelon
2024-01-05,1192934216,F,Ford
2024-01-05,1192934216,FDX,FedEx
2024-01-05,1192934216,GD,General Dynamics
2024-01-05,1192934216,GE,GE
2024-01-05,1192934216,GILD,Gilead
2024-01-05,1192934216,GM,GM
2024-01-05,1192934216,GOOG,Alphabet(Class C)
2024-01-05,1192934216,GOOGL,Alphabet (Class A)
2024-01-05,1192934216,GS,Goldman Sachs
2024-01-05,1192934216,HD,Home Depot
2024-01-05,1192934216,HON,Honeywell
2024-01-05,1192934216,IBM,IBM
2024-01-05,1192934216,INTC,Intel
2024-01-05,1192934216,JNJ,Johnson & Johnson
2024-01-05,1192934216,JPM,JPMorgan Chase
2024-01-05,1192934216,KHC,Kraft Heinz
2024-01-05,1192934216,KO,Coca-Cola
2024-01-05,1192934216,LIN,Linde
2024-01-05,1192934216,LLY,Lilly
2024-01-05,1192934216,LMT,Lockheed Martin
2024-01-05,1192934216,LOW,Lowe's
2024-01-05,1192934216,MA,Mastercard
2024-01-05,1192934216,MCD,McDonald's
2024-01-05,1192934216,MDLZ,Mondelēz International
2024-01-05,1192934216,MDT,Medtronic
2024-01-05,1192934216,MET,MetLife
2024-01-05,1192934216,META,Meta
2024-01-05,1192934216,MMM,3M
2024-01-05,1192934216,MO,Altria
2024-01-05,1192934216,MRK,Merck
2024-01-05,1192934216,MS,Morgan Stanley
2024-01-05,1192934216,MSFT,Microsoft
2024-01-05,1192934216,NEE,NextEra Energy
2024-01-05,1192934216,NFLX,Netflix
2024-01-05,1192934216,NKE,Nike
2024-01-05,1192934216,NVDA,Nvidia
2024-01-05,1192934216,ORCL,Oracle
2024-01-05,1192934216,PEP,PepsiCo
2024-01-05,1192934216,PFE,Pfizer
2024-01-05,1192934216,PG,Procter & Gamble
2024-01-05,1192934216,PM,Philip Morris International
2024-01-05,1192934216,PYPL,PayPal
2024-01-05,1192934216,QCOM,Qualcomm
2024-01-05,1192934216,RTX,RTX Corporation
2024-01-05,1192934216,SBUX,Starbucks
2024-01-05,1192934216,SCHW,Charles Schwab
2024-01-05,1192934216,SO,Southern Company
2024-01-05,1192934216,SPG,Simon
2024-01-05,1192934216,T,AT&T
2024-01-05,1192934216,TGT,Target
2024-01-05,1192934216,TMO,Thermo Fisher Scientific
2024-01-05,1192934216,TMUS,T-Mobile
2024-01-05,1192934216,TSLA,Tesla
2024-01-05,1192934216,TXN,Texas Instruments
2024-01-05,1192934216,UNH,UnitedHealth Group
2024-01-05,1192934216,UNP,Union Pacific
2024-01-05,1192934216,UPS,United Parcel Service
2024-01-05,1192934216,USB,U.S. Bank
2024-01-05,1192934216,V,Visa
2024-01-05,1192934216,VZ,Verizon
2024-01-05,1192934216,WFC,Wells Fargo
2024-01-05,1192934216,WMT,Walmart
2024-01-05,1192934216,XOM,ExxonMobil
2024-01-12,1195065810,AAPL,Apple
2024-01-12,1195065810,ABBV,AbbVie
2024-01-12,1195065810,ABT,Abbott
2024-01-12,1195065810,ACN,Accenture
2024-01-12,1195065810,ADBE,Adobe
2024-01-12,1195065810,AIG,American International Group
2024-01-12,1195065810,AMD,AMD
2024-01-12,1195065810,AMGN,Amgen
2024-01-12,1195065810,AMT,American Tower
2024-01-12,1195065810,AMZN,Amazon
2024-01-12,1195065810,AVGO,Broadcom
2024-01-12,1195065810,AXP,American Express
2024-01-12,1195065810,BA,Boeing
2024-01-12,1195065810,BAC,Bank of America
2024-01-12,1195065810,BK,BNY Mellon
2024-01-12,1195065810,BKNG,Booking Holdings
2024-01-12,1195065810,BLK,BlackRock
2024-01-12,1195065810,BMY,Bristol Myers Squibb
2024-01-12,1195065810,C,Citigroup
2024-01-12,1195065810,CAT,Caterpillar
2024-01-12,1195065810,CHTR,Charter Communications
2024-01-12,1195065810,CL,Colgate-Palmolive
2024-01-12,1195065810,CMCSA,Comcast
2024-01-12,1195065810,COF,Capital One
2024-01-12,1195065810,COP,ConocoPhillips
2024-01-12,1195065810,COST,Costco
2024-01-12,1195065810,CRM,Salesforce
2024-01-12,1195065810,CSCO,Cisco
2024-01-12,1195065810,CVS,CVS Health
2024-01-12,1195065810,CVX,Chevron
2024-01-12,1195065810,DE,Deere & Company
2024-01-12,1195065810,DHR,Danaher
2024-01-12,1195065810,DIS,Disney
2024-01-12,1195065810,DOW,Dow
2024-01-12,1195065810,DUK,Duke Energy
2024-01-12,1195065810,EMR,Emerson
2024-01-12,1195065810,EXC,Exelon
2024-01-12,1195065810,F,Ford
2024-01-12,1195065810,FDX,FedEx
2024-01-12,1195065810,GD,General Dynamics
2024-01-12,1195065810,GE,GE
2024-01-12,1195065810,GILD,Gilead
2024-01-12,1195065810,GM,GM
2024-01-12,1195065810,GOOG,Alphabet(Class C)
2024-01-12,1195065810,GOOGL,Alphabet (Class A)
2024-01-12,1195065810,GS,Goldman Sachs
2024-01-12,1195065810,HD,Home Depot
2024-01-12,1195065810,HON,Honeywell
2024-01-12,1195065810,IBM,IBM
2024-01-12,1195065810,INTC,Intel
2024-01-12,1195065810,JNJ,Johnson & Johnson
2024-01-12,1195065810,JPM,JPMorgan Chase
2024-01-12,1195065810,KHC,Kraft Heinz
2024-01-12,1195065810,KO,Coca-Cola
2024-01-12,1195065810,LIN,Linde
2024-01-12,1195065810,LLY,Lilly
2024-01-12,1195065810,LMT,Lockheed Martin
2024-01-12,1195065810,LOW,Lowe's
2024-01-12,1195065810,MA,Mastercard
2024-01-12,1195065810,MCD,McDonald's
2024-01-12,1195065810,MDLZ,Mondelēz International
2024-01-12,1195065810,MDT,Medtronic
2024-01-12,1195065810,MET,MetLife
2024-01-12,1195065810,META,Meta
2024-01-12,1195065810,MMM,3M
2024-01-12,1195065810,MO,Altria
2024-01-12,1195065810,MRK,Merck
2024-01-12,1195065810,MS,Morgan Stanley
2024-01-12,1195065810,MSFT,Microsoft
2024-01-12,1195065810,NEE,NextEra Energy
2024-01-12,1195065810,NFLX,Netflix
2024-01-12,1195065810,NKE,Nike
2024-01-12,1195065810,NVDA,Nvidia
2024-01-12,1195065810,ORCL,Oracle
2024-01-12,1195065810,PEP,PepsiCo
2024-01-12,1195065810,PFE,Pfizer
2024-01-12,1195065810,PG,Procter & Gamble
2024-01-12,1195065810,PM,Philip Morris International
2024-01-12,1195065810,PYPL,PayPal
2024-01-12,1195065810,QCOM,Qualcomm
2024-01-12,1195065810,RTX,RTX Corporation
2024-01-12,1195065810,SBUX,Starbucks
2024-01-12,1195065810,SCHW,Charles Schwab
2024-01-12,1195065810,SO,Southern Company
2024-01-12,1195065810,SPG,Simon
2024-01-12,1195065810,T,AT&T
2024-01-12,1195065810,TGT,Target
2024-01-12,1195065810,TMO,Thermo Fisher Scientific
2024-01-12,1195065810,TMUS,T-Mobile
2024-01-12,1195065810,TSLA,Tesla
2024-01-12,1195065810,TXN,Texas Instruments
2024-01-12,1195065810,UNH,UnitedHealth Group
2024-01-12,1195065810,UNP,Union Pacific
2024-01-12,1195065810,UPS,United Parcel Service
2024-01-12,1195065810,USB,U.S. Bank
2024-01-12,1195065810,V,Visa
2024-01-12,1195065810,VZ,Verizon
2024-01-12,1195065810,WFC,Wells Fargo
2024-01-12,1195065810,WMT,Walmart
2024-01-12,1195065810,XOM,ExxonMobil
2024-01-19,1195817146,AAPL,Apple
2024-01-19,1195817146,ABBV,AbbVie
2024-01-19,1195817146,ABT,Abbott
2024-01-19,1195817146,ACN,Accenture
2024-01-19,1195817146,ADBE,Adobe
2024-01-19,1195817146,AIG,American International Group
2024-01-19,1195817146,AMD,AMD
2024-01-19,1195817146,AMGN,Amgen
2024-01-19,1195817146,AMT,American Tower
2024-01-19,1195817146,AMZN,Amazon
2024-01-19,1195817146,AVGO,Broadcom
2024-01-19,1195817146,AXP,American Express
2024-01-19,1195817146,BA,Boeing
2024-01-19,1195817146,BAC,Bank of America
2024-01-19,1195817146,BK,BNY Mellon
2024-01-19,1195817146,BKNG,Booking Holdings
2024-01-19,1195817146,BLK,BlackRock
2024-01-19,1195817146,BMY,Bristol Myers Squibb
2024-01-19,1195817146,C,Citigroup
2024-01-19,1195817146,CAT,Caterpillar
2024-01-19,1195817146,CHTR,Charter Communications
2024-01-19,1195817146,CL,Colgate-Palmolive
2024-01-19,1195817146,CMCSA,Comcast
2024-01-19,1195817146,COF,Capital One
2024-01-19,1195817146,COP,ConocoPhillips
2024-01-19,1195817146,COST,Costco
2024-01-19,1195817146,CRM,Salesforce
2024-01-19,1195817146,CSCO,Cisco
2024-01-19,1195817146,CVS,CVS Health
2024-01-19,1195817146,CVX,Chevron
2024-01-19,1195817146,DE,Deere & Company
2024-01-19,1195817146,DHR,Danaher
2024-01-19,1195817146,DIS,Disney
2024-01-19,1195817146,DOW,Dow
2024-01-19,1195817146,DUK,Duke Energy
2024-01-19,1195817146,EMR,Emerson
2024-01-19,1195817146,EXC,Exelon
2024-01-19,1195817146,F,Ford
2024-01-19,1195817146,FDX,FedEx
2024-01-19,1195817146,GD,General Dynamics
2024-01-19,1195817146,GE,GE
2024-01-19,1195817146,GILD,Gilead
2024-01-19,1195817146,GM,GM
2024-01-19,1195817146,GOOG,Alphabet(Class C)
2024-01-19,1195817146,GOOGL,Alphabet (Class A)
2024-01-19,1195817146,GS,Goldman Sachs
2024-01-19,1195817146,HD,Home Depot
2024-01-19,1195817146,HON,Honeywell
2024-01-19,1195817146,IBM,IBM
2024-01-19,1195817146,INTC,Intel
2024-01-19,1195817146,JNJ,Johnson & Johnson
2024-01-19,1195817146,JPM,JPMorgan Chase
2024-01-19,1195817146,KHC,Kraft Heinz
2024-01-19,1195817146,KO,Coca-Cola
2024-01-19,1195817146,LIN,Linde
2024-01-19,1195817146,LLY,Lilly
2024-01-19,1195817146,LMT,Lockheed Martin
2024-01-19,1195817146,LOW,Lowe's
2024-01-19,1195817146,MA,Mastercard
2024-01-19,1195817146,MCD,McDonald's
2024-01-19,1195817146,MDLZ,Mondelēz International
2024-01-19,1195817146,MDT,Medtronic
2024-01-19,1195817146,MET,MetLife
2024-01-19,1195817146,META,Meta
2024-01-19,1195817146,MMM,3M
2024-01-19,1195817146,MO,Altria
2024-01-19,1195817146,MRK,Merck
2024-01-19,1195817146,MS,Morgan Stanley
2024-01-19,1195817146,MSFT,Microsoft
2024-01-19,1195817146,NEE,NextEra Energy
2024-01-19,1195817146,NFLX,Netflix
2024-01-19,1195817146,NKE,Nike
2024-01-19,1195817146,NVDA,Nvidia
2024-01-19,1195817146,ORCL,Oracle
2024-01-19,1195817146,PEP,PepsiCo
2024-01-19,1195817146,PFE,Pfizer
2024-01-19,1195817146,PG,Procter & Gamble
2024-01-19,1195817146,PM,Philip Morris International
2024-01-19,1195817146,PYPL,PayPal
2024-01-19,1195817146,QCOM,Qualcomm
2024-01-19,1195817146,RTX,RTX Corporation
2024-01-19,1195817146,SBUX,Starbucks
2024-01-19,1195817146,SCHW,Charles Schwab
2024-01-19,1195817146,SO,Southern Company
2024-01-19,1195817146,SPG,Simon
2024-01-19,1195817146,T,AT&T
2024-01-19,1195817146,TGT,Target
2024-01-19,1195817146,TMO,Thermo Fisher Scientific
2024-01-19,1195817146,TMUS,T-Mobile
2024-01-19,1195817146,TSLA,Tesla
2024-01-19,1195817146,TXN,Texas Instruments
2024-01-19,1195817146,UNH,UnitedHealth Group
2024-01-19,1195817146,UNP,Union Pacific
2024-01-19,1195817146,UPS,United Parcel Service
2024-01-19,1195817146,USB,U.S. Bank
2024-01-19,1195817146,V,Visa
2024-01-19,1195817146,VZ,Verizon
2024-01-19,1195817146,WFC,Wells Fargo
2024-01-19,1195817146,WMT,Walmart
2024-01-19,1195817146,XOM,ExxonMobil
2024-01-26,1195817146,AAPL,Apple
2024-01-26,1195817146,ABBV,AbbVie
2024-01-26,1195817146,ABT,Abbott
2024-01-26,1195817146,ACN,Accenture
2024-01-26,1195817146,ADBE,Adobe
2024-01-26,1195817146,AIG,American International Group
2024-01-26,1195817146,AMD,AMD
2024-01-26,1195817146,AMGN,Amgen
2024-01-26,1195817146,AMT,American Tower
2024-01-26,1195817146,AMZN,Amazon
2024-01-26,1195817146,AVGO,Broadcom
2024-01-26,1195817146,AXP,American Express
2024-01-26,1195817146,BA,Boeing
2024-01-26,1195817146,BAC,Bank of America
2024-01-26,1195817146,BK,BNY Mellon
2024-01-26,1195817146,BKNG,Booking Holdings
2024-01-26,1195817146,BLK,BlackRock
2024-01-26,1195817146,BMY,Bristol Myers Squibb
2024-01-26,1195817146,C,Citigroup
2024-01-26,1195817146,CAT,Caterpillar
2024-01-26,1195817146,CHTR,Charter Communications
2024-01-26,1195817146,CL,Colgate-Palmolive
2024-01-26,1195817146,CMCSA,Comcast
2024-01-26,1195817146,COF,Capital One
2024-01-26,1195817146,COP,ConocoPhillips
2024-01-26,1195817146,COST,Costco
2024-01-26,1195817146,CRM,Salesforce
2024-01-26,1195817146,CSCO,Cisco
2024-01-26,1195817146,CVS,CVS Health
2024-01-26,1195817146,CVX,Chevron
2024-01-26,1195817146,DE,Deere & Company
2024-01-26,1195817146,DHR,Danaher
2024-01-26,1195817146,DIS,Disney
2024-01-26,1195817146,DOW,Dow
2024-01-26,1195817146,DUK,Duke Energy
2024-01-26,1195817146,EMR,Emerson
2024-01-26,1195817146,EXC,Exelon
2024-01-26,1195817146,F,Ford
2024-01-26,1195817146,FDX,FedEx
2024-01-26,1195817146,GD,General Dynamics
2024-01-26,1195817146,GE,GE
2024-01-26,1195817146,GILD,Gilead
2024-01-26,1195817146,GM,GM
2024-01-26,1195817146,GOOG,Alphabet(Class C)
2024-01-26,1195817146,GOOGL,Alphabet (Class A)
2024-01-26,1195817146,GS,Goldman Sachs
2024-01-26,1195817146,HD,Home Depot
2024-01-26,1195817146,HON,Honeywell
2024-01-26,1195817146,IBM,IBM
2024-01-26,1195817146,INTC,Intel
2024-01-26,1195817146,JNJ,Johnson & Johnson
2024-01-26,1195817146,JPM,JPMorgan Chase
2024-01-26,1195817146,KHC,Kraft Heinz
2024-01-26,1195817146,KO,Coca-Cola
2024-01-26,1195817146,LIN,Linde
2024-01-26,1195817146,LLY,Lilly
2024-01-26,1195817146,LMT,Lockheed Martin
2024-01-26,1195817146,LOW,Lowe's
2024-01-26,1195817146,MA,Mastercard
2024-01-26,1195817146,MCD,McDonald's
2024-01-26,1195817146,MDLZ,Mondelēz International
2024-01-26,1195817146,MDT,Medtronic
2024-01-26,1195817146,MET,MetLife
2024-01-26,1195817146,META,Meta
2024-01-26,1195817146,MMM,3M
2024-01-26,1195817146,MO,Altria
2024-01-26,1195817146,MRK,Merck
2024-01-26,1195817146,MS,Morgan Stanley
2024-01-26,1195817146,MSFT,Microsoft
2024-01-26,1195817146,NEE,NextEra Energy
2024-01-26,1195817146,NFLX,Netflix
2024-01-26,1195817146,NKE,Nike
2024-01-26,1195817146,NVDA,Nvidia
2024-01-26,1195817146,ORCL,Oracle
2024-01-26,1195817146,PEP,PepsiCo
2024-01-26,1195817146,PFE,Pfizer
2024-01-26,1195817146,PG,Procter & Gamble
2024-01-26,1195817146,PM,Philip Morris International
2024-01-26,1195817146,PYPL,PayPal
2024-01-26,1195817146,QCOM,Qualcomm
2024-01-26,1195817146,RTX,RTX Corporation
2024-01-26,1195817146,SBUX,Starbucks
2024-01-26,1195817146,SCHW,Charles Schwab
2024-01-26,1195817146,SO,Southern Company
2024-01-26,1195817146,SPG,Simon
2024-01-26,1195817146,T,AT&T
2024-01-26,1195817146,TGT,Target
2024-01-26,1195817146,TMO,Thermo Fisher Scientific
2024-01-26,1195817146,TMUS,T-Mobile
2024-01-26,1195817146,TSLA,Tesla
2024-01-26,1195817146,TXN,Texas Instruments
2024-01-26,1195817146,UNH,UnitedHealth Group
2024-01-26,1195817146,UNP,Union Pacific
2024-01-26,1195817146,UPS,United Parcel Service
2024-01-26,1195817146,USB,U.S. Bank
2024-01-26,1195817146,V,Visa
2024-01-26,1195817146,VZ,Verizon
2024-01-26,1195817146,WFC,Wells Fargo
2024-01-26,1195817146,WMT,Walmart
2024-01-26,1195817146,XOM,ExxonMobil
2024-02-02,1195817146,AAPL,Apple
2024-02-02,1195817146,ABBV,AbbVie
2024-02-02,1195817146,ABT,Abbott
2024-02-02,1195817146,ACN,Accenture
2024-02-02,1195817146,ADBE,Adobe
2024-02-02,1195817146,AIG,American International Group
2024-02-02,1195817146,AMD,AMD
2024-02-02,1195817146,AMGN,Amgen
2024-02-02,1195817146,AMT,American Tower
2024-02-02,1195817146,AMZN,Amazon
2024-02-02,1195817146,AVGO,Broadcom
2024-02-02,1195817146,AXP,American Express
2024-02-02,1195817146,BA,Boeing
2024-02-02,1195817146,BAC,Bank of America
2024-02-02,1195817146,BK,BNY Mellon
2024-02-02,1195817146,BKNG,Booking Holdings
2024-02-02,1195817146,BLK,BlackRock
2024-02-02,1195817146,BMY,Bristol Myers Squibb
2024-02-02,1195817146,C,Citigroup
2024-02-02,1195817146,CAT,Caterpillar
2024-02-02,1195817146,CHTR,Charter Communications
2024-02-02,1195817146,CL,Colgate-Palmolive
2024-02-02,1195817146,CMCSA,Comcast
2024-02-02,1195817146,COF,Capital One
2024-02-02,1195817146,COP,ConocoPhillips
2024-02-02,1195817146,COST,Costco
2024-02-02,1195817146,CRM,Salesforce
2024-02-02,1195817146,CSCO,Cisco
2024-02-02,1195817146,CVS,CVS Health
2024-02-02,1195817146,CVX,Chevron
2024-02-02,1195817146,DE,Deere & Company
2024-02-02,1195817146,DHR,Danaher
2024-02-02,1195817146,DIS,Disney
2024-02-02,1195817146,DOW,Dow
2024-02-02,1195817146,DUK,Duke Energy
2024-02-02,1195817146,EMR,Emerson
2024-02-02,1195817146,EXC,Exelon
2024-02-02,1195817146,F,Ford
2024-02-02,1195817146,FDX,FedEx
2024-02-02,1195817146,GD,General Dynamics
2024-02-02,1195817146,GE,GE
2024-02-02,1195817146,GILD,Gilead
2024-02-02,1195817146,GM,GM
2024-02-02,1195817146,GOOG,Alphabet(Class C)
2024-02-02,1195817146,GOOGL,Alphabet (Class A)
2024-02-02,1195817146,GS,Goldman Sachs
2024-02-02,1195817146,HD,Home Depot
2024-02-02,1195817146,HON,Honeywell
2024-02-02,1195817146,IBM,IBM
2024-02-02,1195817146,INTC,Intel
2024-02-02,1195817146,JNJ,Johnson & Johnson
2024-02-02,1195817146,JPM,JPMorgan Chase
2024-02-02,1195817146,KHC,Kraft Heinz
2024-02-02,1195817146,KO,Coca-Cola
2024-02-02,1195817146,LIN,Linde
2024-02-02,1195817146,LLY,Lilly
2024-02-02,1195817146,LMT,Lockheed Martin
2024-02-02,1195817146,LOW,Lowe's
2024-02-02,1195817146,MA,Mastercard
2024-02-02,1195817146,MCD,McDonald's
2024-02-02,1195817146,MDLZ,Mondelēz International
2024-02-02,1195817146,MDT,Medtronic
2024-02-02,1195817146,MET,MetLife
2024-02-02,1195817146,META,Meta
2024-02-02,1195817146,MMM,3M
2024-02-02,1195817146,MO,Altria
2024-02-02,1195817146,MRK,Merck
2024-02-02,1195817146,MS,Morgan Stanley
2024-02-02,1195817146,MSFT,Microsoft
2024-02-02,1195817146,NEE,NextEra Energy
2024-02-02,1195817146,NFLX,Netflix
2024-02-02,1195817146,NKE,Nike
2024-02-02,1195817146,NVDA,Nvidia
2024-02-02,1195817146,ORCL,Oracle
2024-02-02,1195817146,PEP,PepsiCo
2024-02-02,1195817146,PFE,Pfizer
2024-02-02,1195817146,PG,Procter & Gamble
2024-02-02,1195817146,PM,Philip Morris International
2024-02-02,1195817146,PYPL,PayPal
2024-02-02,1195817146,QCOM,Qualcomm
2024-02-02,1195817146,RTX,RTX Corporation
2024-02-02,1195817146,SBUX,Starbucks
2024-02-02,1195817146,SCHW,Charles Schwab
2024-02-02,1195817146,SO,Southern Company
2024-02-02,1195817146,SPG,Simon
2024-02-02,1195817146,T,AT&T
2024-02-02,1195817146,TGT,Target
2024-02-02,1195817146,TMO,Thermo Fisher Scientific
2024-02-02,1195817146,TMUS,T-Mobile
2024-02-02,1195817146,TSLA,Tesla
2024-02-02,1195817146,TXN,Texas Instruments
2024-02-02,1195817146,UNH,UnitedHealth Group
2024-02-02,1195817146,UNP,Union Pacific
2024-02-02,1195817146,UPS,United Parcel Service
2024-02-02,1195817146,USB,U.S. Bank
2024-02-02,1195817146,V,Visa
2024-02-02,1195817146,VZ,Verizon
2024-02-02,1195817146,WFC,Wells Fargo
2024-02-02,1195817146,WMT,Walmart
2024-02-02,1195817146,XOM,ExxonMobil
2024-02-09,1203519024,AAPL,Apple
2024-02-09,1203519024,ABBV,AbbVie
2024-02-09,1203519024,ABT,Abbott
2024-02-09,1203519024,ACN,Accenture
2024-02-09,1203519024,ADBE,Adobe
2024-02-09,1203519024,AIG,American International Group
2024-02-09,1203519024,AMD,AMD
2024-02-09,1203519024,AMGN,Amgen
2024-02-09,1203519024,AMT,American Tower
2024-02-09,1203519024,AMZN,Amazon
2024-02-09,1203519024,AVGO,Broadcom
2024-02-09,1203519024,AXP,American Express
2024-02-09,1203519024,BA,Boeing
2024-02-09,1203519024,BAC,Bank of America
2024-02-09,1203519024,BK,BNY Mellon
2024-02-09,1203519024,BKNG,Booking Holdings
2024-02-09,1203519024,BLK,BlackRock
2024-02-09,1203519024,BMY,Bristol Myers Squibb
2024-02-09,1203519024,C,Citigroup
2024-02-09,1203519024,CAT,Caterpillar
2024-02-09,1203519024,CHTR,Charter Communications
2024-02-09,1203519024,CL,Colgate-Palmolive
2024-02-09,1203519024,CMCSA,Comcast
2024-02-09,1203519024,COF,Capital One
2024-02-09,1203519024,COP,ConocoPhillips
2024-02-09,1203519024,COST,Costco
2024-02-09,1203519024,CRM,Salesforce
2024-02-09,1203519024,CSCO,Cisco
2024-02-09,1203519024,CVS,CVS Health
2024-02-09,1203519024,CVX,Chevron
2024-02-09,1203519024,DE,Deere & Company
2024-02-09,1203519024,DHR,Danaher
2024-02-09,1203519024,DIS,Disney
2024-02-09,1203519024,DOW,Dow
2024-02-09,1203519024,DUK,Duke Energy
2024-02-09,1203519024,EMR,Emerson
2024-02-09,1203519024,EXC,Exelon
2024-02-09,1203519024,F,Ford
2024-02-09,1203519024,FDX,FedEx
2024-02-09,1203519024,GD,General Dynamics
2024-02-09,1203519024,GE,GE
2024-02-09,1203519024,GILD,Gilead
2024-02-09,1203519024,GM,GM
2024-02-09,1203519024,GOOG,Alphabet(Class C)
2024-02-09,1203519024,GOOGL,Alphabet (Class A)
2024-02-09,1203519024,GS,Goldman Sachs
2024-02-09,1203519024,HD,Home Depot
2024-02-09,1203519024,HON,Honeywell
2024-02-09,1203519024,IBM,IBM
2024-02-09,1203519024,INTC,Intel
2024-02-09,1203519024,JNJ,Johnson & Johnson
2024-02-09,1203519024,JPM,JPMorgan Chase
2024-02-09,1203519024,KHC,Kraft Heinz
2024-02-09,1203519024,KO,Coca-Cola
2024-02-09,1203519024,LIN,Linde
2024-02-09,1203519024,LLY,Lilly
2024-02-09,1203519024,LMT,Lockheed Martin
2024-02-09,1203519024,LOW,Lowe's
2024-02-09,1203519024,MA,Mastercard
2024-02-09,1203519024,MCD,McDonald's
2024-02-09,1203519024,MDLZ,Mondelēz International
2024-02-09,1203519024,MDT,Medtronic
2024-02-09,1203519024,MET,MetLife
2024-02-09,1203519024,META,Meta
2024-02-09,1203519024,MMM,3M
2024-02-09,1203519024,MO,Altria
2024-02-09,1203519024,MRK,Merck
2024-02-09,1203519024,MS,Morgan Stanley
2024-02-09,1203519024,MSFT,Microsoft
2024-02-09,1203519024,NEE,NextEra Energy
2024-02-09,1203519024,NFLX,Netflix
2024-02-09,1203519024,NKE,Nike
2024-02-09,1203519024,NVDA,Nvidia
2024-02-09,1203519024,ORCL,Oracle
2024-02-09,1203519024,PEP,PepsiCo
2024-02-09,1203519024,PFE,Pfizer
2024-02-09,1203519024,PG,Procter & Gamble
2024-02-09,1203519024,PM,Philip Morris International
2024-02-09,1203519024,PYPL,PayPal
2024-02-09,1203519024,QCOM,Qualcomm
2024-02-09,1203519024,RTX,RTX Corporation
2024-02-09,1203519024,SBUX,Starbucks
2024-02-09,1203519024,SCHW,Charles Schwab
2024-02-09,1203519024,SO,Southern Company
2024-02-09,1203519024,SPG,Simon
2024-02-09,1203519024,T,AT&T
2024-02-09,1203519024,TGT,Target
2024-02-09,1203519024,TMO,Thermo Fisher Scientific
2024-02-09,1203519024,TMUS,T-Mobile
2024-02-09,1203519024,TSLA,Tesla
2024-02-09,1203519024,TXN,Texas Instruments
2024-02-09,1203519024,UNH,UnitedHealth Group
2024-02-09,1203519024,UNP,Union Pacific
2024-02-09,1203519024,UPS,United Parcel Service
2024-02-09,1203519024,USB,U.S. Bank
2024-02-09,1203519024,V,Visa
2024-02-09,1203519024,VZ,Verizon
2024-02-09,1203519024,WFC,Wells Fargo
2024-02-09,1203519024,WMT,Walmart
2024-02-09,1203519024,XOM,ExxonMobil
2024-02-16,1203519024,AAPL,Apple
2024-02-16,1203519024,ABBV,AbbVie
2024-02-16,1203519024,ABT,Abbott
2024-02-16,1203519024,ACN,Accenture
2024-02-16,1203519024,ADBE,Adobe
2024-02-16,1203519024,AIG,American International Group
2024-02-16,1203519024,AMD,AMD
2024-02-16,1203519024,AMGN,Amgen
2024-02-16,1203519024,AMT,American Tower
2024-02-16,1203519024,AMZN,Amazon
2024-02-16,1203519024,AVGO,Broadcom
2024-02-16,1203519024,AXP,American Express
2024-02-16,1203519024,BA,Boeing
2024-02-16,1203519024,BAC,Bank of America
2024-02-16,1203519024,BK,BNY Mellon
2024-02-16,1203519024,BKNG,Booking Holdings
2024-02-16,1203519024,BLK,BlackRock
2024-02-16,1203519024,BMY,Bristol Myers Squibb
2024-02-16,1203519024,C,Citigroup
2024-02-16,1203519024,CAT,Caterpillar
2024-02-16,1203519024,CHTR,Charter Communications
2024-02-16,1203519024,CL,Colgate-Palmolive
2024-02-16,1203519024,CMCSA,Comcast
2024-02-16,1203519024,COF,Capital One
2024-02-16,1203519024,COP,ConocoPhillips
2024-02-16,1203519024,COST,Costco
2024-02-16,1203519024,CRM,Salesforce
2024-02-16,1203519024,CSCO,Cisco
2024-02-16,1203519024,CVS,CVS Health
2024-02-16,1203519024,CVX,Chevron
2024-02-16,1203519024,DE,Deere & Company
2024-02-16,1203519024,DHR,Danaher
2024-02-16,1203519024,DIS,Disney
2024-02-16,1203519024,DOW,Dow
2024-02-16,1203519024,DUK,Duke Energy
2024-02-16,1203519024,EMR,Emerson
2024-02-16,1203519024,EXC,Exelon
2024-02-16,1203519024,F,Ford
2024-02-16,1203519024,FDX,FedEx
2024-02-16,1203519024,GD,General Dynamics
2024-02-16,1203519024,GE,GE
2024-02-16,1203519024,GILD,Gilead
2024-02-16,1203519024,GM,GM
2024-02-16,1203519024,GOOG,Alphabet(Class C)
2024-02-16,1203519024,GOOGL,Alphabet (Class A)
2024-02-16,1203519024,GS,Goldman Sachs
2024-02-16,1203519024,HD,Home Depot
2024-02-16,1203519024,HON,Honeywell
2024-02-16,1203519024,IBM,IBM
2024-02-16,1203519024,INTC,Intel
2024-02-16,1203519024,JNJ,Johnson & Johnson
2024-02-16,1203519024,JPM,JPMorgan Chase
2024-02-16,1203519024,KHC,Kraft Heinz
2024-02-16,1203519024,KO,Coca-Cola
2024-02-16,1203519024,LIN,Linde
2024-02-16,1203519024,LLY,Lilly
2024-02-16,1203519024,LMT,Lockheed Martin
2024-02-16,1203519024,LOW,Lowe's
2024-02-16,1203519024,MA,Mastercard
2024-02-16,1203519024,MCD,McDonald's
2024-02-16,1203519024,MDLZ,Mondelēz International
2024-02-16,1203519024,MDT,Medtronic
2024-02-16,1203519024,MET,MetLife
2024-02-16,1203519024,META,Meta
2024-02-16,1203519024,MMM,3M
2024-02-16,1203519024,MO,Altria
2024-02-16,1203519024,MRK,Merck
2024-02-16,1203519024,MS,Morgan Stanley
2024-02-16,1203519024,MSFT,Microsoft
2024-02-16,1203519024,NEE,NextEra Energy
2024-02-16,1203519024,NFLX,Netflix
2024-02-16,1203519024,NKE,Nike
2024-02-16,1203519024,NVDA,Nvidia
2024-02-16,1203519024,ORCL,Oracle
2024-02-16,1203519024,PEP,PepsiCo
2024-02-16,1203519024,PFE,Pfizer
2024-02-16,1203519024,PG,Procter & Gamble
2024-02-16,1203519024,PM,Philip Morris International
2024-02-16,1203519024,PYPL,PayPal
2024-02-16,1203519024,QCOM,Qualcomm
2024-02-16,1203519024,RTX,RTX Corporation
2024-02-16,1203519024,SBUX,Starbucks
2024-02-16,1203519024,SCHW,Charles Schwab
2024-02-16,1203519024,SO,Southern Company
2024-02-16,1203519024,SPG,Simon
2024-02-16,1203519024,T,AT&T
2024-02-16,1203519024,TGT,Target
2024-02-16,1203519024,TMO,Thermo Fisher Scientific
2024-02-16,1203519024,TMUS,T-Mobile
2024-02-16,1203519024,TSLA,Tesla
2024-02-16,1203519024,TXN,Texas Instruments
2024-02-16,1203519024,UNH,UnitedHealth Group
2024-02-16,1203519024,UNP,Union Pacific
2024-02-16,1203519024,UPS,United Parcel Service
2024-02-16,1203519024,USB,U.S. Bank
2024-02-16,1203519024,V,Visa
2024-02-16,1203519024,VZ,Verizon
2024-02-16,1203519024,WFC,Wells Fargo
2024-02-16,1203519024,WMT,Walmart
2024-02-16,1203519024,XOM,ExxonMobil
2024-02-23,1203519024,AAPL,Apple
2024-02-23,1203519024,ABBV,AbbVie
2024-02-23,1203519024,ABT,Abbott
2024-02-23,1203519024,ACN,Accenture
2024-02-23,1203519024,ADBE,Adobe
2024-02-23,1203519024,AIG,American International Group
2024-02-23,1203519024,AMD,AMD
2024-02-23,1203519024,AMGN,Amgen
2024-02-23,1203519024,AMT,American Tower
2024-02-23,1203519024,AMZN,Amazon
2024-02-23,1203519024,AVGO,Broadcom
2024-02-23,1203519024,AXP,American Express
2024-02-23,1203519024,BA,Boeing
2024-02-23,1203519024,BAC,Bank of America
2024-02-23,1203519024,BK,BNY Mellon
2024-02-23,1203519024,BKNG,Booking Holdings
2024-02-23,1203519024,BLK,BlackRock
2024-02-23,1203519024,BMY,Bristol Myers Squibb
2024-02-23,1203519024,C,Citigroup
2024-02-23,1203519024,CAT,Caterpillar
2024-02-23,1203519024,CHTR,Charter Communications
2024-02-23,1203519024,CL,Colgate-Palmolive
2024-02-23,1203519024,CMCSA,Comcast
2024-02-23,1203519024,COF,Capital One
2024-02-23,1203519024,COP,ConocoPhillips
2024-02-23,1203519024,COST,Costco
2024-02-23,1203519024,CRM,Salesforce
2024-02-23,1203519024,CSCO,Cisco
2024-02-23,1203519024,CVS,CVS Health
2024-02-23,1203519024,CVX,Chevron
2024-02-23,1203519024,DE,Deere & Company
2024-02-23,1203519024,DHR,Danaher
2024-02-23,1203519024,DIS,Disney
2024-02-23,1203519024,DOW,Dow
2024-02-23,1203519024,DUK,Duke Energy
2024-02-23,1203519024,EMR,Emerson
2024-02-23,1203519024,EXC,Exelon
2024-02-23,1203519024,F,Ford
2024-02-23,1203519024,FDX,FedEx
2024-02-23,1203519024,GD,General Dynamics
2024-02-23,1203519024,GE,GE
2024-02-23,1203519024,GILD,Gilead
2024-02-23,1203519024,GM,GM
2024-02-23,1203519024,GOOG,Alphabet(Class C)
2024-02-23,1203519024,GOOGL,Alphabet (Class A)
2024-02-23,1203519024,GS,Goldman Sachs
2024-02-23,1203519024,HD,Home Depot
2024-02-23,1203519024,HON,Honeywell
2024-02-23,1203519024,IBM,IBM
2024-02-23,1203519024,INTC,Intel
2024-02-23,1203519024,JNJ,Johnson & Johnson
2024-02-23,1203519024,JPM,JPMorgan Chase
2024-02-23,1203519024,KHC,Kraft Heinz
2024-02-23,1203519024,KO,Coca-Cola
2024-02-23,1203519024,LIN,Linde
2024-02-23,1203519024,LLY,Lilly
2024-02-23,1203519024,LMT,Lockheed Martin
2024-02-23,1203519024,LOW,Lowe's
2024-02-23,1203519024,MA,Mastercard
2024-02-23,1203519024,MCD,McDonald's
2024-02-23,1203519024,MDLZ,Mondelēz International
2024-02-23,1203519024,MDT,Medtronic
2024-02-23,1203519024,MET,MetLife
2024-02-23,1203519024,META,Meta
2024-02-23,1203519024,MMM,3M
2024-02-23,1203519024,MO,Altria
2024-02-23,1203519024,MRK,Merck
2024-02-23,1203519024,MS,Morgan Stanley
2024-02-23,1203519024,MSFT,Microsoft
2024-02-23,1203519024,NEE,NextEra Energy
2024-02-23,1203519024,NFLX,Netflix
2024-02-23,1203519024,NKE,Nike
2024-02-23,1203519024,NVDA,Nvidia
2024-02-23,1203519024,ORCL,Oracle
2024-02-23,1203519024,PEP,PepsiCo
2024-02-23,1203519024,PFE,Pfizer
2024-02-23,1203519024,PG,Procter & Gamble
2024-02-23,1203519024,PM,Philip Morris International
2024-02-23,1203519024,PYPL,PayPal
2024-02-23,1203519024,QCOM,Qualcomm
2024-02-23,1203519024,RTX,RTX Corporation
2024-02-23,1203519024,SBUX,Starbucks
2024-02-23,1203519024,SCHW,Charles Schwab
2024-02-23,1203519024,SO,Southern Company
2024-02-23,1203519024,SPG,Simon
2024-02-23,1203519024,T,AT&T
2024-02-23,1203519024,TGT,Target
2024-02-23,1203519024,TMO,Thermo Fisher Scientific
2024-02-23,1203519024,TMUS,T-Mobile
2024-02-23,1203519024,TSLA,Tesla
2024-02-23,1203519024,TXN,Texas Instruments
2024-02-23,1203519024,UNH,UnitedHealth Group
2024-02-23,1203519024,UNP,Union Pacific
2024-02-23,1203519024,UPS,United Parcel Service
2024-02-23,1203519024,USB,U.S. Bank
2024-02-23,1203519024,V,Visa
2024-02-23,1203519024,VZ,Verizon
2024-02-23,1203519024,WFC,Wells Fargo
2024-02-23,1203519024,WMT,Walmart
2024-02-23,1203519024,XOM,ExxonMobil
2024-03-01,1203519024,AAPL,Apple
2024-03-01,1203519024,ABBV,AbbVie
2024-03-01,1203519024,ABT,Abbott
2024-03-01,1203519024,ACN,Accenture
2024-03-01,1203519024,ADBE,Adobe
2024-03-01,1203519024,AIG,American International Group
2024-03-01,1203519024,AMD,AMD
2024-03-01,1203519024,AMGN,Amgen
2024-03-01,1203519024,AMT,American Tower
2024-03-01,1203519024,AMZN,Amazon
2024-03-01,1203519024,AVGO,Broadcom
2024-03-01,1203519024,AXP,American Express
2024-03-01,1203519024,BA,Boeing
2024-03-01,1203519024,BAC,Bank of America
2024-03-01,1203519024,BK,BNY Mellon
2024-03-01,1203519024,BKNG,Booking Holdings
2024-03-01,1203519024,BLK,BlackRock
2024-03-01,1203519024,BMY,Bristol Myers Squibb
2024-03-01,1203519024,C,Citigroup
2024-03-01,1203519024,CAT,Caterpillar
2024-03-01,1203519024,CHTR,Charter Communications
2024-03-01,1203519024,CL,Colgate-Palmolive
2024-03-01,1203519024,CMCSA,Comcast
2024-03-01,1203519024,COF,Capital One
2024-03-01,1203519024,COP,ConocoPhillips
2024-03-01,1203519024,COST,Costco
2024-03-01,1203519024,CRM,Salesforce
2024-03-01,1203519024,CSCO,Cisco
2024-03-01,1203519024,CVS,CVS Health
2024-03-01,1203519024,CVX,Chevron
2024-03-01,1203519024,DE,Deere & Company
2024-03-01,1203519024,DHR,Danaher
2024-03-01,1203519024,DIS,Disney
2024-03-01,1203519024,DOW,Dow
2024-03-01,1203519024,DUK,Duke Energy
2024-03-01,1203519024,EMR,Emerson
2024-03-01,1203519024,EXC,Exelon
2024-03-01,1203519024,F,Ford
2024-03-01,1203519024,FDX,FedEx
2024-03-01,1203519024,GD,General Dynamics
2024-03-01,1203519024,GE,GE
2024-03-01,1203519024,GILD,Gilead
2024-03-01,1203519024,GM,GM
2024-03-01,1203519024,GOOG,Alphabet(Class C)
2024-03-01,1203519024,GOOGL,Alphabet (Class A)
2024-03-01,1203519024,GS,Goldman Sachs
2024-03-01,1203519024,HD,Home Depot
2024-03-01,1203519024,HON,Honeywell
2024-03-01,1203519024,IBM,IBM
2024-03-01,1203519024,INTC,Intel
2024-03-01,1203519024,JNJ,Johnson & Johnson
2024-03-01,1203519024,JPM,JPMorgan Chase
2024-03-01,1203519024,KHC,Kraft Heinz
2024-03-01,1203519024,KO,Coca-Cola
2024-03-01,1203519024,LIN,Linde
2024-03-01,1203519024,LLY,Lilly
2024-03-01,1203519024,LMT,Lockheed Martin
2024-03-01,1203519024,LOW,Lowe's
2024-03-01,1203519024,MA,Mastercard
2024-03-01,1203519024,MCD,McDonald's
2024-03-01,1203519024,MDLZ,Mondelēz International
2024-03-01,1203519024,MDT,Medtronic
2024-03-01,1203519024,MET,MetLife
2024-03-01,1203519024,META,Meta
2024-03-01,1203519024,MMM,3M
2024-03-01,1203519024,MO,Altria
2024-03-01,1203519024,MRK,Merck
2024-03-01,1203519024,MS,Morgan Stanley
2024-03-01,1203519024,MSFT,Microsoft
2024-03-01,1203519024,NEE,NextEra Energy
2024-03-01,1203519024,NFLX,Netflix
2024-03-01,1203519024,NKE,Nike
2024-03-01,1203519024,NVDA,Nvidia
2024-03-01,1203519024,ORCL,Oracle
2024-03-01,1203519024,PEP,PepsiCo
2024-03-01,1203519024,PFE,Pfizer
2024-03-01,1203519024,PG,Procter & Gamble
2024-03-01,1203519024,PM,Philip Morris International
2024-03-01,1203519024,PYPL,PayPal
2024-03-01,1203519024,QCOM,Qualcomm
2024-03-01,1203519024,RTX,RTX Corporation
2024-03-01,1203519024,SBUX,Starbucks
2024-03-01,1203519024,SCHW,Charles Schwab
2024-03-01,1203519024,SO,Southern Company
2024-03-01,1203519024,SPG,Simon
2024-03-01,1203519024,T,AT&T
2024-03-01,1203519024,TGT,Target
2024-03-01,1203519024,TMO,Thermo Fisher Scientific
2024-03-01,1203519024,TMUS,T-Mobile
2024-03-01,1203519024,TSLA,Tesla
2024-03-01,1203519024,TXN,Texas Instruments
2024-03-01,1203519024,UNH,UnitedHealth Group
2024-03-01,1203519024,UNP,Union Pacific
2024-03-01,1203519024,UPS,United Parcel Service
2024-03-01,1203519024,USB,U.S. Bank
2024-03-01,1203519024,V,Visa
2024-03-01,1203519024,VZ,Verizon
2024-03-01,1203519024,WFC,Wells Fargo
2024-03-01,1203519024,WMT,Walmart
2024-03-01,1203519024,XOM,ExxonMobil
2024-03-08,1203519024,AAPL,Apple
2024-03-08,1203519024,ABBV,AbbVie
2024-03-08,1203519024,ABT,Abbott
2024-03-08,1203519024,ACN,Accenture
2024-03-08,1203519024,ADBE,Adobe
2024-03-08,1203519024,AIG,American International Group
2024-03-08,1203519024,AMD,AMD
2024-03-08,1203519024,AMGN,Amgen
2024-03-08,1203519024,AMT,American Tower
2024-03-08,1203519024,AMZN,Amazon
2024-03-08,1203519024,AVGO,Broadcom
2024-03-08,1203519024,AXP,American Express
2024-03-08,1203519024,BA,Boeing
2024-03-08,1203519024,BAC,Bank of America
2024-03-08,1203519024,BK,BNY Mellon
2024-03-08,1203519024,BKNG,Booking Holdings
2024-03-08,1203519024,BLK,BlackRock
2024-03-08,1203519024,BMY,Bristol Myers Squibb
2024-03-08,1203519024,C,Citigroup
2024-03-08,1203519024,CAT,Caterpillar
2024-03-08,1203519024,CHTR,Charter Communications
2024-03-08,1203519024,CL,Colgate-Palmolive
2024-03-08,1203519024,CMCSA,Comcast
2024-03-08,1203519024,COF,Capital One
2024-03-08,1203519024,COP,ConocoPhillips
2024-03-08,1203519024,COST,Costco
2024-03-08,1203519024,CRM,Salesforce
2024-03-08,1203519024,CSCO,Cisco
2024-03-08,1203519024,CVS,CVS Health
2024-03-08,1203519024,CVX,Chevron
2024-03-08,1203519024,DE,Deere & Company
2024-03-08,1203519024,DHR,Danaher
2024-03-08,1203519024,DIS,Disney
2024-03-08,1203519024,DOW,Dow
2024-03-08,1203519024,DUK,Duke Energy
2024-03-08,1203519024,EMR,Emerson
2024-03-08,1203519024,EXC,Exelon
2024-03-08,1203519024,F,Ford
2024-03-08,1203519024,FDX,FedEx
2024-03-08,1203519024,GD,General Dynamics
2024-03-08,1203519024,GE,GE
2024-03-08,1203519024,GILD,Gilead
2024-03-08,1203519024,GM,GM
2024-03-08,1203519024,GOOG,Alphabet(Class C)
2024-03-08,1203519024,GOOGL,Alphabet (Class A)
2024-03-08,1203519024,GS,Goldman Sachs
2024-03-08,1203519024,HD,Home Depot
2024-03-08,1203519024,HON,Honeywell
2024-03-08,1203519024,IBM,IBM
2024-03-08,1203519024,INTC,Intel
2024-03-08,1203519024,JNJ,Johnson & Johnson
2024-03-08,1203519024,JPM,JPMorgan Chase
2024-03-08,1203519024,KHC,Kraft Heinz
2024-03-08,1203519024,KO,Coca-Cola
2024-03-08,1203519024,LIN,Linde
2024-03-08,1203519024,LLY,Lilly
2024-03-08,1203519024,LMT,Lockheed Martin
2024-03-08,1203519024,LOW,Lowe's
2024-03-08,1203519024,MA,Mastercard
2024-03-08,1203519024,MCD,McDonald's
2024-03-08,1203519024,MDLZ,Mondelēz International
2024-03-08,1203519024,MDT,Medtronic
2024-03-08,1203519024,MET,MetLife
2024-03-08,1203519024,META,Meta
2024-03-08,1203519024,MMM,3M
2024-03-08,1203519024,MO,Altria
2024-03-08,1203519024,MRK,Merck
2024-03-08,1203519024,MS,Morgan Stanley
2024-03-08,1203519024,MSFT,Microsoft
2024-03-08,1203519024,NEE,NextEra Energy
2024-03-08,1203519024,NFLX,Netflix
2024-03-08,1203519024,NKE,Nike
2024-03-08,1203519024,NVDA,Nvidia
2024-03-08,1203519024,ORCL,Oracle
2024-03-08,1203519024,PEP,PepsiCo
2024-03-08,1203519024,PFE,Pfizer
2024-03-08,1203519024,PG,Procter & Gamble
2024-03-08,1203519024,PM,Philip Morris International
2024-03-08,1203519024,PYPL,PayPal
2024-03-08,1203519024,QCOM,Qualcomm
2024-03-08,1203519024,RTX,RTX Corporation
2024-03-08,1203519024,SBUX,Starbucks
2024-03-08,1203519024,SCHW,Charles Schwab
2024-03-08,1203519024,SO,Southern Company
2024-03-08,1203519024,SPG,Simon
2024-03-08,1203519024,T,AT&T
2024-03-08,1203519024,TGT,Target
2024-03-08,1203519024,TMO,Thermo Fisher Scientific
2024-03-08,1203519024,TMUS,T-Mobile
2024-03-08,1203519024,TSLA,Tesla
2024-03-08,1203519024,TXN,Texas Instruments
2024-03-08,1203519024,UNH,UnitedHealth Group
2024-03-08,1203519024,UNP,Union Pacific
2024-03-08,1203519024,UPS,United Parcel Service
2024-03-08,1203519024,USB,U.S. Bank
2024-03-08,1203519024,V,Visa
2024-03-08,1203519024,VZ,Verizon
2024-03-08,1203519024,WFC,Wells Fargo
2024-03-08,1203519024,WMT,Walmart
2024-03-08,1203519024,XOM,ExxonMobil
2024-03-15,1203519024,AAPL,Apple
2024-03-15,1203519024,ABBV,AbbVie
2024-03-15,1203519024,ABT,Abbott
2024-03-15,1203519024,ACN,Accenture
2024-03-15,1203519024,ADBE,Adobe
2024-03-15,1203519024,AIG,American International Group
2024-03-15,1203519024,AMD,AMD
2024-03-15,1203519024,AMGN,Amgen
2024-03-15,1203519024,AMT,American Tower
2024-03-15,1203519024,AMZN,Amazon
2024-03-15,1203519024,AVGO,Broadcom
2024-03-15,1203519024,AXP,American Express
2024-03-15,1203519024,BA,Boeing
2024-03-15,1203519024,BAC,Bank of America
2024-03-15,1203519024,BK,BNY Mellon
2024-03-15,1203519024,BKNG,Booking Holdings
2024-03-15,1203519024,BLK,BlackRock
2024-03-15,1203519024,BMY,Bristol Myers Squibb
2024-03-15,1203519024,C,Citigroup
2024-03-15,1203519024,CAT,Caterpillar
2024-03-15,1203519024,CHTR,Charter Communications
2024-03-15,1203519024,CL,Colgate-Palmolive
2024-03-15,1203519024,CMCSA,Comcast
2024-03-15,1203519024,COF,Capital One
2024-03-15,1203519024,COP,ConocoPhillips
2024-03-15,1203519024,COST,Costco
2024-03-15,1203519024,CRM,Salesforce
2024-03-15,1203519024,CSCO,Cisco
2024-03-15,1203519024,CVS,CVS Health
2024-03-15,1203519024,CVX,Chevron
2024-03-15,1203519024,DE,Deere & Company
2024-03-15,1203519024,DHR,Danaher
2024-03-15,1203519024,DIS,Disney
2024-03-15,1203519024,DOW,Dow
2024-03-15,1203519024,DUK,Duke Energy
2024-03-15,1203519024,EMR,Emerson
2024-03-15,1203519024,EXC,Exelon
2024-03-15,1203519024,F,Ford
2024-03-15,1203519024,FDX,FedEx
2024-03-15,1203519024,GD,General Dynamics
2024-03-15,1203519024,GE,GE
2024-03-15,1203519024,GILD,Gilead
2024-03-15,1203519024,GM,GM
2024-03-15,1203519024,GOOG,Alphabet(Class C)
2024-03-15,1203519024,GOOGL,Alphabet (Class A)
2024-03-15,1203519024,GS,Goldman Sachs
2024-03-15,1203519024,HD,Home Depot
2024-03-15,1203519024,HON,Honeywell
2024-03-15,1203519024,IBM,IBM
2024-03-15,1203519024,INTC,Intel
2024-03-15,1203519024,JNJ,Johnson & Johnson
2024-03-15,1203519024,JPM,JPMorgan Chase
2024-03-15,1203519024,KHC,Kraft Heinz
2024-03-15,1203519024,KO,Coca-Cola
2024-03-15,1203519024,LIN,Linde
2024-03-15,1203519024,LLY,Lilly
2024-03-15,1203519024,LMT,Lockheed Martin
2024-03-15,1203519024,LOW,Lowe's
2024-03-15,1203519024,MA,Mastercard
2024-03-15,1203519024,MCD,McDonald's
2024-03-15,1203519024,MDLZ,Mondelēz International
2024-03-15,1203519024,MDT,Medtronic
2024-03-15,1203519024,MET,MetLife
2024-03-15,1203519024,META,Meta
2024-03-15,1203519024,MMM,3M
2024-03-15,1203519024,MO,Altria
2024-03-15,1203519024,MRK,Merck
2024-03-15,1203519024,MS,Morgan Stanley
2024-03-15,1203519024,MSFT,Microsoft
2024-03-15,1203519024,NEE,NextEra Energy
2024-03-15,1203519024,NFLX,Netflix
2024-03-15,1203519024,NKE,Nike
2024-03-15,1203519024,NVDA,Nvidia
2024-03-15,1203519024,ORCL,Oracle
2024-03-15,1203519024,PEP,PepsiCo
2024-03-15,1203519024,PFE,Pfizer
2024-03-15,1203519024,PG,Procter & Gamble
2024-03-15,1203519024,PM,Philip Morris International
2024-03-15,1203519024,PYPL,PayPal
2024-03-15,1203519024,QCOM,Qualcomm
2024-03-15,1203519024,RTX,RTX Corporation
2024-03-15,1203519024,SBUX,Starbucks
2024-03-15,1203519024,SCHW,Charles Schwab
2024-03-15,1203519024,SO,Southern Company
2024-03-15,1203519024,SPG,Simon
2024-03-15,1203519024,T,AT&T
2024-03-15,1203519024,TGT,Target
2024-03-15,1203519024,TMO,Thermo Fisher Scientific
2024-03-15,1203519024,TMUS,T-Mobile
2024-03-15,1203519024,TSLA,Tesla
2024-03-15,1203519024,TXN,Texas Instruments
2024-03-15,1203519024,UNH,UnitedHealth Group
2024-03-15,1203519024,UNP,Union Pacific
2024-03-15,1203519024,UPS,United Parcel Service
2024-03-15,1203519024,USB,U.S. Bank
2024-03-15,1203519024,V,Visa
2024-03-15,1203519024,VZ,Verizon
2024-03-15,1203519024,WFC,Wells Fargo
2024-03-15,1203519024,WMT,Walmart
2024-03-15,1203519024,XOM,ExxonMobil
2024-03-22,1213984671,AAPL,Apple
2024-03-22,1213984671,ABBV,AbbVie
2024-03-22,1213984671,ABT,Abbott
2024-03-22,1213984671,ACN,Accenture
2024-03-22,1213984671,ADBE,Adobe
2024-03-22,1213984671,AIG,American International Group
2024-03-22,1213984671,AMD,AMD
2024-03-22,1213984671,AMGN,Amgen
2024-03-22,1213984671,AMT,American Tower
2024-03-22,1213984671,AMZN,Amazon
2024-03-22,1213984671,AVGO,Broadcom
2024-03-22,1213984671,AXP,American Express
2024-03-22,1213984671,BA,Boeing
2024-03-22,1213984671,BAC,Bank of America
2024-03-22,1213984671,BK,BNY Mellon
2024-03-22,1213984671,BKNG,Booking Holdings
2024-03-22,1213984671,BLK,BlackRock
2024-03-22,1213984671,BMY,Bristol Myers Squibb
2024-03-22,1213984671,C,Citigroup
2024-03-22,1213984671,CAT,Caterpillar
2024-03-22,1213984671,CHTR,Charter Communications
2024-03-22,1213984671,CL,Colgate-Palmolive
2024-03-22,1213984671,CMCSA,Comcast
2024-03-22,1213984671,COF,Capital One
2024-03-22,1213984671,COP,ConocoPhillips
2024-03-22,1213984671,COST,Costco
2024-03-22,1213984671,CRM,Salesforce
2024-03-22,1213984671,CSCO,Cisco
2024-03-22,1213984671,CVS,CVS Health
2024-03-22,1213984671,CVX,Chevron
2024-03-22,1213984671,DE,Deere & Company
2024-03-22,1213984671,DHR,Danaher
2024-03-22,1213984671,DIS,Disney
2024-03-22,1213984671,DOW,Dow
2024-03-22,1213984671,DUK,Duke Energy
2024-03-22,1213984671,EMR,Emerson
2024-03-22,1213984671,EXC,Exelon
2024-03-22,1213984671,F,Ford
2024-03-22,1213984671,FDX,FedEx
2024-03-22,1213984671,GD,General Dynamics
2024-03-22,1213984671,GE,GE
2024-03-22,1213984671,GILD,Gilead
2024-03-22,1213984671,GM,GM
2024-03-22,1213984671,GOOG,Alphabet(Class C)
2024-03-22,1213984671,GOOGL,Alphabet (Class A)
2024-03-22,1213984671,GS,Goldman Sachs
2024-03-22,1213984671,HD,Home Depot
2024-03-22,1213984671,HON,Honeywell
2024-03-22,1213984671,IBM,IBM
2024-03-22,1213984671,INTC,Intel
2024-03-22,1213984671,JNJ,Johnson & Johnson
2024-03-22,1213984671,JPM,JPMorgan Chase
2024-03-22,1213984671,KHC,Kraft Heinz
2024-03-22,1213984671,KO,Coca-Cola
2024-03-22,1213984671,LIN,Linde
2024-03-22,1213984671,LLY,Lilly
2024-03-22,1213984671,LMT,Lockheed Martin
2024-03-22,1213984671,LOW,Lowe's
2024-03-22,1213984671,MA,Mastercard
2024-03-22,1213984671,MCD,McDonald's
2024-03-22,1213984671,MDLZ,Mondelēz International
2024-03-22,1213984671,MDT,Medtronic
2024-03-22,1213984671,MET,MetLife
2024-03-22,1213984671,META,Meta
2024-03-22,1213984671,MMM,3M
2024-03-22,1213984671,MO,Altria
2024-03-22,1213984671,MRK,Merck
2024-03-22,1213984671,MS,Morgan Stanley
2024-03-22,1213984671,MSFT,Microsoft
2024-03-22,1213984671,NEE,NextEra Energy
2024-03-22,1213984671,NFLX,Netflix
2024-03-22,1213984671,NKE,Nike
2024-03-22,1213984671,NVDA,Nvidia
2024-03-22,1213984671,ORCL,Oracle
2024-03-22,1213984671,PEP,PepsiCo
2024-03-22,1213984671,PFE,Pfizer
2024-03-22,1213984671,PG,Procter & Gamble
2024-03-22,1213984671,PM,Philip Morris International
2024-03-22,1213984671,PYPL,PayPal
2024-03-22,1213984671,QCOM,Qualcomm
2024-03-22,1213984671,RTX,RTX Corporation
2024-03-22,1213984671,SBUX,Starbucks
2024-03-22,1213984671,SCHW,Charles Schwab
2024-03-22,1213984671,SO,Southern Company
2024-03-22,1213984671,SPG,Simon
2024-03-22,1213984671,T,AT&T
2024-03-22,1213984671,TGT,Target
2024-03-22,1213984671,TMO,Thermo Fisher Scientific
2024-03-22,1213984671,TMUS,T-Mobile
2024-03-22,1213984671,TSLA,Tesla
2024-03-22,1213984671,TXN,Texas Instruments
2024-03-22,1213984671,UNH,UnitedHealth Group
2024-03-22,1213984671,UNP,Union Pacific
2024-03-22,1213984671,UPS,United Parcel Service
2024-03-22,1213984671,USB,U.S. Bank
2024-03-22,1213984671,V,Visa
2024-03-22,1213984671,VZ,Verizon
2024-03-22,1213984671,WFC,Wells Fargo
2024-03-22,1213984671,WMT,Walmart
2024-03-22,1213984671,XOM,ExxonMobil
2024-03-29,1215422714,AAPL,Apple
2024-03-29,1215422714,ABBV,AbbVie
2024-03-29,1215422714,ABT,Abbott Laboratories
2024-03-29,1215422714,ACN,Accenture
2024-03-29,1215422714,ADBE,Adobe
2024-03-29,1215422714,AIG,American International Group
2024-03-29,1215422714,AMD,AMD
2024-03-29,1215422714,AMGN,Amgen
2024-03-29,1215422714,AMT,American Tower
2024-03-29,1215422714,AMZN,Amazon
2024-03-29,1215422714,AVGO,Broadcom
2024-03-29,1215422714,AXP,American Express
2024-03-29,1215422714,BA,Boeing
2024-03-29,1215422714,BAC,Bank of America
2024-03-29,1215422714,BK,BNY Mellon
2024-03-29,1215422714,BKNG,Booking Holdings
2024-03-29,1215422714,BLK,BlackRock
2024-03-29,1215422714,BMY,Bristol Myers Squibb
2024-03-29,1215422714,C,Citigroup
2024-03-29,1215422714,CAT,Caterpillar
2024-03-29,1215422714,CHTR,Charter Communications
2024-03-29,1215422714,CL,Colgate-Palmolive
2024-03-29,1215422714,CMCSA,Comcast
2024-03-29,1215422714,COF,Capital One
2024-03-29,1215422714,COP,ConocoPhillips
2024-03-29,1215422714,COST,Costco
2024-03-29,1215422714,CRM,Salesforce
2024-03-29,1215422714,CSCO,Cisco
2024-03-29,1215422714,CVS,CVS Health
2024-03-29,1215422714,CVX,Chevron
2024-03-29,1215422714,DE,Deere & Company
2024-03-29,1215422714,DHR,Danaher
2024-03-29,1215422714,DIS,Disney
2024-03-29,1215422714,DOW,Dow
2024-03-29,1215422714,DUK,Duke Energy
2024-03-29,1215422714,EMR,Emerson
2024-03-29,1215422714,F,Ford
2024-03-29,1215422714,FDX,FedEx
2024-03-29,1215422714,GD,General Dynamics
2024-03-29,1215422714,GE,General Electric
2024-03-29,1215422714,GILD,Gilead
2024-03-29,1215422714,GM,General Motors
2024-03-29,1215422714,GOOG,Alphabet(Class C)
2024-03-29,1215422714,GOOGL,Alphabet (Class A)
2024-03-29,1215422714,GS,Goldman Sachs
2024-03-29,1215422714,HD,Home Depot
2024-03-29,1215422714,HON,Honeywell
2024-03-29,1215422714,IBM,IBM
2024-03-29,1215422714,INTC,Intel
2024-03-29,1215422714,INTU,Intuit
2024-03-29,1215422714,JNJ,Johnson & Johnson
2024-03-29,1215422714,JPM,JPMorgan Chase
2024-03-29,1215422714,KHC,Kraft Heinz
2024-03-29,1215422714,KO,Coca-Cola
2024-03-29,1215422714,LIN,Linde
2024-03-29,1215422714,LLY,Lilly
2024-03-29,1215422714,LMT,Lockheed Martin
2024-03-29,1215422714,LOW,Lowe's
2024-03-29,1215422714,MA,Mastercard
2024-03-29,1215422714,MCD,McDonald's
2024-03-29,1215422714,MDLZ,Mondelēz International
2024-03-29,1215422714,MDT,Medtronic
2024-03-29,1215422714,MET,MetLife
2024-03-29,1215422714,META,Meta
2024-03-29,1215422714,MMM,3M
2024-03-29,1215422714,MO,Altria
2024-03-29,1215422714,MRK,Merck
2024-03-29,1215422714,MS,Morgan Stanley
2024-03-29,1215422714,MSFT,Microsoft
2024-03-29,1215422714,NEE,NextEra Energy
2024-03-29,1215422714,NFLX,Netflix
2024-03-29,1215422714,NKE,Nike
2024-03-29,1215422714,NVDA,Nvidia
2024-03-29,1215422714,ORCL,Oracle
2024-03-29,1215422714,PEP,PepsiCo
2024-03-29,1215422714,PFE,Pfizer
2024-03-29,1215422714,PG,Procter & Gamble
2024-03-29,1215422714,PM,Philip Morris International
2024-03-29,1215422714,PYPL,PayPal
2024-03-29,1215422714,QCOM,Qualcomm
2024-03-29,1215422714,RTX,RTX Corporation
2024-03-29,1215422714,SBUX,Starbucks
2024-03-29,1215422714,SCHW,Charles Schwab
2024-03-29,1215422714,SO,Southern Company
2024-03-29,1215422714,SPG,Simon Property Group
2024-03-29,1215422714,T,AT&T
2024-03-29,1215422714,TGT,Target
2024-03-29,1215422714,TMO,Thermo Fisher Scientific
2024-03-29,1215422714,TMUS,T-Mobile US
2024-03-29,1215422714,TSLA,Tesla
2024-03-29,1215422714,TXN,Texas Instruments
2024-03-29,1215422714,UNH,UnitedHealth Group
2024-03-29,1215422714,UNP,Union Pacific
2024-03-29,1215422714,UPS,United Parcel Service
2024-03-29,1215422714,USB,U.S. Bank
2024-03-29,1215422714,V,Visa
2024-03-29,1215422714,VZ,Verizon
2024-03-29,1215422714,WFC,Wells Fargo
2024-03-29,1215422714,WMT,Walmart
2024-03-29,1215422714,XOM,ExxonMobil
2024-04-05,1216980985,AAPL,Apple
2024-04-05,1216980985,ABBV,AbbVie
2024-04-05,1216980985,ABT,Abbott Laboratories
2024-04-05,1216980985,ACN,Accenture
2024-04-05,1216980985,ADBE,Adobe
2024-04-05,1216980985,AIG,American International Group
2024-04-05,1216980985,AMD,AMD
2024-04-05,1216980985,AMGN,Amgen
2024-04-05,1216980985,AMT,American Tower
2024-04-05,1216980985,AMZN,Amazon
2024-04-05,1216980985,AVGO,Broadcom
2024-04-05,1216980985,AXP,American Express
2024-04-05,1216980985,BA,Boeing
2024-04-05,1216980985,BAC,Bank of America
2024-04-05,1216980985,BK,BNY Mellon
2024-04-05,1216980985,BKNG,Booking Holdings
2024-04-05,1216980985,BLK,BlackRock
2024-04-05,1216980985,BMY,Bristol Myers Squibb
2024-04-05,1216980985,C,Citigroup
2024-04-05,1216980985,CAT,Caterpillar
2024-04-05,1216980985,CHTR,Charter Communications
2024-04-05,1216980985,CL,Colgate-Palmolive
2024-04-05,1216980985,CMCSA,Comcast
2024-04-05,1216980985,COF,Capital One
2024-04-05,1216980985,COP,ConocoPhillips
2024-04-05,1216980985,COST,Costco
2024-04-05,1216980985,CRM,Salesforce
2024-04-05,1216980985,CSCO,Cisco
2024-04-05,1216980985,CVS,CVS Health
2024-04-05,1216980985,CVX,Chevron
2024-04-05,1216980985,DE,Deere & Company
2024-04-05,1216980985,DHR,Danaher
2024-04-05,1216980985,DIS,Disney
2024-04-05,1216980985,DOW,Dow
2024-04-05,1216980985,DUK,Duke Energy
2024-04-05,1216980985,EMR,Emerson
2024-04-05,1216980985,F,Ford
2024-04-05,1216980985,FDX,FedEx
2024-04-05,1216980985,GD,General Dynamics
2024-04-05,1216980985,GE,GE Aerospace
2024-04-05,1216980985,GILD,Gilead
2024-04-05,1216980985,GM,General Motors
2024-04-05,1216980985,GOOG,Alphabet(Class C)
2024-04-05,1216980985,GOOGL,Alphabet (Class A)
2024-04-05,1216980985,GS,Goldman Sachs
2024-04-05,1216980985,HD,Home Depot
2024-04-05,1216980985,HON,Honeywell
2024-04-05,1216980985,IBM,IBM
2024-04-05,1216980985,INTC,Intel
2024-04-05,1216980985,INTU,Intuit
2024-04-05,1216980985,JNJ,Johnson & Johnson
2024-04-05,1216980985,JPM,JPMorgan Chase
2024-04-05,1216980985,KHC,Kraft Heinz
2024-04-05,1216980985,KO,Coca-Cola
2024-04-05,1216980985,LIN,Linde
2024-04-05,1216980985,LLY,Lilly
2024-04-05,1216980985,LMT,Lockheed Martin
2024-04-05,1216980985,LOW,Lowe's
2024-04-05,1216980985,MA,Mastercard
2024-04-05,1216980985,MCD,McDonald's
2024-04-05,1216980985,MDLZ,Mondelēz International
2024-04-05,1216980985,MDT,Medtronic
2024-04-05,1216980985,MET,MetLife
2024-04-05,1216980985,META,Meta
2024-04-05,1216980985,MMM,3M
2024-04-05,1216980985,MO,Altria
2024-04-05,1216980985,MRK,Merck
2024-04-05,1216980985,MS,Morgan Stanley
2024-04-05,1216980985,MSFT,Microsoft
2024-04-05,1216980985,NEE,NextEra Energy
2024-04-05,1216980985,NFLX,Netflix
2024-04-05,1216980985,NKE,Nike
2024-04-05,1216980985,NVDA,Nvidia
2024-04-05,1216980985,ORCL,Oracle
2024-04-05,1216980985,PEP,PepsiCo
2024-04-05,1216980985,PFE,Pfizer
2024-04-05,1216980985,PG,Procter & Gamble
2024-04-05,1216980985,PM,Philip Morris International
2024-04-05,1216980985,PYPL,PayPal
2024-04-05,1216980985,QCOM,Qualcomm
2024-04-05,1216980985,RTX,RTX Corporation
2024-04-05,1216980985,SBUX,Starbucks
2024-04-05,1216980985,SCHW,Charles Schwab
2024-04-05,1216980985,SO,Southern Company
2024-04-05,1216980985,SPG,Simon Property Group
2024-04-05,1216980985,T,AT&T
2024-04-05,1216980985,TGT,Target
2024-04-05,1216980985,TMO,Thermo Fisher Scientific
2024-04-05,1216980985,TMUS,T-Mobile US
2024-04-05,1216980985,TSLA,Tesla
2024-04-05,1216980985,TXN,Texas Instruments
2024-04-05,1216980985,UNH,UnitedHealth Group
2024-04-05,1216980985,UNP,Union Pacific
2024-04-05,1216980985,UPS,United Parcel Service
2024-04-05,1216980985,USB,U.S. Bank
2024-04-05,1216980985,V,Visa
2024-04-05,1216980985,VZ,Verizon
2024-04-05,1216980985,WFC,Wells Fargo
2024-04-05,1216980985,WMT,Walmart
2024-04-05,1216980985,XOM,ExxonMobil
2024-04-12,1216980985,AAPL,Apple
2024-04-12,1216980985,ABBV,AbbVie
2024-04-12,1216980985,ABT,Abbott Laboratories
2024-04-12,1216980985,ACN,Accenture
2024-04-12,1216980985,ADBE,Adobe
2024-04-12,1216980985,AIG,American International Group
2024-04-12,1216980985,AMD,AMD
2024-04-12,1216980985,AMGN,Amgen
2024-04-12,1216980985,AMT,American Tower
2024-04-12,1216980985,AMZN,Amazon
2024-04-12,1216980985,AVGO,Broadcom
2024-04-12,1216980985,AXP,American Express
2024-04-12,1216980985,BA,Boeing
2024-04-12,1216980985,BAC,Bank of America
2024-04-12,1216980985,BK,BNY Mellon
2024-04-12,1216980985,BKNG,Booking Holdings
2024-04-12,1216980985,BLK,BlackRock
2024-04-12,1216980985,BMY,Bristol Myers Squibb
2024-04-12,1216980985,C,Citigroup
2024-04-12,1216980985,CAT,Caterpillar
2024-04-12,1216980985,CHTR,Charter Communications
2024-04-12,1216980985,CL,Colgate-Palmolive
2024-04-12,1216980985,CMCSA,Comcast
2024-04-12,1216980985,COF,Capital One
2024-04-12,1216980985,COP,ConocoPhillips
2024-04-12,1216980985,COST,Costco
2024-04-12,1216980985,CRM,Salesforce
2024-04-12,1216980985,CSCO,Cisco
2024-04-12,1216980985,CVS,CVS Health
2024-04-12,1216980985,CVX,Chevron
2024-04-12,1216980985,DE,Deere & Company
2024-04-12,1216980985,DHR,Danaher
2024-04-12,1216980985,DIS,Disney
2024-04-12,1216980985,DOW,Dow
2024-04-12,1216980985,DUK,Duke Energy
2024-04-12,1216980985,EMR,Emerson
2024-04-12,1216980985,F,Ford
2024-04-12,1216980985,FDX,FedEx
2024-04-12,1216980985,GD,General Dynamics
2024-04-12,1216980985,GE,GE Aerospace
2024-04-12,1216980985,GILD,Gilead
2024-04-12,1216980985,GM,General Motors
2024-04-12,1216980985,GOOG,Alphabet(Class C)
2024-04-12,1216980985,GOOGL,Alphabet (Class A)
2024-04-12,1216980985,GS,Goldman Sachs
2024-04-12,1216980985,HD,Home Depot
2024-04-12,1216980985,HON,Honeywell
2024-04-12,1216980985,IBM,IBM
2024-04-12,1216980985,INTC,Intel
2024-04-12,1216980985,INTU,Intuit
2024-04-12,1216980985,JNJ,Johnson & Johnson
2024-04-12,1216980985,JPM,JPMorgan Chase
2024-04-12,1216980985,KHC,Kraft Heinz
2024-04-12,1216980985,KO,Coca-Cola
2024-04-12,1216980985,LIN,Linde
2024-04-12,1216980985,LLY,Lilly
2024-04-12,1216980985,LMT,Lockheed Martin
2024-04-12,1216980985,LOW,Lowe's
2024-04-12,1216980985,MA,Mastercard
2024-04-12,1216980985,MCD,McDonald's
2024-04-12,1216980985,MDLZ,Mondelēz International
2024-04-12,1216980985,MDT,Medtronic
2024-04-12,1216980985,MET,MetLife
2024-04-12,1216980985,META,Meta
2024-04-12,1216980985,MMM,3M
2024-04-12,1216980985,MO,Altria
2024-04-12,1216980985,MRK,Merck
2024-04-12,1216980985,MS,Morgan Stanley
2024-04-12,1216980985,MSFT,Microsoft
2024-04-12,1216980985,NEE,NextEra Energy
2024-04-12,1216980985,NFLX,Netflix
2024-04-12,1216980985,NKE,Nike
2024-04-12,1216980985,NVDA,Nvidia
2024-04-12,1216980985,ORCL,Oracle
2024-04-12,1216980985,PEP,PepsiCo
2024-04-12,1216980985,PFE,Pfizer
2024-04-12,1216980985,PG,Procter & Gamble
2024-04-12,1216980985,PM,Philip Morris International
2024-04-12,1216980985,PYPL,PayPal
2024-04-12,1216980985,QCOM,Qualcomm
2024-04-12,1216980985,RTX,RTX Corporation
2024-04-12,1216980985,SBUX,Starbucks
2024-04-12,1216980985,SCHW,Charles Schwab
2024-04-12,1216980985,SO,Southern Company
2024-04-12,1216980985,SPG,Simon Property Group
2024-04-12,1216980985,T,AT&T
2024-04-12,1216980985,TGT,Target
2024-04-12,1216980985,TMO,Thermo Fisher Scientific
2024-04-12,1216980985,TMUS,T-Mobile US
2024-04-12,1216980985,TSLA,Tesla
2024-04-12,1216980985,TXN,Texas Instruments
2024-04-12,1216980985,UNH,UnitedHealth Group
2024-04-12,1216980985,UNP,Union Pacific
2024-04-12,1216980985,UPS,United Parcel Service
2024-04-12,1216980985,USB,U.S. Bank
2024-04-12,1216980985,V,Visa
2024-04-12,1216980985,VZ,Verizon
2024-04-12,1216980985,WFC,Wells Fargo
2024-04-12,1216980985,WMT,Walmart
2024-04-12,1216980985,XOM,ExxonMobil
2024-04-19,1216980985,AAPL,Apple
2024-04-19,1216980985,ABBV,AbbVie
2024-04-19,1216980985,ABT,Abbott Laboratories
2024-04-19,1216980985,ACN,Accenture
2024-04-19,1216980985,ADBE,Adobe
2024-04-19,1216980985,AIG,American International Group
2024-04-19,1216980985,AMD,AMD
2024-04-19,1216980985,AMGN,Amgen
2024-04-19,1216980985,AMT,American Tower
2024-04-19,1216980985,AMZN,Amazon
2024-04-19,1216980985,AVGO,Broadcom
2024-04-19,1216980985,AXP,American Express
2024-04-19,1216980985,BA,Boeing
2024-04-19,1216980985,BAC,Bank of America
2024-04-19,1216980985,BK,BNY Mellon
2024-04-19,1216980985,BKNG,Booking Holdings
2024-04-19,1216980985,BLK,BlackRock
2024-04-19,1216980985,BMY,Bristol Myers Squibb
2024-04-19,1216980985,C,Citigroup
2024-04-19,1216980985,CAT,Caterpillar
2024-04-19,1216980985,CHTR,Charter Communications
2024-04-19,1216980985,CL,Colgate-Palmolive
2024-04-19,1216980985,CMCSA,Comcast
2024-04-19,1216980985,COF,Capital One
2024-04-19,1216980985,COP,ConocoPhillips
2024-04-19,1216980985,COST,Costco
2024-04-19,1216980985,CRM,Salesforce
2024-04-19,1216980985,CSCO,Cisco
2024-04-19,1216980985,CVS,CVS Health
2024-04-19,1216980985,CVX,Chevron
2024-04-19,1216980985,DE,Deere & Company
2024-04-19,1216980985,DHR,Danaher
2024-04-19,1216980985,DIS,Disney
2024-04-19,1216980985,DOW,Dow
2024-04-19,1216980985,DUK,Duke Energy
2024-04-19,1216980985,EMR,Emerson
2024-04-19,1216980985,F,Ford
2024-04-19,1216980985,FDX,FedEx
2024-04-19,1216980985,GD,General Dynamics
2024-04-19,1216980985,GE,GE Aerospace
2024-04-19,1216980985,GILD,Gilead
2024-04-19,1216980985,GM,General Motors
2024-04-19,1216980985,GOOG,Alphabet(Class C)
2024-04-19,1216980985,GOOGL,Alphabet (Class A)
2024-04-19,1216980985,GS,Goldman Sachs
2024-04-19,1216980985,HD,Home Depot
2024-04-19,1216980985,HON,Honeywell
2024-04-19,1216980985,IBM,IBM
2024-04-19,1216980985,INTC,Intel
2024-04-19,1216980985,INTU,Intuit
2024-04-19,1216980985,JNJ,Johnson & Johnson
2024-04-19,1216980985,JPM,JPMorgan Chase
2024-04-19,1216980985,KHC,Kraft Heinz
2024-04-19,1216980985,KO,Coca-Cola
2024-04-19,1216980985,LIN,Linde
2024-04-19,1216980985,LLY,Lilly
2024-04-19,1216980985,LMT,Lockheed Martin
2024-04-19,1216980985,LOW,Lowe's
2024-04-19,1216980985,MA,Mastercard
2024-04-19,1216980985,MCD,McDonald's
2024-04-19,1216980985,MDLZ,Mondelēz International
2024-04-19,1216980985,MDT,Medtronic
2024-04-19,1216980985,MET,MetLife
2024-04-19,1216980985,META,Meta
2024-04-19,1216980985,MMM,3M
2024-04-19,1216980985,MO,Altria
2024-04-19,1216980985,MRK,Merck
2024-04-19,1216980985,MS,Morgan Stanley
2024-04-19,1216980985,MSFT,Microsoft
2024-04-19,1216980985,NEE,NextEra Energy
2024-04-19,1216980985,NFLX,Netflix
2024-04-19,1216980985,NKE,Nike
2024-04-19,1216980985,NVDA,Nvidia
2024-04-19,1216980985,ORCL,Oracle
2024-04-19,1216980985,PEP,PepsiCo
2024-04-19,1216980985,PFE,Pfizer
2024-04-19,1216980985,PG,Procter & Gamble
2024-04-19,1216980985,PM,Philip Morris International
2024-04-19,1216980985,PYPL,PayPal
2024-04-19,1216980985,QCOM,Qualcomm
2024-04-19,1216980985,RTX,RTX Corporation
2024-04-19,1216980985,SBUX,Starbucks
2024-04-19,1216980985,SCHW,Charles Schwab
2024-04-19,1216980985,SO,Southern Company
2024-04-19,1216980985,SPG,Simon Property Group
2024-04-19,1216980985,T,AT&T
2024-04-19,1216980985,TGT,Target
2024-04-19,1216980985,TMO,Thermo Fisher Scientific
2024-04-19,1216980985,TMUS,T-Mobile US
2024-04-19,1216980985,TSLA,Tesla
2024-04-19,1216980985,TXN,Texas Instruments
2024-04-19,1216980985,UNH,UnitedHealth Group
2024-04-19,1216980985,UNP,Union Pacific
2024-04-19,1216980985,UPS,United Parcel Service
2024-04-19,1216980985,USB,U.S. Bank
2024-04-19,1216980985,V,Visa
2024-04-19,1216980985,VZ,Verizon
2024-04-19,1216980985,WFC,Wells Fargo
2024-04-19,1216980985,WMT,Walmart
2024-04-19,1216980985,XOM,ExxonMobil
2024-04-26,1216980985,AAPL,Apple
2024-04-26,1216980985,ABBV,AbbVie
2024-04-26,1216980985,ABT,Abbott Laboratories
2024-04-26,1216980985,ACN,Accenture
2024-04-26,1216980985,ADBE,Adobe
2024-04-26,1216980985,AIG,American International Group
2024-04-26,1216980985,AMD,AMD
2024-04-26,1216980985,AMGN,Amgen
2024-04-26,1216980985,AMT,American Tower
2024-04-26,1216980985,AMZN,Amazon
2024-04-26,1216980985,AVGO,Broadcom
2024-04-26,1216980985,AXP,American Express
2024-04-26,1216980985,BA,Boeing
2024-04-26,1216980985,BAC,Bank of America
2024-04-26,1216980985,BK,BNY Mellon
2024-04-26,1216980985,BKNG,Booking Holdings
2024-04-26,1216980985,BLK,BlackRock
2024-04-26,1216980985,BMY,Bristol Myers Squibb
2024-04-26,1216980985,C,Citigroup
2024-04-26,1216980985,CAT,Caterpillar
2024-04-26,1216980985,CHTR,Charter Communications
2024-04-26,1216980985,CL,Colgate-Palmolive
2024-04-26,1216980985,CMCSA,Comcast
2024-04-26,1216980985,COF,Capital One
2024-04-26,1216980985,COP,ConocoPhillips
2024-04-26,1216980985,COST,Costco
2024-04-26,1216980985,CRM,Salesforce
2024-04-26,1216980985,CSCO,Cisco
2024-04-26,1216980985,CVS,CVS Health
2024-04-26,1216980985,CVX,Chevron
2024-04-26,1216980985,DE,Deere & Company
2024-04-26,1216980985,DHR,Danaher
2024-04-26,1216980985,DIS,Disney
2024-04-26,1216980985,DOW,Dow
2024-04-26,1216980985,DUK,Duke Energy
2024-04-26,1216980985,EMR,Emerson
2024-04-26,1216980985,F,Ford
2024-04-26,1216980985,FDX,FedEx
2024-04-26,1216980985,GD,General Dynamics
2024-04-26,1216980985,GE,GE Aerospace
2024-04-26,1216980985,GILD,Gilead
2024-04-26,1216980985,GM,General Motors
2024-04-26,1216980985,GOOG,Alphabet(Class C)
2024-04-26,1216980985,GOOGL,Alphabet (Class A)
2024-04-26,1216980985,GS,Goldman Sachs
2024-04-26,1216980985,HD,Home Depot
2024-04-26,1216980985,HON,Honeywell
2024-04-26,1216980985,IBM,IBM
2024-04-26,1216980985,INTC,Intel
2024-04-26,1216980985,INTU,Intuit
2024-04-26,1216980985,JNJ,Johnson & Johnson
2024-04-26,1216980985,JPM,JPMorgan Chase
2024-04-26,1216980985,KHC,Kraft Heinz
2024-04-26,1216980985,KO,Coca-Cola
2024-04-26,1216980985,LIN,Linde
2024-04-26,1216980985,LLY,Lilly
2024-04-26,1216980985,LMT,Lockheed Martin
2024-04-26,1216980985,LOW,Lowe's
2024-04-26,1216980985,MA,Mastercard
2024-04-26,1216980985,MCD,McDonald's
2024-04-26,1216980985,MDLZ,Mondelēz International
2024-04-26,1216980985,MDT,Medtronic
2024-04-26,1216980985,MET,MetLife
2024-04-26,1216980985,META,Meta
2024-04-26,1216980985,MMM,3M
2024-04-26,1216980985,MO,Altria
2024-04-26,1216980985,MRK,Merck
2024-04-26,1216980985,MS,Morgan Stanley
2024-04-26,1216980985,MSFT,Microsoft
2024-04-26,1216980985,NEE,NextEra Energy
2024-04-26,1216980985,NFLX,Netflix
2024-04-26,1216980985,NKE,Nike
2024-04-26,1216980985,NVDA,Nvidia
2024-04-26,1216980985,ORCL,Oracle
2024-04-26,1216980985,PEP,PepsiCo
2024-04-26,1216980985,PFE,Pfizer
2024-04-26,1216980985,PG,Procter & Gamble
2024-04-26,1216980985,PM,Philip Morris International
2024-04-26,1216980985,PYPL,PayPal
2024-04-26,1216980985,QCOM,Qualcomm
2024-04-26,1216980985,RTX,RTX Corporation
2024-04-26,1216980985,SBUX,Starbucks
2024-04-26,1216980985,SCHW,Charles Schwab
2024-04-26,1216980985,SO,Southern Company
2024-04-26,1216980985,SPG,Simon Property Group
2024-04-26,1216980985,T,AT&T
2024-04-26,1216980985,TGT,Target
2024-04-26,1216980985,TMO,Thermo Fisher Scientific
2024-04-26,1216980985,TMUS,T-Mobile US
2024-04-26,1216980985,TSLA,Tesla
2024-04-26,1216980985,TXN,Texas Instruments
2024-04-26,1216980985,UNH,UnitedHealth Group
2024-04-26,1216980985,UNP,Union Pacific
2024-04-26,1216980985,UPS,United Parcel Service
2024-04-26,1216980985,USB,U.S. Bank
2024-04-26,1216980985,V,Visa
2024-04-26,1216980985,VZ,Verizon
2024-04-26,1216980985,WFC,Wells Fargo
2024-04-26,1216980985,WMT,Walmart
2024-04-26,1216980985,XOM,ExxonMobil
2024-05-03,1216980985,AAPL,Apple
2024-05-03,1216980985,ABBV,AbbVie
2024-05-03,1216980985,ABT,Abbott Laboratories
2024-05-03,1216980985,ACN,Accenture
2024-05-03,1216980985,ADBE,Adobe
2024-05-03,1216980985,AIG,American International Group
2024-05-03,1216980985,AMD,AMD
2024-05-03,1216980985,AMGN,Amgen
2024-05-03,1216980985,AMT,American Tower
2024-05-03,1216980985,AMZN,Amazon
2024-05-03,1216980985,AVGO,Broadcom
2024-05-03,1216980985,AXP,American Express
2024-05-03,1216980985,BA,Boeing
2024-05-03,1216980985,BAC,Bank of America
2024-05-03,1216980985,BK,BNY Mellon
2024-05-03,1216980985,BKNG,Booking Holdings
2024-05-03,1216980985,BLK,BlackRock
2024-05-03,1216980985,BMY,Bristol Myers Squibb
2024-05-03,1216980985,C,Citigroup
2024-05-03,1216980985,CAT,Caterpillar
2024-05-03,1216980985,CHTR,Charter Communications
2024-05-03,1216980985,CL,Colgate-Palmolive
2024-05-03,1216980985,CMCSA,Comcast
2024-05-03,1216980985,COF,Capital One
2024-05-03,1216980985,COP,ConocoPhillips
2024-05-03,1216980985,COST,Costco
2024-05-03,1216980985,CRM,Salesforce
2024-05-03,1216980985,CSCO,Cisco
2024-05-03,1216980985,CVS,CVS Health
2024-05-03,1216980985,CVX,Chevron
2024-05-03,1216980985,DE,Deere & Company
2024-05-03,1216980985,DHR,Danaher
2024-05-03,1216980985,DIS,Disney
2024-05-03,1216980985,DOW,Dow
2024-05-03,1216980985,DUK,Duke Energy
2024-05-03,1216980985,EMR,Emerson
2024-05-03,1216980985,F,Ford
2024-05-03,1216980985,FDX,FedEx
2024-05-03,1216980985,GD,General Dynamics
2024-05-03,1216980985,GE,GE Aerospace
2024-05-03,1216980985,GILD,Gilead
2024-05-03,1216980985,GM,General Motors
2024-05-03,1216980985,GOOG,Alphabet(Class C)
2024-05-03,1216980985,GOOGL,Alphabet (Class A)
2024-05-03,1216980985,GS,Goldman Sachs
2024-05-03,1216980985,HD,Home Depot
2024-05-03,1216980985,HON,Honeywell
2024-05-03,1216980985,IBM,IBM
2024-05-03,1216980985,INTC,Intel
2024-05-03,1216980985,INTU,Intuit
2024-05-03,1216980985,JNJ,Johnson & Johnson
2024-05-03,1216980985,JPM,JPMorgan Chase
2024-05-03,1216980985,KHC,Kraft Heinz
2024-05-03,1216980985,KO,Coca-Cola
2024-05-03,1216980985,LIN,Linde
2024-05-03,1216980985,LLY,Lilly
2024-05-03,1216980985,LMT,Lockheed Martin
2024-05-03,1216980985,LOW,Lowe's
2024-05-03,1216980985,MA,Mastercard
2024-05-03,1216980985,MCD,McDonald's
2024-05-03,1216980985,MDLZ,Mondelēz International
2024-05-03,1216980985,MDT,Medtronic
2024-05-03,1216980985,MET,MetLife
2024-05-03,1216980985,META,Meta
2024-05-03,1216980985,MMM,3M
2024-05-03,1216980985,MO,Altria
2024-05-03,1216980985,MRK,Merck
2024-05-03,1216980985,MS,Morgan Stanley
2024-05-03,1216980985,MSFT,Microsoft
2024-05-03,1216980985,NEE,NextEra Energy
2024-05-03,1216980985,NFLX,Netflix
2024-05-03,1216980985,NKE,Nike
2024-05-03,1216980985,NVDA,Nvidia
2024-05-03,1216980985,ORCL,Oracle
2024-05-03,1216980985,PEP,PepsiCo
2024-05-03,1216980985,PFE,Pfizer
2024-05-03,1216980985,PG,Procter & Gamble
2024-05-03,1216980985,PM,Philip Morris International
2024-05-03,1216980985,PYPL,PayPal
2024-05-03,1216980985,QCOM,Qualcomm
2024-05-03,1216980985,RTX,RTX Corporation
2024-05-03,1216980985,SBUX,Starbucks
2024-05-03,1216980985,SCHW,Charles Schwab
2024-05-03,1216980985,SO,Southern Company
2024-05-03,1216980985,SPG,Simon Property Group
2024-05-03,1216980985,T,AT&T
2024-05-03,1216980985,TGT,Target
2024-05-03,1216980985,TMO,Thermo Fisher Scientific
2024-05-03,1216980985,TMUS,T-Mobile US
2024-05-03,1216980985,TSLA,Tesla
2024-05-03,1216980985,TXN,Texas Instruments
2024-05-03,1216980985,UNH,UnitedHealth Group
2024-05-03,1216980985,UNP,Union Pacific
2024-05-03,1216980985,UPS,United Parcel Service
2024-05-03,1216980985,USB,U.S. Bank
2024-05-03,1216980985,V,Visa
2024-05-03,1216980985,VZ,Verizon
2024-05-03,1216980985,WFC,Wells Fargo
2024-05-03,1216980985,WMT,Walmart
2024-05-03,1216980985,XOM,ExxonMobil
2024-05-10,1216980985,AAPL,Apple
2024-05-10,1216980985,ABBV,AbbVie
2024-05-10,1216980985,ABT,Abbott Laboratories
2024-05-10,1216980985,ACN,Accenture
2024-05-10,1216980985,ADBE,Adobe
2024-05-10,1216980985,AIG,American International Group
2024-05-10,1216980985,AMD,AMD
2024-05-10,1216980985,AMGN,Amgen
2024-05-10,1216980985,AMT,American Tower
2024-05-10,1216980985,AMZN,Amazon
2024-05-10,1216980985,AVGO,Broadcom
2024-05-10,1216980985,AXP,American Express
2024-05-10,1216980985,BA,Boeing
2024-05-10,1216980985,BAC,Bank of America
2024-05-10,1216980985,BK,BNY Mellon
2024-05-10,1216980985,BKNG,Booking Holdings
2024-05-10,1216980985,BLK,BlackRock
2024-05-10,1216980985,BMY,Bristol Myers Squibb
2024-05-10,1216980985,C,Citigroup
2024-05-10,1216980985,CAT,Caterpillar
2024-05-10,1216980985,CHTR,Charter Communications
2024-05-10,1216980985,CL,Colgate-Palmolive
2024-05-10,1216980985,CMCSA,Comcast
2024-05-10,1216980985,COF,Capital One
2024-05-10,1216980985,COP,ConocoPhillips
2024-05-10,1216980985,COST,Costco
2024-05-10,1216980985,CRM,Salesforce
2024-05-10,1216980985,CSCO,Cisco
2024-05-10,1216980985,CVS,CVS Health
2024-05-10,1216980985,CVX,Chevron
2024-05-10,1216980985,DE,Deere & Company
2024-05-10,1216980985,DHR,Danaher
2024-05-10,1216980985,DIS,Disney
2024-05-10,1216980985,DOW,Dow
2024-05-10,1216980985,DUK,Duke Energy
2024-05-10,1216980985,EMR,Emerson
2024-05-10,1216980985,F,Ford
2024-05-10,1216980985,FDX,FedEx
2024-05-10,1216980985,GD,General Dynamics
2024-05-10,1216980985,GE,GE Aerospace
2024-05-10,1216980985,GILD,Gilead
2024-05-10,1216980985,GM,General Motors
2024-05-10,1216980985,GOOG,Alphabet(Class C)
2024-05-10,1216980985,GOOGL,Alphabet (Class A)
2024-05-10,1216980985,GS,Goldman Sachs
2024-05-10,1216980985,HD,Home Depot
2024-05-10,1216980985,HON,Honeywell
2024-05-10,1216980985,IBM,IBM
2024-05-10,1216980985,INTC,Intel
2024-05-10,1216980985,INTU,Intuit
2024-05-10,1216980985,JNJ,Johnson & Johnson
2024-05-10,1216980985,JPM,JPMorgan Chase
2024-05-10,1216980985,KHC,Kraft Heinz
2024-05-10,1216980985,KO,Coca-Cola
2024-05-10,1216980985,LIN,Linde
2024-05-10,1216980985,LLY,Lilly
2024-05-10,1216980985,LMT,Lockheed Martin
2024-05-10,1216980985,LOW,Lowe's
2024-05-10,1216980985,MA,Mastercard
2024-05-10,1216980985,MCD,McDonald's
2024-05-10,1216980985,MDLZ,Mondelēz International
2024-05-10,1216980985,MDT,Medtronic
2024-05-10,1216980985,MET,MetLife
2024-05-10,1216980985,META,Meta
2024-05-10,1216980985,MMM,3M
2024-05-10,1216980985,MO,Altria
2024-05-10,1216980985,MRK,Merck
2024-05-10,1216980985,MS,Morgan Stanley
2024-05-10,1216980985,MSFT,Microsoft
2024-05-10,1216980985,NEE,NextEra Energy
2024-05-10,1216980985,NFLX,Netflix
2024-05-10,1216980985,NKE,Nike
2024-05-10,1216980985,NVDA,Nvidia
2024-05-10,1216980985,ORCL,Oracle
2024-05-10,1216980985,PEP,PepsiCo
2024-05-10,1216980985,PFE,Pfizer
2024-05-10,1216980985,PG,Procter & Gamble
2024-05-10,1216980985,PM,Philip Morris International
2024-05-10,1216980985,PYPL,PayPal
2024-05-10,1216980985,QCOM,Qualcomm
2024-05-10,1216980985,RTX,RTX Corporation
2024-05-10,1216980985,SBUX,Starbucks
2024-05-10,1216980985,SCHW,Charles Schwab
2024-05-10,1216980985,SO,Southern Company
2024-05-10,1216980985,SPG,Simon Property Group
2024-05-10,1216980985,T,AT&T
2024-05-10,1216980985,TGT,Target
2024-05-10,1216980985,TMO,Thermo Fisher Scientific
2024-05-10,1216980985,TMUS,T-Mobile US
2024-05-10,1216980985,TSLA,Tesla
2024-05-10,1216980985,TXN,Texas Instruments
2024-05-10,1216980985,UNH,UnitedHealth Group
2024-05-10,1216980985,UNP,Union Pacific
2024-05-10,1216980985,UPS,United Parcel Service
2024-05-10,1216980985,USB,U.S. Bank
2024-05-10,1216980985,V,Visa
2024-05-10,1216980985,VZ,Verizon
2024-05-10,1216980985,WFC,Wells Fargo
2024-05-10,1216980985,WMT,Walmart
2024-05-10,1216980985,XOM,ExxonMobil
2024-05-17,1224150188,AAPL,Apple
2024-05-17,1224150188,ABBV,AbbVie
2024-05-17,1224150188,ABT,Abbott Laboratories
2024-05-17,1224150188,ACN,Accenture
2024-05-17,1224150188,ADBE,Adobe
2024-05-17,1224150188,AIG,American International Group
2024-05-17,1224150188,AMD,AMD
2024-05-17,1224150188,AMGN,Amgen
2024-05-17,1224150188,AMT,American Tower
2024-05-17,1224150188,AMZN,Amazon
2024-05-17,1224150188,AVGO,Broadcom
2024-05-17,1224150188,AXP,American Express
2024-05-17,1224150188,BA,Boeing
2024-05-17,1224150188,BAC,Bank of America
2024-05-17,1224150188,BK,BNY Mellon
2024-05-17,1224150188,BKNG,Booking Holdings
2024-05-17,1224150188,BLK,BlackRock
2024-05-17,1224150188,BMY,Bristol Myers Squibb
2024-05-17,1224150188,C,Citigroup
2024-05-17,1224150188,CAT,Caterpillar
2024-05-17,1224150188,CHTR,Charter Communications
2024-05-17,1224150188,CL,Colgate-Palmolive
2024-05-17,1224150188,CMCSA,Comcast
2024-05-17,1224150188,COF,Capital One
2024-05-17,1224150188,COP,ConocoPhillips
2024-05-17,1224150188,COST,Costco
2024-05-17,1224150188,CRM,Salesforce
2024-05-17,1224150188,CSCO,Cisco
2024-05-17,1224150188,CVS,CVS Health
2024-05-17,1224150188,CVX,Chevron
2024-05-17,1224150188,DE,Deere & Company
2024-05-17,1224150188,DHR,Danaher
2024-05-17,1224150188,DIS,Disney
2024-05-17,1224150188,DOW,Dow
2024-05-17,1224150188,DUK,Duke Energy
2024-05-17,1224150188,EMR,Emerson
2024-05-17,1224150188,F,Ford
2024-05-17,1224150188,FDX,FedEx
2024-05-17,1224150188,GD,General Dynamics
2024-05-17,1224150188,GE,GE Aerospace
2024-05-17,1224150188,GILD,Gilead
2024-05-17,1224150188,GM,General Motors
2024-05-17,1224150188,GOOG,Alphabet(Class C)
2024-05-17,1224150188,GOOGL,Alphabet (Class A)
2024-05-17,1224150188,GS,Goldman Sachs
2024-05-17,1224150188,HD,Home Depot
2024-05-17,1224150188,HON,Honeywell
2024-05-17,1224150188,IBM,IBM
2024-05-17,1224150188,INTC,Intel
2024-05-17,1224150188,INTU,Intuit
2024-05-17,1224150188,JNJ,Johnson & Johnson
2024-05-17,1224150188,JPM,JPMorgan Chase
2024-05-17,1224150188,KHC,Kraft Heinz
2024-05-17,1224150188,KO,Coca-Cola
2024-05-17,1224150188,LIN,Linde
2024-05-17,1224150188,LLY,Lilly
2024-05-17,1224150188,LMT,Lockheed Martin
2024-05-17,1224150188,LOW,Lowe's
2024-05-17,1224150188,MA,Mastercard
2024-05-17,1224150188,MCD,McDonald's
2024-05-17,1224150188,MDLZ,Mondelēz International
2024-05-17,1224150188,MDT,Medtronic
2024-05-17,1224150188,MET,MetLife
2024-05-17,1224150188,META,Meta
2024-05-17,1224150188,MMM,3M
2024-05-17,1224150188,MO,Altria
2024-05-17,1224150188,MRK,Merck
2024-05-17,1224150188,MS,Morgan Stanley
2024-05-17,1224150188,MSFT,Microsoft
2024-05-17,1224150188,NEE,NextEra Energy
2024-05-17,1224150188,NFLX,Netflix
2024-05-17,1224150188,NKE,Nike
2024-05-17,1224150188,NVDA,Nvidia
2024-05-17,1224150188,ORCL,Oracle
2024-05-17,1224150188,PEP,PepsiCo
2024-05-17,1224150188,PFE,Pfizer
2024-05-17,1224150188,PG,Procter & Gamble
2024-05-17,1224150188,PM,Philip Morris International
2024-05-17,1224150188,PYPL,PayPal
2024-05-17,1224150188,QCOM,Qualcomm
2024-05-17,1224150188,RTX,RTX Corporation
2024-05-17,1224150188,SBUX,Starbucks
2024-05-17,1224150188,SCHW,Charles Schwab
2024-05-17,1224150188,SO,Southern Company
2024-05-17,1224150188,SPG,Simon Property Group
2024-05-17,1224150188,T,AT&T
2024-05-17,1224150188,TGT,Target
2024-05-17,1224150188,TMO,Thermo Fisher Scientific
2024-05-17,1224150188,TMUS,T-Mobile US
2024-05-17,1224150188,TSLA,Tesla
2024-05-17,1224150188,TXN,Texas Instruments
2024-05-17,1224150188,UNH,UnitedHealth Group
2024-05-17,1224150188,UNP,Union Pacific
2024-05-17,1224150188,UPS,United Parcel Service
2024-05-17,1224150188,USB,U.S. Bank
2024-05-17,1224150188,V,Visa
2024-05-17,1224150188,VZ,Verizon
2024-05-17,1224150188,WFC,Wells Fargo
2024-05-17,1224150188,WMT,Walmart
2024-05-17,1224150188,XOM,ExxonMobil
2024-05-24,1224150188,AAPL,Apple
2024-05-24,1224150188,ABBV,AbbVie
2024-05-24,1224150188,ABT,Abbott Laboratories
2024-05-24,1224150188,ACN,Accenture
2024-05-24,1224150188,ADBE,Adobe
2024-05-24,1224150188,AIG,American International Group
2024-05-24,1224150188,AMD,AMD
2024-05-24,1224150188,AMGN,Amgen
2024-05-24,1224150188,AMT,American Tower
2024-05-24,1224150188,AMZN,Amazon
2024-05-24,1224150188,AVGO,Broadcom
2024-05-24,1224150188,AXP,American Express
2024-05-24,1224150188,BA,Boeing
2024-05-24,1224150188,BAC,Bank of America
2024-05-24,1224150188,BK,BNY Mellon
2024-05-24,1224150188,BKNG,Booking Holdings
2024-05-24,1224150188,BLK,BlackRock
2024-05-24,1224150188,BMY,Bristol Myers Squibb
2024-05-24,1224150188,C,Citigroup
2024-05-24,1224150188,CAT,Caterpillar
2024-05-24,1224150188,CHTR,Charter Communications
2024-05-24,1224150188,CL,Colgate-Palmolive
2024-05-24,1224150188,CMCSA,Comcast
2024-05-24,1224150188,COF,Capital One
2024-05-24,1224150188,COP,ConocoPhillips
2024-05-24,1224150188,COST,Costco
2024-05-24,1224150188,CRM,Salesforce
2024-05-24,1224150188,CSCO,Cisco
2024-05-24,1224150188,CVS,CVS Health
2024-05-24,1224150188,CVX,Chevron
2024-05-24,1224150188,DE,Deere & Company
2024-05-24,1224150188,DHR,Danaher
2024-05-24,1224150188,DIS,Disney
2024-05-24,1224150188,DOW,Dow
2024-05-24,1224150188,DUK,Duke Energy
2024-05-24,1224150188,EMR,Emerson
2024-05-24,1224150188,F,Ford
2024-05-24,1224150188,FDX,FedEx
2024-05-24,1224150188,GD,General Dynamics
2024-05-24,1224150188,GE,GE Aerospace
2024-05-24,1224150188,GILD,Gilead
2024-05-24,1224150188,GM,General Motors
2024-05-24,1224150188,GOOG,Alphabet(Class C)
2024-05-24,1224150188,GOOGL,Alphabet (Class A)
2024-05-24,1224150188,GS,Goldman Sachs
2024-05-24,1224150188,HD,Home Depot
2024-05-24,1224150188,HON,Honeywell
2024-05-24,1224150188,IBM,IBM
2024-05-24,1224150188,INTC,Intel
2024-05-24,1224150188,INTU,Intuit
2024-05-24,1224150188,JNJ,Johnson & Johnson
2024-05-24,1224150188,JPM,JPMorgan Chase
2024-05-24,1224150188,KHC,Kraft Heinz
2024-05-24,1224150188,KO,Coca-Cola
2024-05-24,1224150188,LIN,Linde
2024-05-24,1224150188,LLY,Lilly
2024-05-24,1224150188,LMT,Lockheed Martin
2024-05-24,1224150188,LOW,Lowe's
2024-05-24,1224150188,MA,Mastercard
2024-05-24,1224150188,MCD,McDonald's
2024-05-24,1224150188,MDLZ,Mondelēz International
2024-05-24,1224150188,MDT,Medtronic
2024-05-24,1224150188,MET,MetLife
2024-05-24,1224150188,META,Meta
2024-05-24,1224150188,MMM,3M
2024-05-24,1224150188,MO,Altria
2024-05-24,1224150188,MRK,Merck
2024-05-24,1224150188,MS,Morgan Stanley
2024-05-24,1224150188,MSFT,Microsoft
2024-05-24,1224150188,NEE,NextEra Energy
2024-05-24,1224150188,NFLX,Netflix
2024-05-24,1224150188,NKE,Nike
2024-05-24,1224150188,NVDA,Nvidia
2024-05-24,1224150188,ORCL,Oracle
2024-05-24,1224150188,PEP,PepsiCo
2024-05-24,1224150188,PFE,Pfizer
2024-05-24,1224150188,PG,Procter & Gamble
2024-05-24,1224150188,PM,Philip Morris International
2024-05-24,1224150188,PYPL,PayPal
2024-05-24,1224150188,QCOM,Qualcomm
2024-05-24,1224150188,RTX,RTX Corporation
2024-05-24,1224150188,SBUX,Starbucks
2024-05-24,1224150188,SCHW,Charles Schwab
2024-05-24,1224150188,SO,Southern Company
2024-05-24,1224150188,SPG,Simon Property Group
2024-05-24,1224150188,T,AT&T
2024-05-24,1224150188,TGT,Target
2024-05-24,1224150188,TMO,Thermo Fisher Scientific
2024-05-24,1224150188,TMUS,T-Mobile US
2024-05-24,1224150188,TSLA,Tesla
2024-05-24,1224150188,TXN,Texas Instruments
2024-05-24,1224150188,UNH,UnitedHealth Group
2024-05-24,1224150188,UNP,Union Pacific
2024-05-24,1224150188,UPS,United Parcel Service
2024-05-24,1224150188,USB,U.S. Bank
2024-05-24,1224150188,V,Visa
2024-05-24,1224150188,VZ,Verizon
2024-05-24,1224150188,WFC,Wells Fargo
2024-05-24,1224150188,WMT,Walmart
2024-05-24,1224150188,XOM,ExxonMobil
2024-05-31,1224150188,AAPL,Apple
2024-05-31,1224150188,ABBV,AbbVie
2024-05-31,1224150188,ABT,Abbott Laboratories
2024-05-31,1224150188,ACN,Accenture
2024-05-31,1224150188,ADBE,Adobe
2024-05-31,1224150188,AIG,American International Group
2024-05-31,1224150188,AMD,AMD
2024-05-31,1224150188,AMGN,Amgen
2024-05-31,1224150188,AMT,American Tower
2024-05-31,1224150188,AMZN,Amazon
2024-05-31,1224150188,AVGO,Broadcom
2024-05-31,1224150188,AXP,American Express
2024-05-31,1224150188,BA,Boeing
2024-05-31,1224150188,BAC,Bank of America
2024-05-31,1224150188,BK,BNY Mellon
2024-05-31,1224150188,BKNG,Booking Holdings
2024-05-31,1224150188,BLK,BlackRock
2024-05-31,1224150188,BMY,Bristol Myers Squibb
2024-05-31,1224150188,C,Citigroup
2024-05-31,1224150188,CAT,Caterpillar
2024-05-31,1224150188,CHTR,Charter Communications
2024-05-31,1224150188,CL,Colgate-Palmolive
2024-05-31,1224150188,CMCSA,Comcast
2024-05-31,1224150188,COF,Capital One
2024-05-31,1224150188,COP,ConocoPhillips
2024-05-31,1224150188,COST,Costco
2024-05-31,1224150188,CRM,Salesforce
2024-05-31,1224150188,CSCO,Cisco
2024-05-31,1224150188,CVS,CVS Health
2024-05-31,1224150188,CVX,Chevron
2024-05-31,1224150188,DE,Deere & Company
2024-05-31,1224150188,DHR,Danaher
2024-05-31,1224150188,DIS,Disney
2024-05-31,1224150188,DOW,Dow
2024-05-31,1224150188,DUK,Duke Energy
2024-05-31,1224150188,EMR,Emerson
2024-05-31,1224150188,F,Ford
2024-05-31,1224150188,FDX,FedEx
2024-05-31,1224150188,GD,General Dynamics
2024-05-31,1224150188,GE,GE Aerospace
2024-05-31,1224150188,GILD,Gilead
2024-05-31,1224150188,GM,General Motors
2024-05-31,1224150188,GOOG,Alphabet(Class C)
2024-05-31,1224150188,GOOGL,Alphabet (Class A)
2024-05-31,1224150188,GS,Goldman Sachs
2024-05-31,1224150188,HD,Home Depot
2024-05-31,1224150188,HON,Honeywell
2024-05-31,1224150188,IBM,IBM
2024-05-31,1224150188,INTC,Intel
2024-05-31,1224150188,INTU,Intuit
2024-05-31,1224150188,JNJ,Johnson & Johnson
2024-05-31,1224150188,JPM,JPMorgan Chase
2024-05-31,1224150188,KHC,Kraft Heinz
2024-05-31,1224150188,KO,Coca-Cola
2024-05-31,1224150188,LIN,Linde
2024-05-31,1224150188,LLY,Lilly
2024-05-31,1224150188,LMT,Lockheed Martin
2024-05-31,1224150188,LOW,Lowe's
2024-05-31,1224150188,MA,Mastercard
2024-05-31,1224150188,MCD,McDonald's
2024-05-31,1224150188,MDLZ,Mondelēz International
2024-05-31,1224150188,MDT,Medtronic
2024-05-31,1224150188,MET,MetLife
2024-05-31,1224150188,META,Meta
2024-05-31,1224150188,MMM,3M
2024-05-31,1224150188,MO,Altria
2024-05-31,1224150188,MRK,Merck
2024-05-31,1224150188,MS,Morgan Stanley
2024-05-31,1224150188,MSFT,Microsoft
2024-05-31,1224150188,NEE,NextEra Energy
2024-05-31,1224150188,NFLX,Netflix
2024-05-31,1224150188,NKE,Nike
2024-05-31,1224150188,NVDA,Nvidia
2024-05-31,1224150188,ORCL,Oracle
2024-05-31,1224150188,PEP,PepsiCo
2024-05-31,1224150188,PFE,Pfizer
2024-05-31,1224150188,PG,Procter & Gamble
2024-05-31,1224150188,PM,Philip Morris International
2024-05-31,1224150188,PYPL,PayPal
2024-05-31,1224150188,QCOM,Qualcomm
2024-05-31,1224150188,RTX,RTX Corporation
2024-05-31,1224150188,SBUX,Starbucks
2024-05-31,1224150188,SCHW,Charles Schwab
2024-05-31,1224150188,SO,Southern Company
2024-05-31,1224150188,SPG,Simon Property Group
2024-05-31,1224150188,T,AT&T
2024-05-31,1224150188,TGT,Target
2024-05-31,1224150188,TMO,Thermo Fisher Scientific
2024-05-31,1224150188,TMUS,T-Mobile US
2024-05-31,1224150188,TSLA,Tesla
2024-05-31,1224150188,TXN,Texas Instruments
2024-05-31,1224150188,UNH,UnitedHealth Group
2024-05-31,1224150188,UNP,Union Pacific
2024-05-31,1224150188,UPS,United Parcel Service
2024-05-31,1224150188,USB,U.S. Bank
2024-05-31,1224150188,V,Visa
2024-05-31,1224150188,VZ,Verizon
2024-05-31,1224150188,WFC,Wells Fargo
2024-05-31,1224150188,WMT,Walmart
2024-05-31,1224150188,XOM,ExxonMobil
2024-06-07,1224150188,AAPL,Apple
2024-06-07,1224150188,ABBV,AbbVie
2024-06-07,1224150188,ABT,Abbott Laboratories
2024-06-07,1224150188,ACN,Accenture
2024-06-07,1224150188,ADBE,Adobe
2024-06-07,1224150188,AIG,American International Group
2024-06-07,1224150188,AMD,AMD
2024-06-07,1224150188,AMGN,Amgen
2024-06-07,1224150188,AMT,American Tower
2024-06-07,1224150188,AMZN,Amazon
2024-06-07,1224150188,AVGO,Broadcom
2024-06-07,1224150188,AXP,American Express
2024-06-07,1224150188,BA,Boeing
2024-06-07,1224150188,BAC,Bank of America
2024-06-07,1224150188,BK,BNY Mellon
2024-06-07,1224150188,BKNG,Booking Holdings
2024-06-07,1224150188,BLK,BlackRock
2024-06-07,1224150188,BMY,Bristol Myers Squibb
2024-06-07,1224150188,C,Citigroup
2024-06-07,1224150188,CAT,Caterpillar
2024-06-07,1224150188,CHTR,Charter Communications
2024-06-07,1224150188,CL,Colgate-Palmolive
2024-06-07,1224150188,CMCSA,Comcast
2024-06-07,1224150188,COF,Capital One
2024-06-07,1224150188,COP,ConocoPhillips
2024-06-07,1224150188,COST,Costco
2024-06-07,1224150188,CRM,Salesforce
2024-06-07,1224150188,CSCO,Cisco
2024-06-07,1224150188,CVS,CVS Health
2024-06-07,1224150188,CVX,Chevron
2024-06-07,1224150188,DE,Deere & Company
2024-06-07,1224150188,DHR,Danaher
2024-06-07,1224150188,DIS,Disney
2024-06-07,1224150188,DOW,Dow
2024-06-07,1224150188,DUK,Duke Energy
2024-06-07,1224150188,EMR,Emerson
2024-06-07,1224150188,F,Ford
2024-06-07,1224150188,FDX,FedEx
2024-06-07,1224150188,GD,General Dynamics
2024-06-07,1224150188,GE,GE Aerospace
2024-06-07,1224150188,GILD,Gilead
2024-06-07,1224150188,GM,General Motors
2024-06-07,1224150188,GOOG,Alphabet(Class C)
2024-06-07,1224150188,GOOGL,Alphabet (Class A)
2024-06-07,1224150188,GS,Goldman Sachs
2024-06-07,1224150188,HD,Home Depot
2024-06-07,1224150188,HON,Honeywell
2024-06-07,1224150188,IBM,IBM
2024-06-07,1224150188,INTC,Intel
2024-06-07,1224150188,INTU,Intuit
2024-06-07,1224150188,JNJ,Johnson & Johnson
2024-06-07,1224150188,JPM,JPMorgan Chase
2024-06-07,1224150188,KHC,Kraft Heinz
2024-06-07,1224150188,KO,Coca-Cola
2024-06-07,1224150188,LIN,Linde
2024-06-07,1224150188,LLY,Lilly
2024-06-07,1224150188,LMT,Lockheed Martin
2024-06-07,1224150188,LOW,Lowe's
2024-06-07,1224150188,MA,Mastercard
2024-06-07,1224150188,MCD,McDonald's
2024-06-07,1224150188,MDLZ,Mondelēz International
2024-06-07,1224150188,MDT,Medtronic
2024-06-07,1224150188,MET,MetLife
2024-06-07,1224150188,META,Meta
2024-06-07,1224150188,MMM,3M
2024-06-07,1224150188,MO,Altria
2024-06-07,1224150188,MRK,Merck
2024-06-07,1224150188,MS,Morgan Stanley
2024-06-07,1224150188,MSFT,Microsoft
2024-06-07,1224150188,NEE,NextEra Energy
2024-06-07,1224150188,NFLX,Netflix
2024-06-07,1224150188,NKE,Nike
2024-06-07,1224150188,NVDA,Nvidia
2024-06-07,1224150188,ORCL,Oracle
2024-06-07,1224150188,PEP,PepsiCo
2024-06-07,1224150188,PFE,Pfizer
2024-06-07,1224150188,PG,Procter & Gamble
2024-06-07,1224150188,PM,Philip Morris International
2024-06-07,1224150188,PYPL,PayPal
2024-06-07,1224150188,QCOM,Qualcomm
2024-06-07,1224150188,RTX,RTX Corporation
2024-06-07,1224150188,SBUX,Starbucks
2024-06-07,1224150188,SCHW,Charles Schwab
2024-06-07,1224150188,SO,Southern Company
2024-06-07,1224150188,SPG,Simon Property Group
2024-06-07,1224150188,T,AT&T
2024-06-07,1224150188,TGT,Target
2024-06-07,1224150188,TMO,Thermo Fisher Scientific
2024-06-07,1224150188,TMUS,T-Mobile US
2024-06-07,1224150188,TSLA,Tesla
2024-06-07,1224150188,TXN,Texas Instruments
2024-06-07,1224150188,UNH,UnitedHealth Group
2024-06-07,1224150188,UNP,Union Pacific
2024-06-07,1224150188,UPS,United Parcel Service
2024-06-07,1224150188,USB,U.S. Bank
2024-06-07,1224150188,V,Visa
2024-06-07,1224150188,VZ,Verizon
2024-06-07,1224150188,WFC,Wells Fargo
2024-06-07,1224150188,WMT,Walmart
2024-06-07,1224150188,XOM,ExxonMobil
2024-06-14,1224150188,AAPL,Apple
2024-06-14,1224150188,ABBV,AbbVie
2024-06-14,1224150188,ABT,Abbott Laboratories
2024-06-14,1224150188,ACN,Accenture
2024-06-14,1224150188,ADBE,Adobe
2024-06-14,1224150188,AIG,American International Group
2024-06-14,1224150188,AMD,AMD
2024-06-14,1224150188,AMGN,Amgen
2024-06-14,1224150188,AMT,American Tower
2024-06-14,1224150188,AMZN,Amazon
2024-06-14,1224150188,AVGO,Broadcom
2024-06-14,1224150188,AXP,American Express
2024-06-14,1224150188,BA,Boeing
2024-06-14,1224150188,BAC,Bank of America
2024-06-14,1224150188,BK,BNY Mellon
2024-06-14,1224150188,BKNG,Booking Holdings
2024-06-14,1224150188,BLK,BlackRock
2024-06-14,1224150188,BMY,Bristol Myers Squibb
2024-06-14,1224150188,C,Citigroup
2024-06-14,1224150188,CAT,Caterpillar
2024-06-14,1224150188,CHTR,Charter Communications
2024-06-14,1224150188,CL,Colgate-Palmolive
2024-06-14,1224150188,CMCSA,Comcast
2024-06-14,1224150188,COF,Capital One
2024-06-14,1224150188,COP,ConocoPhillips
2024-06-14,1224150188,COST,Costco
2024-06-14,1224150188,CRM,Salesforce
2024-06-14,1224150188,CSCO,Cisco
2024-06-14,1224150188,CVS,CVS Health
2024-06-14,1224150188,CVX,Chevron
2024-06-14,1224150188,DE,Deere & Company
2024-06-14,1224150188,DHR,Danaher
2024-06-14,1224150188,DIS,Disney
2024-06-14,1224150188,DOW,Dow
2024-06-14,1224150188,DUK,Duke Energy
2024-06-14,1224150188,EMR,Emerson
2024-06-14,1224150188,F,Ford
2024-06-14,1224150188,FDX,FedEx
2024-06-14,1224150188,GD,General Dynamics
2024-06-14,1224150188,GE,GE Aerospace
2024-06-14,1224150188,GILD,Gilead
2024-06-14,1224150188,GM,General Motors
2024-06-14,1224150188,GOOG,Alphabet(Class C)
2024-06-14,1224150188,GOOGL,Alphabet (Class A)
2024-06-14,1224150188,GS,Goldman Sachs
2024-06-14,1224150188,HD,Home Depot
2024-06-14,1224150188,HON,Honeywell
2024-06-14,1224150188,IBM,IBM
2024-06-14,1224150188,INTC,Intel
2024-06-14,1224150188,INTU,Intuit
2024-06-14,1224150188,JNJ,Johnson & Johnson
2024-06-14,1224150188,JPM,JPMorgan Chase
2024-06-14,1224150188,KHC,Kraft Heinz
2024-06-14,1224150188,KO,Coca-Cola
2024-06-14,1224150188,LIN,Linde
2024-06-14,1224150188,LLY,Lilly
2024-06-14,1224150188,LMT,Lockheed Martin
2024-06-14,1224150188,LOW,Lowe's
2024-06-14,1224150188,MA,Mastercard
2024-06-14,1224150188,MCD,McDonald's
2024-06-14,1224150188,MDLZ,Mondelēz International
2024-06-14,1224150188,MDT,Medtronic
2024-06-14,1224150188,MET,MetLife
2024-06-14,1224150188,META,Meta
2024-06-14,1224150188,MMM,3M
2024-06-14,1224150188,MO,Altria
2024-06-14,1224150188,MRK,Merck
2024-06-14,1224150188,MS,Morgan Stanley
2024-06-14,1224150188,MSFT,Microsoft
2024-06-14,1224150188,NEE,NextEra Energy
2024-06-14,1224150188,NFLX,Netflix
2024-06-14,1224150188,NKE,Nike
2024-06-14,1224150188,NVDA,Nvidia
2024-06-14,1224150188,ORCL,Oracle
2024-06-14,1224150188,PEP,PepsiCo
2024-06-14,1224150188,PFE,Pfizer
2024-06-14,1224150188,PG,Procter & Gamble
2024-06-14,1224150188,PM,Philip Morris International
2024-06-14,1224150188,PYPL,PayPal
2024-06-14,1224150188,QCOM,Qualcomm
2024-06-14,1224150188,RTX,RTX Corporation
2024-06-14,1224150188,SBUX,Starbucks
2024-06-14,1224150188,SCHW,Charles Schwab
2024-06-14,1224150188,SO,Southern Company
2024-06-14,1224150188,SPG,Simon Property Group
2024-06-14,1224150188,T,AT&T
2024-06-14,1224150188,TGT,Target
2024-06-14,1224150188,TMO,Thermo Fisher Scientific
2024-06-14,1224150188,TMUS,T-Mobile US
2024-06-14,1224150188,TSLA,Tesla
2024-06-14,1224150188,TXN,Texas Instruments
2024-06-14,1224150188,UNH,UnitedHealth Group
2024-06-14,1224150188,UNP,Union Pacific
2024-06-14,1224150188,UPS,United Parcel Service
2024-06-14,1224150188,USB,U.S. Bank
2024-06-14,1224150188,V,Visa
2024-06-14,1224150188,VZ,Verizon
2024-06-14,1224150188,WFC,Wells Fargo
2024-06-14,1224150188,WMT,Walmart
2024-06-14,1224150188,XOM,ExxonMobil
2024-06-21,1224150188,AAPL,Apple
2024-06-21,1224150188,ABBV,AbbVie
2024-06-21,1224150188,ABT,Abbott Laboratories
2024-06-21,1224150188,ACN,Accenture
2024-06-21,1224150188,ADBE,Adobe
2024-06-21,1224150188,AIG,American International Group
2024-06-21,1224150188,AMD,AMD
2024-06-21,1224150188,AMGN,Amgen
2024-06-21,1224150188,AMT,American Tower
2024-06-21,1224150188,AMZN,Amazon
2024-06-21,1224150188,AVGO,Broadcom
2024-06-21,1224150188,AXP,American Express
2024-06-21,1224150188,BA,Boeing
2024-06-21,1224150188,BAC,Bank of America
2024-06-21,1224150188,BK,BNY Mellon
2024-06-21,1224150188,BKNG,Booking Holdings
2024-06-21,1224150188,BLK,BlackRock
2024-06-21,1224150188,BMY,Bristol Myers Squibb
2024-06-21,1224150188,C,Citigroup
2024-06-21,1224150188,CAT,Caterpillar
2024-06-21,1224150188,CHTR,Charter Communications
2024-06-21,1224150188,CL,Colgate-Palmolive
2024-06-21,1224150188,CMCSA,Comcast
2024-06-21,1224150188,COF,Capital One
2024-06-21,1224150188,COP,ConocoPhillips
2024-06-21,1224150188,COST,Costco
2024-06-21,1224150188,CRM,Salesforce
2024-06-21,1224150188,CSCO,Cisco
2024-06-21,1224150188,CVS,CVS Health
2024-06-21,1224150188,CVX,Chevron
2024-06-21,1224150188,DE,Deere & Company
2024-06-21,1224150188,DHR,Danaher
2024-06-21,1224150188,DIS,Disney
2024-06-21,1224150188,DOW,Dow
2024-06-21,1224150188,DUK,Duke Energy
2024-06-21,1224150188,EMR,Emerson
2024-06-21,1224150188,F,Ford
2024-06-21,1224150188,FDX,FedEx
2024-06-21,1224150188,GD,General Dynamics
2024-06-21,1224150188,GE,GE Aerospace
2024-06-21,1224150188,GILD,Gilead
2024-06-21,1224150188,GM,General Motors
2024-06-21,1224150188,GOOG,Alphabet(Class C)
2024-06-21,1224150188,GOOGL,Alphabet (Class A)
2024-06-21,1224150188,GS,Goldman Sachs
2024-06-21,1224150188,HD,Home Depot
2024-06-21,1224150188,HON,Honeywell
2024-06-21,1224150188,IBM,IBM
2024-06-21,1224150188,INTC,Intel
2024-06-21,1224150188,INTU,Intuit
2024-06-21,1224150188,JNJ,Johnson & Johnson
2024-06-21,1224150188,JPM,JPMorgan Chase
2024-06-21,1224150188,KHC,Kraft Heinz
2024-06-21,1224150188,KO,Coca-Cola
2024-06-21,1224150188,LIN,Linde
2024-06-21,1224150188,LLY,Lilly
2024-06-21,1224150188,LMT,Lockheed Martin
2024-06-21,1224150188,LOW,Lowe's
2024-06-21,1224150188,MA,Mastercard
2024-06-21,1224150188,MCD,McDonald's
2024-06-21,1224150188,MDLZ,Mondelēz International
2024-06-21,1224150188,MDT,Medtronic
2024-06-21,1224150188,MET,MetLife
2024-06-21,1224150188,META,Meta
2024-06-21,1224150188,MMM,3M
2024-06-21,1224150188,MO,Altria
2024-06-21,1224150188,MRK,Merck
2024-06-21,1224150188,MS,Morgan Stanley
2024-06-21,1224150188,MSFT,Microsoft
2024-06-21,1224150188,NEE,NextEra Energy
2024-06-21,1224150188,NFLX,Netflix
2024-06-21,1224150188,NKE,Nike
2024-06-21,1224150188,NVDA,Nvidia
2024-06-21,1224150188,ORCL,Oracle
2024-06-21,1224150188,PEP,PepsiCo
2024-06-21,1224150188,PFE,Pfizer
2024-06-21,1224150188,PG,Procter & Gamble
2024-06-21,1224150188,PM,Philip Morris International
2024-06-21,1224150188,PYPL,PayPal
2024-06-21,1224150188,QCOM,Qualcomm
2024-06-21,1224150188,RTX,RTX Corporation
2024-06-21,1224150188,SBUX,Starbucks
2024-06-21,1224150188,SCHW,Charles Schwab
2024-06-21,1224150188,SO,Southern Company
2024-06-21,1224150188,SPG,Simon Property Group
2024-06-21,1224150188,T,AT&T
2024-06-21,1224150188,TGT,Target
2024-06-21,1224150188,TMO,Thermo Fisher Scientific
2024-06-21,1224150188,TMUS,T-Mobile US
2024-06-21,1224150188,TSLA,Tesla
2024-06-21,1224150188,TXN,Texas Instruments
2024-06-21,1224150188,UNH,UnitedHealth Group
2024-06-21,1224150188,UNP,Union Pacific
2024-06-21,1224150188,UPS,United Parcel Service
2024-06-21,1224150188,USB,U.S. Bank
2024-06-21,1224150188,V,Visa
2024-06-21,1224150188,VZ,Verizon
2024-06-21,1224150188,WFC,Wells Fargo
2024-06-21,1224150188,WMT,Walmart
2024-06-21,1224150188,XOM,ExxonMobil
2024-06-28,1224150188,AAPL,Apple
2024-06-28,1224150188,ABBV,AbbVie
2024-06-28,1224150188,ABT,Abbott Laboratories
2024-06-28,1224150188,ACN,Accenture
2024-06-28,1224150188,ADBE,Adobe
2024-06-28,1224150188,AIG,American International Group
2024-06-28,1224150188,AMD,AMD
2024-06-28,1224150188,AMGN,Amgen
2024-06-28,1224150188,AMT,American Tower
2024-06-28,1224150188,AMZN,Amazon
2024-06-28,1224150188,AVGO,Broadcom
2024-06-28,1224150188,AXP,American Express
2024-06-28,1224150188,BA,Boeing
2024-06-28,1224150188,BAC,Bank of America
2024-06-28,1224150188,BK,BNY Mellon
2024-06-28,1224150188,BKNG,Booking Holdings
2024-06-28,1224150188,BLK,BlackRock
2024-06-28,1224150188,BMY,Bristol Myers Squibb
2024-06-28,1224150188,C,Citigroup
2024-06-28,1224150188,CAT,Caterpillar
2024-06-28,1224150188,CHTR,Charter Communications
2024-06-28,1224150188,CL,Colgate-Palmolive
2024-06-28,1224150188,CMCSA,Comcast
2024-06-28,1224150188,COF,Capital One
2024-06-28,1224150188,COP,ConocoPhillips
2024-06-28,1224150188,COST,Costco
2024-06-28,1224150188,CRM,Salesforce
2024-06-28,1224150188,CSCO,Cisco
2024-06-28,1224150188,CVS,CVS Health
2024-06-28,1224150188,CVX,Chevron
2024-06-28,1224150188,DE,Deere & Company
2024-06-28,1224150188,DHR,Danaher
2024-06-28,1224150188,DIS,Disney
2024-06-28,1224150188,DOW,Dow
2024-06-28,1224150188,DUK,Duke Energy
2024-06-28,1224150188,EMR,Emerson
2024-06-28,1224150188,F,Ford
2024-06-28,1224150188,FDX,FedEx
2024-06-28,1224150188,GD,General Dynamics
2024-06-28,1224150188,GE,GE Aerospace
2024-06-28,1224150188,GILD,Gilead
2024-06-28,1224150188,GM,General Motors
2024-06-28,1224150188,GOOG,Alphabet(Class C)
2024-06-28,1224150188,GOOGL,Alphabet (Class A)
2024-06-28,1224150188,GS,Goldman Sachs
2024-06-28,1224150188,HD,Home Depot
2024-06-28,1224150188,HON,Honeywell
2024-06-28,1224150188,IBM,IBM
2024-06-28,1224150188,INTC,Intel
2024-06-28,1224150188,INTU,Intuit
2024-06-28,1224150188,JNJ,Johnson & Johnson
2024-06-28,1224150188,JPM,JPMorgan Chase
2024-06-28,1224150188,KHC,Kraft Heinz
2024-06-28,1224150188,KO,Coca-Cola
2024-06-28,1224150188,LIN,Linde
2024-06-28,1224150188,LLY,Lilly
2024-06-28,1224150188,LMT,Lockheed Martin
2024-06-28,1224150188,LOW,Lowe's
2024-06-28,1224150188,MA,Mastercard
2024-06-28,1224150188,MCD,McDonald's
2024-06-28,1224150188,MDLZ,Mondelēz International
2024-06-28,1224150188,MDT,Medtronic
2024-06-28,1224150188,MET,MetLife
2024-06-28,1224150188,META,Meta
2024-06-28,1224150188,MMM,3M
2024-06-28,1224150188,MO,Altria
2024-06-28,1224150188,MRK,Merck
2024-06-28,1224150188,MS,Morgan Stanley
2024-06-28,1224150188,MSFT,Microsoft
2024-06-28,1224150188,NEE,NextEra Energy
2024-06-28,1224150188,NFLX,Netflix
2024-06-28,1224150188,NKE,Nike
2024-06-28,1224150188,NVDA,Nvidia
2024-06-28,1224150188,ORCL,Oracle
2024-06-28,1224150188,PEP,PepsiCo
2024-06-28,1224150188,PFE,Pfizer
2024-06-28,1224150188,PG,Procter & Gamble
2024-06-28,1224150188,PM,Philip Morris International
2024-06-28,1224150188,PYPL,PayPal
2024-06-28,1224150188,QCOM,Qualcomm
2024-06-28,1224150188,RTX,RTX Corporation
2024-06-28,1224150188,SBUX,Starbucks
2024-06-28,1224150188,SCHW,Charles Schwab
2024-06-28,1224150188,SO,Southern Company
2024-06-28,1224150188,SPG,Simon Property Group
2024-06-28,1224150188,T,AT&T
2024-06-28,1224150188,TGT,Target
2024-06-28,1224150188,TMO,Thermo Fisher Scientific
2024-06-28,1224150188,TMUS,T-Mobile US
2024-06-28,1224150188,TSLA,Tesla
2024-06-28,1224150188,TXN,Texas Instruments
2024-06-28,1224150188,UNH,UnitedHealth Group
2024-06-28,1224150188,UNP,Union Pacific
2024-06-28,1224150188,UPS,United Parcel Service
2024-06-28,1224150188,USB,U.S. Bank
2024-06-28,1224150188,V,Visa
2024-06-28,1224150188,VZ,Verizon
2024-06-28,1224150188,WFC,Wells Fargo
2024-06-28,1224150188,WMT,Walmart
2024-06-28,1224150188,XOM,ExxonMobil
2024-07-05,1224150188,AAPL,Apple
2024-07-05,1224150188,ABBV,AbbVie
2024-07-05,1224150188,ABT,Abbott Laboratories
2024-07-05,1224150188,ACN,Accenture
2024-07-05,1224150188,ADBE,Adobe
2024-07-05,1224150188,AIG,American International Group
2024-07-05,1224150188,AMD,AMD
2024-07-05,1224150188,AMGN,Amgen
2024-07-05,1224150188,AMT,American Tower
2024-07-05,1224150188,AMZN,Amazon
2024-07-05,1224150188,AVGO,Broadcom
2024-07-05,1224150188,AXP,American Express
2024-07-05,1224150188,BA,Boeing
2024-07-05,1224150188,BAC,Bank of America
2024-07-05,1224150188,BK,BNY Mellon
2024-07-05,1224150188,BKNG,Booking Holdings
2024-07-05,1224150188,BLK,BlackRock
2024-07-05,1224150188,BMY,Bristol Myers Squibb
2024-07-05,1224150188,C,Citigroup
2024-07-05,1224150188,CAT,Caterpillar
2024-07-05,1224150188,CHTR,Charter Communications
2024-07-05,1224150188,CL,Colgate-Palmolive
2024-07-05,1224150188,CMCSA,Comcast
2024-07-05,1224150188,COF,Capital One
2024-07-05,1224150188,COP,ConocoPhillips
2024-07-05,1224150188,COST,Costco
2024-07-05,1224150188,CRM,Salesforce
2024-07-05,1224150188,CSCO,Cisco
2024-07-05,1224150188,CVS,CVS Health
2024-07-05,1224150188,CVX,Chevron
2024-07-05,1224150188,DE,Deere & Company
2024-07-05,1224150188,DHR,Danaher
2024-07-05,1224150188,DIS,Disney
2024-07-05,1224150188,DOW,Dow
2024-07-05,1224150188,DUK,Duke Energy
2024-07-05,1224150188,EMR,Emerson
2024-07-05,1224150188,F,Ford
2024-07-05,1224150188,FDX,FedEx
2024-07-05,1224150188,GD,General Dynamics
2024-07-05,1224150188,GE,GE Aerospace
2024-07-05,1224150188,GILD,Gilead
2024-07-05,1224150188,GM,General Motors
2024-07-05,1224150188,GOOG,Alphabet(Class C)
2024-07-05,1224150188,GOOGL,Alphabet (Class A)
2024-07-05,1224150188,GS,Goldman Sachs
2024-07-05,1224150188,HD,Home Depot
2024-07-05,1224150188,HON,Honeywell
2024-07-05,1224150188,IBM,IBM
2024-07-05,1224150188,INTC,Intel
2024-07-05,1224150188,INTU,Intuit
2024-07-05,1224150188,JNJ,Johnson & Johnson
2024-07-05,1224150188,JPM,JPMorgan Chase
2024-07-05,1224150188,KHC,Kraft Heinz
2024-07-05,1224150188,KO,Coca-Cola
2024-07-05,1224150188,LIN,Linde
2024-07-05,1224150188,LLY,Lilly
2024-07-05,1224150188,LMT,Lockheed Martin
2024-07-05,1224150188,LOW,Lowe's
2024-07-05,1224150188,MA,Mastercard
2024-07-05,1224150188,MCD,McDonald's
2024-07-05,1224150188,MDLZ,Mondelēz International
2024-07-05,1224150188,MDT,Medtronic
2024-07-05,1224150188,MET,MetLife
2024-07-05,1224150188,META,Meta
2024-07-05,1224150188,MMM,3M
2024-07-05,1224150188,MO,Altria
2024-07-05,1224150188,MRK,Merck
2024-07-05,1224150188,MS,Morgan Stanley
2024-07-05,1224150188,MSFT,Microsoft
2024-07-05,1224150188,NEE,NextEra Energy
2024-07-05,1224150188,NFLX,Netflix
2024-07-05,1224150188,NKE,Nike
2024-07-05,1224150188,NVDA,Nvidia
2024-07-05,1224150188,ORCL,Oracle
2024-07-05,1224150188,PEP,PepsiCo
2024-07-05,1224150188,PFE,Pfizer
2024-07-05,1224150188,PG,Procter & Gamble
2024-07-05,1224150188,PM,Philip Morris International
2024-07-05,1224150188,PYPL,PayPal
2024-07-05,1224150188,QCOM,Qualcomm
2024-07-05,1224150188,RTX,RTX Corporation
2024-07-05,1224150188,SBUX,Starbucks
2024-07-05,1224150188,SCHW,Charles Schwab
2024-07-05,1224150188,SO,Southern Company
2024-07-05,1224150188,SPG,Simon Property Group
2024-07-05,1224150188,T,AT&T
2024-07-05,1224150188,TGT,Target
2024-07-05,1224150188,TMO,Thermo Fisher Scientific
2024-07-05,1224150188,TMUS,T-Mobile US
2024-07-05,1224150188,TSLA,Tesla
2024-07-05,1224150188,TXN,Texas Instruments
2024-07-05,1224150188,UNH,UnitedHealth Group
2024-07-05,1224150188,UNP,Union Pacific
2024-07-05,1224150188,UPS,United Parcel Service
2024-07-05,1224150188,USB,U.S. Bank
2024-07-05,1224150188,V,Visa
2024-07-05,1224150188,VZ,Verizon
2024-07-05,1224150188,WFC,Wells Fargo
2024-07-05,1224150188,WMT,Walmart
2024-07-05,1224150188,XOM,ExxonMobil
2024-07-12,1233962992,AAPL,Apple
2024-07-12,1233962992,ABBV,AbbVie
2024-07-12,1233962992,ABT,Abbott Laboratories
2024-07-12,1233962992,ACN,Accenture
2024-07-12,1233962992,ADBE,Adobe
2024-07-12,1233962992,AIG,American International Group
2024-07-12,1233962992,AMD,AMD
2024-07-12,1233962992,AMGN,Amgen
2024-07-12,1233962992,AMT,American Tower
2024-07-12,1233962992,AMZN,Amazon
2024-07-12,1233962992,AVGO,Broadcom
2024-07-12,1233962992,AXP,American Express
2024-07-12,1233962992,BA,Boeing
2024-07-12,1233962992,BAC,Bank of America
2024-07-12,1233962992,BK,BNY Mellon
2024-07-12,1233962992,BKNG,Booking Holdings
2024-07-12,1233962992,BLK,BlackRock
2024-07-12,1233962992,BMY,Bristol Myers Squibb
2024-07-12,1233962992,C,Citigroup
2024-07-12,1233962992,CAT,Caterpillar
2024-07-12,1233962992,CHTR,Charter Communications
2024-07-12,1233962992,CL,Colgate-Palmolive
2024-07-12,1233962992,CMCSA,Comcast
2024-07-12,1233962992,COF,Capital One
2024-07-12,1233962992,COP,ConocoPhillips
2024-07-12,1233962992,COST,Costco
2024-07-12,1233962992,CRM,Salesforce
2024-07-12,1233962992,CSCO,Cisco
2024-07-12,1233962992,CVS,CVS Health
2024-07-12,1233962992,CVX,Chevron
2024-07-12,1233962992,DE,Deere & Company
2024-07-12,1233962992,DHR,Danaher
2024-07-12,1233962992,DIS,Disney
2024-07-12,1233962992,DOW,Dow
2024-07-12,1233962992,DUK,Duke Energy
2024-07-12,1233962992,EMR,Emerson Electric
2024-07-12,1233962992,F,Ford
2024-07-12,1233962992,FDX,FedEx
2024-07-12,1233962992,GD,General Dynamics
2024-07-12,1233962992,GE,GE Aerospace
2024-07-12,1233962992,GILD,Gilead
2024-07-12,1233962992,GM,General Motors
2024-07-12,1233962992,GOOG,Alphabet(Class C)
2024-07-12,1233962992,GOOGL,Alphabet (Class A)
2024-07-12,1233962992,GS,Goldman Sachs
2024-07-12,1233962992,HD,Home Depot
2024-07-12,1233962992,HON,Honeywell
2024-07-12,1233962992,IBM,IBM
2024-07-12,1233962992,INTC,Intel
2024-07-12,1233962992,INTU,Intuit
2024-07-12,1233962992,JNJ,Johnson & Johnson
2024-07-12,1233962992,JPM,JPMorgan Chase
2024-07-12,1233962992,KHC,Kraft Heinz
2024-07-12,1233962992,KO,Coca-Cola
2024-07-12,1233962992,LIN,Linde
2024-07-12,1233962992,LLY,Lilly
2024-07-12,1233962992,LMT,Lockheed Martin
2024-07-12,1233962992,LOW,Lowe's
2024-07-12,1233962992,MA,Mastercard
2024-07-12,1233962992,MCD,McDonald's
2024-07-12,1233962992,MDLZ,Mondelēz International
2024-07-12,1233962992,MDT,Medtronic
2024-07-12,1233962992,MET,MetLife
2024-07-12,1233962992,META,Meta
2024-07-12,1233962992,MMM,3M
2024-07-12,1233962992,MO,Altria
2024-07-12,1233962992,MRK,Merck
2024-07-12,1233962992,MS,Morgan Stanley
2024-07-12,1233962992,MSFT,Microsoft
2024-07-12,1233962992,NEE,NextEra Energy
2024-07-12,1233962992,NFLX,Netflix
2024-07-12,1233962992,NKE,Nike
2024-07-12,1233962992,NVDA,Nvidia
2024-07-12,1233962992,ORCL,Oracle
2024-07-12,1233962992,PEP,PepsiCo
2024-07-12,1233962992,PFE,Pfizer
2024-07-12,1233962992,PG,Procter & Gamble
2024-07-12,1233962992,PM,Philip Morris International
2024-07-12,1233962992,PYPL,PayPal
2024-07-12,1233962992,QCOM,Qualcomm
2024-07-12,1233962992,RTX,RTX Corporation
2024-07-12,1233962992,SBUX,Starbucks
2024-07-12,1233962992,SCHW,Charles Schwab
2024-07-12,1233962992,SO,Southern Company
2024-07-12,1233962992,SPG,Simon Property Group
2024-07-12,1233962992,T,AT&T
2024-07-12,1233962992,TGT,Target
2024-07-12,1233962992,TMO,Thermo Fisher Scientific
2024-07-12,1233962992,TMUS,T-Mobile US
2024-07-12,1233962992,TSLA,Tesla
2024-07-12,1233962992,TXN,Texas Instruments
2024-07-12,1233962992,UNH,UnitedHealth Group
2024-07-12,1233962992,UNP,Union Pacific
2024-07-12,1233962992,UPS,United Parcel Service
2024-07-12,1233962992,USB,U.S. Bank
2024-07-12,1233962992,V,Visa
2024-07-12,1233962992,VZ,Verizon
2024-07-12,1233962992,WFC,Wells Fargo
2024-07-12,1233962992,WMT,Walmart
2024-07-12,1233962992,XOM,ExxonMobil
2024-07-19,1234341326,AAPL,Apple
2024-07-19,1234341326,ABBV,AbbVie
2024-07-19,1234341326,ABT,Abbott Laboratories
2024-07-19,1234341326,ACN,Accenture
2024-07-19,1234341326,ADBE,Adobe
2024-07-19,1234341326,AIG,American International Group
2024-07-19,1234341326,AMD,AMD
2024-07-19,1234341326,AMGN,Amgen
2024-07-19,1234341326,AMT,American Tower
2024-07-19,1234341326,AMZN,Amazon
2024-07-19,1234341326,AVGO,Broadcom
2024-07-19,1234341326,AXP,American Express
2024-07-19,1234341326,BA,Boeing
2024-07-19,1234341326,BAC,Bank of America
2024-07-19,1234341326,BK,BNY Mellon
2024-07-19,1234341326,BKNG,Booking Holdings
2024-07-19,1234341326,BLK,BlackRock
2024-07-19,1234341326,BMY,Bristol Myers Squibb
2024-07-19,1234341326,C,Citigroup
2024-07-19,1234341326,CAT,Caterpillar
2024-07-19,1234341326,CHTR,Charter Communications
2024-07-19,1234341326,CL,Colgate-Palmolive
2024-07-19,1234341326,CMCSA,Comcast
2024-07-19,1234341326,COF,Capital One
2024-07-19,1234341326,COP,ConocoPhillips
2024-07-19,1234341326,COST,Costco
2024-07-19,1234341326,CRM,Salesforce
2024-07-19,1234341326,CSCO,Cisco
2024-07-19,1234341326,CVS,CVS Health
2024-07-19,1234341326,CVX,Chevron
2024-07-19,1234341326,DE,Deere & Company
2024-07-19,1234341326,DHR,Danaher
2024-07-19,1234341326,DIS,Disney
2024-07-19,1234341326,DOW,Dow Chemical
2024-07-19,1234341326,DUK,Duke Energy
2024-07-19,1234341326,EMR,Emerson Electric
2024-07-19,1234341326,F,Ford Motor Company
2024-07-19,1234341326,FDX,FedEx
2024-07-19,1234341326,GD,General Dynamics
2024-07-19,1234341326,GE,GE Aerospace
2024-07-19,1234341326,GILD,Gilead Sciences
2024-07-19,1234341326,GM,General Motors
2024-07-19,1234341326,GOOG,Alphabet(Class C)
2024-07-19,1234341326,GOOGL,Alphabet (Class A)
2024-07-19,1234341326,GS,Goldman Sachs
2024-07-19,1234341326,HD,Home Depot
2024-07-19,1234341326,HON,Honeywell
2024-07-19,1234341326,IBM,IBM
2024-07-19,1234341326,INTC,Intel
2024-07-19,1234341326,INTU,Intuit
2024-07-19,1234341326,JNJ,Johnson & Johnson
2024-07-19,1234341326,JPM,JPMorgan Chase
2024-07-19,1234341326,KHC,Kraft Heinz
2024-07-19,1234341326,KO,Coca-Cola
2024-07-19,1234341326,LIN,Linde
2024-07-19,1234341326,LLY,Lilly (Eli)
2024-07-19,1234341326,LMT,Lockheed Martin
2024-07-19,1234341326,LOW,Lowe's
2024-07-19,1234341326,MA,Mastercard
2024-07-19,1234341326,MCD,McDonald's
2024-07-19,1234341326,MDLZ,Mondelēz International
2024-07-19,1234341326,MDT,Medtronic
2024-07-19,1234341326,MET,MetLife
2024-07-19,1234341326,META,Meta Platforms
2024-07-19,1234341326,MMM,3M
2024-07-19,1234341326,MO,Altria
2024-07-19,1234341326,MRK,Merck & Co.
2024-07-19,1234341326,MS,Morgan Stanley
2024-07-19,1234341326,MSFT,Microsoft
2024-07-19,1234341326,NEE,NextEra Energy
2024-07-19,1234341326,NFLX,Netflix
2024-07-19,1234341326,NKE,Nike
2024-07-19,1234341326,NVDA,Nvidia
2024-07-19,1234341326,ORCL,Oracle
2024-07-19,1234341326,PEP,PepsiCo
2024-07-19,1234341326,PFE,Pfizer
2024-07-19,1234341326,PG,Procter & Gamble
2024-07-19,1234341326,PM,Philip Morris International
2024-07-19,1234341326,PYPL,PayPal
2024-07-19,1234341326,QCOM,Qualcomm
2024-07-19,1234341326,RTX,RTX Corporation
2024-07-19,1234341326,SBUX,Starbucks
2024-07-19,1234341326,SCHW,Charles Schwab
2024-07-19,1234341326,SO,Southern Company
2024-07-19,1234341326,SPG,Simon Property Group
2024-07-19,1234341326,T,AT&T
2024-07-19,1234341326,TGT,Target
2024-07-19,1234341326,TMO,Thermo Fisher Scientific
2024-07-19,1234341326,TMUS,T-Mobile US
2024-07-19,1234341326,TSLA,Tesla
2024-07-19,1234341326,TXN,Texas Instruments
2024-07-19,1234341326,UNH,UnitedHealth Group
2024-07-19,1234341326,UNP,Union Pacific
2024-07-19,1234341326,UPS,United Parcel Service
2024-07-19,1234341326,USB,U.S. Bank
2024-07-19,1234341326,V,Visa
2024-07-19,1234341326,VZ,Verizon
2024-07-19,1234341326,WFC,Wells Fargo
2024-07-19,1234341326,WMT,Walmart
2024-07-19,1234341326,XOM,ExxonMobil
2024-07-26,1236489013,AAPL,Apple Inc.
2024-07-26,1236489013,ABBV,AbbVie
2024-07-26,1236489013,ABT,Abbott Laboratories
2024-07-26,1236489013,ACN,Accenture
2024-07-26,1236489013,ADBE,Adobe Inc.
2024-07-26,1236489013,AIG,American International Group
2024-07-26,1236489013,AMD,Advanced Micro Devices
2024-07-26,1236489013,AMGN,Amgen
2024-07-26,1236489013,AMT,American Tower
2024-07-26,1236489013,AMZN,Amazon
2024-07-26,1236489013,AVGO,Broadcom Inc.
2024-07-26,1236489013,AXP,American Express
2024-07-26,1236489013,BA,Boeing
2024-07-26,1236489013,BAC,Bank of America
2024-07-26,1236489013,BK,BNY Mellon
2024-07-26,1236489013,BKNG,Booking Holdings
2024-07-26,1236489013,BLK,BlackRock
2024-07-26,1236489013,BMY,Bristol Myers Squibb
2024-07-26,1236489013,C,Citigroup
2024-07-26,1236489013,CAT,Caterpillar Inc.
2024-07-26,1236489013,CHTR,Charter Communications
2024-07-26,1236489013,CL,Colgate-Palmolive
2024-07-26,1236489013,CMCSA,Comcast
2024-07-26,1236489013,COF,Capital One
2024-07-26,1236489013,COP,ConocoPhillips
2024-07-26,1236489013,COST,Costco
2024-07-26,1236489013,CRM,Salesforce
2024-07-26,1236489013,CSCO,Cisco
2024-07-26,1236489013,CVS,CVS Health
2024-07-26,1236489013,CVX,Chevron
2024-07-26,1236489013,DE,Deere & Company
2024-07-26,1236489013,DHR,Danaher
2024-07-26,1236489013,DIS,Walt Disney Company (The)
2024-07-26,1236489013,DOW,Dow Inc.
2024-07-26,1236489013,DUK,Duke Energy
2024-07-26,1236489013,EMR,Emerson Electric
2024-07-26,1236489013,F,Ford Motor Company
2024-07-26,1236489013,FDX,FedEx
2024-07-26,1236489013,GD,General Dynamics
2024-07-26,1236489013,GE,GE Aerospace
2024-07-26,1236489013,GILD,Gilead Sciences
2024-07-26,1236489013,GM,General Motors
2024-07-26,1236489013,GOOG,Alphabet(Class C)
2024-07-26,1236489013,GOOGL,Alphabet (Class A)
2024-07-26,1236489013,GS,Goldman Sachs
2024-07-26,1236489013,HD,Home Depot
2024-07-26,1236489013,HON,Honeywell
2024-07-26,1236489013,IBM,IBM
2024-07-26,1236489013,INTC,Intel
2024-07-26,1236489013,INTU,Intuit
2024-07-26,1236489013,JNJ,Johnson & Johnson
2024-07-26,1236489013,JPM,JPMorgan Chase
2024-07-26,1236489013,KHC,Kraft Heinz
2024-07-26,1236489013,KO,Coca-Cola Company (The)
2024-07-26,1236489013,LIN,Linde plc
2024-07-26,1236489013,LLY,Lilly (Eli)
2024-07-26,1236489013,LMT,Lockheed Martin
2024-07-26,1236489013,LOW,Lowe's
2024-07-26,1236489013,MA,Mastercard
2024-07-26,1236489013,MCD,McDonald's
2024-07-26,1236489013,MDLZ,Mondelēz International
2024-07-26,1236489013,MDT,Medtronic
2024-07-26,1236489013,MET,MetLife
2024-07-26,1236489013,META,Meta Platforms
2024-07-26,1236489013,MMM,3M
2024-07-26,1236489013,MO,Altria
2024-07-26,1236489013,MRK,Merck & Co.
2024-07-26,1236489013,MS,Morgan Stanley
2024-07-26,1236489013,MSFT,Microsoft
2024-07-26,1236489013,NEE,NextEra Energy
2024-07-26,1236489013,NFLX,Netflix
2024-07-26,1236489013,NKE,"Nike, Inc."
2024-07-26,1236489013,NVDA,Nvidia
2024-07-26,1236489013,ORCL,Oracle
2024-07-26,1236489013,PEP,PepsiCo
2024-07-26,1236489013,PFE,Pfizer
2024-07-26,1236489013,PG,Procter & Gamble
2024-07-26,1236489013,PM,Philip Morris International
2024-07-26,1236489013,PYPL,PayPal
2024-07-26,1236489013,QCOM,Qualcomm
2024-07-26,1236489013,RTX,RTX Corporation
2024-07-26,1236489013,SBUX,Starbucks
2024-07-26,1236489013,SCHW,Charles Schwab Corporation
2024-07-26,1236489013,SO,Southern Company
2024-07-26,1236489013,SPG,Simon Property Group
2024-07-26,1236489013,T,AT&T
2024-07-26,1236489013,TGT,Target Corporation
2024-07-26,1236489013,TMO,Thermo Fisher Scientific
2024-07-26,1236489013,TMUS,T-Mobile US
2024-07-26,1236489013,TSLA,"Tesla, Inc."
2024-07-26,1236489013,TXN,Texas Instruments
2024-07-26,1236489013,UNH,UnitedHealth Group
2024-07-26,1236489013,UNP,Union Pacific Corporation
2024-07-26,1236489013,UPS,United Parcel Service
2024-07-26,1236489013,USB,U.S. Bank
2024-07-26,1236489013,V,Visa Inc.
2024-07-26,1236489013,VZ,Verizon
2024-07-26,1236489013,WFC,Wells Fargo
2024-07-26,1236489013,WMT,Walmart
2024-07-26,1236489013,XOM,ExxonMobil
2024-08-02,1236489013,AAPL,Apple Inc.
2024-08-02,1236489013,ABBV,AbbVie
2024-08-02,1236489013,ABT,Abbott Laboratories
2024-08-02,1236489013,ACN,Accenture
2024-08-02,1236489013,ADBE,Adobe Inc.
2024-08-02,1236489013,AIG,American International Group
2024-08-02,1236489013,AMD,Advanced Micro Devices
2024-08-02,1236489013,AMGN,Amgen
2024-08-02,1236489013,AMT,American Tower
2024-08-02,1236489013,AMZN,Amazon
2024-08-02,1236489013,AVGO,Broadcom Inc.
2024-08-02,1236489013,AXP,American Express
2024-08-02,1236489013,BA,Boeing
2024-08-02,1236489013,BAC,Bank of America
2024-08-02,1236489013,BK,BNY Mellon
2024-08-02,1236489013,BKNG,Booking Holdings
2024-08-02,1236489013,BLK,BlackRock
2024-08-02,1236489013,BMY,Bristol Myers Squibb
2024-08-02,1236489013,C,Citigroup
2024-08-02,1236489013,CAT,Caterpillar Inc.
2024-08-02,1236489013,CHTR,Charter Communications
2024-08-02,1236489013,CL,Colgate-Palmolive
2024-08-02,1236489013,CMCSA,Comcast
2024-08-02,1236489013,COF,Capital One
2024-08-02,1236489013,COP,ConocoPhillips
2024-08-02,1236489013,COST,Costco
2024-08-02,1236489013,CRM,Salesforce
2024-08-02,1236489013,CSCO,Cisco
2024-08-02,1236489013,CVS,CVS Health
2024-08-02,1236489013,CVX,Chevron
2024-08-02,1236489013,DE,Deere & Company
2024-08-02,1236489013,DHR,Danaher
2024-08-02,1236489013,DIS,Walt Disney Company (The)
2024-08-02,1236489013,DOW,Dow Inc.
2024-08-02,1236489013,DUK,Duke Energy
2024-08-02,1236489013,EMR,Emerson Electric
2024-08-02,1236489013,F,Ford Motor Company
2024-08-02,1236489013,FDX,FedEx
2024-08-02,1236489013,GD,General Dynamics
2024-08-02,1236489013,GE,GE Aerospace
2024-08-02,1236489013,GILD,Gilead Sciences
2024-08-02,1236489013,GM,General Motors
2024-08-02,1236489013,GOOG,Alphabet(Class C)
2024-08-02,1236489013,GOOGL,Alphabet (Class A)
2024-08-02,1236489013,GS,Goldman Sachs
2024-08-02,1236489013,HD,Home Depot
2024-08-02,1236489013,HON,Honeywell
2024-08-02,1236489013,IBM,IBM
2024-08-02,1236489013,INTC,Intel
2024-08-02,1236489013,INTU,Intuit
2024-08-02,1236489013,JNJ,Johnson & Johnson
2024-08-02,1236489013,JPM,JPMorgan Chase
2024-08-02,1236489013,KHC,Kraft Heinz
2024-08-02,1236489013,KO,Coca-Cola Company (The)
2024-08-02,1236489013,LIN,Linde plc
2024-08-02,1236489013,LLY,Lilly (Eli)
2024-08-02,1236489013,LMT,Lockheed Martin
2024-08-02,1236489013,LOW,Lowe's
2024-08-02,1236489013,MA,Mastercard
2024-08-02,1236489013,MCD,McDonald's
2024-08-02,1236489013,MDLZ,Mondelēz International
2024-08-02,1236489013,MDT,Medtronic
2024-08-02,1236489013,MET,MetLife
2024-08-02,1236489013,META,Meta Platforms
2024-08-02,1236489013,MMM,3M
2024-08-02,1236489013,MO,Altria
2024-08-02,1236489013,MRK,Merck & Co.
2024-08-02,1236489013,MS,Morgan Stanley
2024-08-02,1236489013,MSFT,Microsoft
2024-08-02,1236489013,NEE,NextEra Energy
2024-08-02,1236489013,NFLX,Netflix
2024-08-02,1236489013,NKE,"Nike, Inc."
2024-08-02,1236489013,NVDA,Nvidia
2024-08-02,1236489013,ORCL,Oracle
2024-08-02,1236489013,PEP,PepsiCo
2024-08-02,1236489013,PFE,Pfizer
2024-08-02,1236489013,PG,Procter & Gamble
2024-08-02,1236489013,PM,Philip Morris International
2024-08-02,1236489013,PYPL,PayPal
2024-08-02,1236489013,QCOM,Qualcomm
2024-08-02,1236489013,RTX,RTX Corporation
2024-08-02,1236489013,SBUX,Starbucks
2024-08-02,1236489013,SCHW,Charles Schwab Corporation
2024-08-02,1236489013,SO,Southern Company
2024-08-02,1236489013,SPG,Simon Property Group
2024-08-02,1236489013,T,AT&T
2024-08-02,1236489013,TGT,Target Corporation
2024-08-02,1236489013,TMO,Thermo Fisher Scientific
2024-08-02,1236489013,TMUS,T-Mobile US
2024-08-02,1236489013,TSLA,"Tesla, Inc."
2024-08-02,1236489013,TXN,Texas Instruments
2024-08-02,1236489013,UNH,UnitedHealth Group
2024-08-02,1236489013,UNP,Union Pacific Corporation
2024-08-02,1236489013,UPS,United Parcel Service
2024-08-02,1236489013,USB,U.S. Bank
2024-08-02,1236489013,V,Visa Inc.
2024-08-02,1236489013,VZ,Verizon
2024-08-02,1236489013,WFC,Wells Fargo
2024-08-02,1236489013,WMT,Walmart
2024-08-02,1236489013,XOM,ExxonMobil
2024-08-09,1236489013,AAPL,Apple Inc.
2024-08-09,1236489013,ABBV,AbbVie
2024-08-09,1236489013,ABT,Abbott Laboratories
2024-08-09,1236489013,ACN,Accenture
2024-08-09,1236489013,ADBE,Adobe Inc.
2024-08-09,1236489013,AIG,American International Group
2024-08-09,1236489013,AMD,Advanced Micro Devices
2024-08-09,1236489013,AMGN,Amgen
2024-08-09,1236489013,AMT,American Tower
2024-08-09,1236489013,AMZN,Amazon
2024-08-09,1236489013,AVGO,Broadcom Inc.
2024-08-09,1236489013,AXP,American Express
2024-08-09,1236489013,BA,Boeing
2024-08-09,1236489013,BAC,Bank of America
2024-08-09,1236489013,BK,BNY Mellon
2024-08-09,1236489013,BKNG,Booking Holdings
2024-08-09,1236489013,BLK,BlackRock
2024-08-09,1236489013,BMY,Bristol Myers Squibb
2024-08-09,1236489013,C,Citigroup
2024-08-09,1236489013,CAT,Caterpillar Inc.
2024-08-09,1236489013,CHTR,Charter Communications
2024-08-09,1236489013,CL,Colgate-Palmolive
2024-08-09,1236489013,CMCSA,Comcast
2024-08-09,1236489013,COF,Capital One
2024-08-09,1236489013,COP,ConocoPhillips
2024-08-09,1236489013,COST,Costco
2024-08-09,1236489013,CRM,Salesforce
2024-08-09,1236489013,CSCO,Cisco
2024-08-09,1236489013,CVS,CVS Health
2024-08-09,1236489013,CVX,Chevron
2024-08-09,1236489013,DE,Deere & Company
2024-08-09,1236489013,DHR,Danaher
2024-08-09,1236489013,DIS,Walt Disney Company (The)
2024-08-09,1236489013,DOW,Dow Inc.
2024-08-09,1236489013,DUK,Duke Energy
2024-08-09,1236489013,EMR,Emerson Electric
2024-08-09,1236489013,F,Ford Motor Company
2024-08-09,1236489013,FDX,FedEx
2024-08-09,1236489013,GD,General Dynamics
2024-08-09,1236489013,GE,GE Aerospace
2024-08-09,1236489013,GILD,Gilead Sciences
2024-08-09,1236489013,GM,General Motors
2024-08-09,1236489013,GOOG,Alphabet(Class C)
2024-08-09,1236489013,GOOGL,Alphabet (Class A)
2024-08-09,1236489013,GS,Goldman Sachs
2024-08-09,1236489013,HD,Home Depot
2024-08-09,1236489013,HON,Honeywell
2024-08-09,1236489013,IBM,IBM
2024-08-09,1236489013,INTC,Intel
2024-08-09,1236489013,INTU,Intuit
2024-08-09,1236489013,JNJ,Johnson & Johnson
2024-08-09,1236489013,JPM,JPMorgan Chase
2024-08-09,1236489013,KHC,Kraft Heinz
2024-08-09,1236489013,KO,Coca-Cola Company (The)
2024-08-09,1236489013,LIN,Linde plc
2024-08-09,1236489013,LLY,Lilly (Eli)
2024-08-09,1236489013,LMT,Lockheed Martin
2024-08-09,1236489013,LOW,Lowe's
2024-08-09,1236489013,MA,Mastercard
2024-08-09,1236489013,MCD,McDonald's
2024-08-09,1236489013,MDLZ,Mondelēz International
2024-08-09,1236489013,MDT,Medtronic
2024-08-09,1236489013,MET,MetLife
2024-08-09,1236489013,META,Meta Platforms
2024-08-09,1236489013,MMM,3M
2024-08-09,1236489013,MO,Altria
2024-08-09,1236489013,MRK,Merck & Co.
2024-08-09,1236489013,MS,Morgan Stanley
2024-08-09,1236489013,MSFT,Microsoft
2024-08-09,1236489013,NEE,NextEra Energy
2024-08-09,1236489013,NFLX,Netflix
2024-08-09,1236489013,NKE,"Nike, Inc."
2024-08-09,1236489013,NVDA,Nvidia
2024-08-09,1236489013,ORCL,Oracle
2024-08-09,1236489013,PEP,PepsiCo
2024-08-09,1236489013,PFE,Pfizer
2024-08-09,1236489013,PG,Procter & Gamble
2024-08-09,1236489013,PM,Philip Morris International
2024-08-09,1236489013,PYPL,PayPal
2024-08-09,1236489013,QCOM,Qualcomm
2024-08-09,1236489013,RTX,RTX Corporation
2024-08-09,1236489013,SBUX,Starbucks
2024-08-09,1236489013,SCHW,Charles Schwab Corporation
2024-08-09,1236489013,SO,Southern Company
2024-08-09,1236489013,SPG,Simon Property Group
2024-08-09,1236489013,T,AT&T
2024-08-09,1236489013,TGT,Target Corporation
2024-08-09,1236489013,TMO,Thermo Fisher Scientific
2024-08-09,1236489013,TMUS,T-Mobile US
2024-08-09,1236489013,TSLA,"Tesla, Inc."
2024-08-09,1236489013,TXN,Texas Instruments
2024-08-09,1236489013,UNH,UnitedHealth Group
2024-08-09,1236489013,UNP,Union Pacific Corporation
2024-08-09,1236489013,UPS,United Parcel Service
2024-08-09,1236489013,USB,U.S. Bank
2024-08-09,1236489013,V,Visa Inc.
2024-08-09,1236489013,VZ,Verizon
2024-08-09,1236489013,WFC,Wells Fargo
2024-08-09,1236489013,WMT,Walmart
2024-08-09,1236489013,XOM,ExxonMobil
2024-08-16,1236489013,AAPL,Apple Inc.
2024-08-16,1236489013,ABBV,AbbVie
2024-08-16,1236489013,ABT,Abbott Laboratories
2024-08-16,1236489013,ACN,Accenture
2024-08-16,1236489013,ADBE,Adobe Inc.
2024-08-16,1236489013,AIG,American International Group
2024-08-16,1236489013,AMD,Advanced Micro Devices
2024-08-16,1236489013,AMGN,Amgen
2024-08-16,1236489013,AMT,American Tower
2024-08-16,1236489013,AMZN,Amazon
2024-08-16,1236489013,AVGO,Broadcom Inc.
2024-08-16,1236489013,AXP,American Express
2024-08-16,1236489013,BA,Boeing
2024-08-16,1236489013,BAC,Bank of America
2024-08-16,1236489013,BK,BNY Mellon
2024-08-16,1236489013,BKNG,Booking Holdings
2024-08-16,1236489013,BLK,BlackRock
2024-08-16,1236489013,BMY,Bristol Myers Squibb
2024-08-16,1236489013,C,Citigroup
2024-08-16,1236489013,CAT,Caterpillar Inc.
2024-08-16,1236489013,CHTR,Charter Communications
2024-08-16,1236489013,CL,Colgate-Palmolive
2024-08-16,1236489013,CMCSA,Comcast
2024-08-16,1236489013,COF,Capital One
2024-08-16,1236489013,COP,ConocoPhillips
2024-08-16,1236489013,COST,Costco
2024-08-16,1236489013,CRM,Salesforce
2024-08-16,1236489013,CSCO,Cisco
2024-08-16,1236489013,CVS,CVS Health
2024-08-16,1236489013,CVX,Chevron
2024-08-16,1236489013,DE,Deere & Company
2024-08-16,1236489013,DHR,Danaher
2024-08-16,1236489013,DIS,Walt Disney Company (The)
2024-08-16,1236489013,DOW,Dow Inc.
2024-08-16,1236489013,DUK,Duke Energy
2024-08-16,1236489013,EMR,Emerson Electric
2024-08-16,1236489013,F,Ford Motor Company
2024-08-16,1236489013,FDX,FedEx
2024-08-16,1236489013,GD,General Dynamics
2024-08-16,1236489013,GE,GE Aerospace
2024-08-16,1236489013,GILD,Gilead Sciences
2024-08-16,1236489013,GM,General Motors
2024-08-16,1236489013,GOOG,Alphabet(Class C)
2024-08-16,1236489013,GOOGL,Alphabet (Class A)
2024-08-16,1236489013,GS,Goldman Sachs
2024-08-16,1236489013,HD,Home Depot
2024-08-16,1236489013,HON,Honeywell
2024-08-16,1236489013,IBM,IBM
2024-08-16,1236489013,INTC,Intel
2024-08-16,1236489013,INTU,Intuit
2024-08-16,1236489013,JNJ,Johnson & Johnson
2024-08-16,1236489013,JPM,JPMorgan Chase
2024-08-16,1236489013,KHC,Kraft Heinz
2024-08-16,1236489013,KO,Coca-Cola Company (The)
2024-08-16,1236489013,LIN,Linde plc
2024-08-16,1236489013,LLY,Lilly (Eli)
2024-08-16,1236489013,LMT,Lockheed Martin
2024-08-16,1236489013,LOW,Lowe's
2024-08-16,1236489013,MA,Mastercard
2024-08-16,1236489013,MCD,McDonald's
2024-08-16,1236489013,MDLZ,Mondelēz International
2024-08-16,1236489013,MDT,Medtronic
2024-08-16,1236489013,MET,MetLife
2024-08-16,1236489013,META,Meta Platforms
2024-08-16,1236489013,MMM,3M
2024-08-16,1236489013,MO,Altria
2024-08-16,1236489013,MRK,Merck & Co.
2024-08-16,1236489013,MS,Morgan Stanley
2024-08-16,1236489013,MSFT,Microsoft
2024-08-16,1236489013,NEE,NextEra Energy
2024-08-16,1236489013,NFLX,Netflix
2024-08-16,1236489013,NKE,"Nike, Inc."
2024-08-16,1236489013,NVDA,Nvidia
2024-08-16,1236489013,ORCL,Oracle
2024-08-16,1236489013,PEP,PepsiCo
2024-08-16,1236489013,PFE,Pfizer
2024-08-16,1236489013,PG,Procter & Gamble
2024-08-16,1236489013,PM,Philip Morris International
2024-08-16,1236489013,PYPL,PayPal
2024-08-16,1236489013,QCOM,Qualcomm
2024-08-16,1236489013,RTX,RTX Corporation
2024-08-16,1236489013,SBUX,Starbucks
2024-08-16,1236489013,SCHW,Charles Schwab Corporation
2024-08-16,1236489013,SO,Southern Company
2024-08-16,1236489013,SPG,Simon Property Group
2024-08-16,1236489013,T,AT&T
2024-08-16,1236489013,TGT,Target Corporation
2024-08-16,1236489013,TMO,Thermo Fisher Scientific
2024-08-16,1236489013,TMUS,T-Mobile US
2024-08-16,1236489013,TSLA,"Tesla, Inc."
2024-08-16,1236489013,TXN,Texas Instruments
2024-08-16,1236489013,UNH,UnitedHealth Group
2024-08-16,1236489013,UNP,Union Pacific Corporation
2024-08-16,1236489013,UPS,United Parcel Service
2024-08-16,1236489013,USB,U.S. Bank
2024-08-16,1236489013,V,Visa Inc.
2024-08-16,1236489013,VZ,Verizon
2024-08-16,1236489013,WFC,Wells Fargo
2024-08-16,1236489013,WMT,Walmart
2024-08-16,1236489013,XOM,ExxonMobil
2024-08-23,1236489013,AAPL,Apple Inc.
2024-08-23,1236489013,ABBV,AbbVie
2024-08-23,1236489013,ABT,Abbott Laboratories
2024-08-23,1236489013,ACN,Accenture
2024-08-23,1236489013,ADBE,Adobe Inc.
2024-08-23,1236489013,AIG,American International Group
2024-08-23,1236489013,AMD,Advanced Micro Devices
2024-08-23,1236489013,AMGN,Amgen
2024-08-23,1236489013,AMT,American Tower
2024-08-23,1236489013,AMZN,Amazon
2024-08-23,1236489013,AVGO,Broadcom Inc.
2024-08-23,1236489013,AXP,American Express
2024-08-23,1236489013,BA,Boeing
2024-08-23,1236489013,BAC,Bank of America
2024-08-23,1236489013,BK,BNY Mellon
2024-08-23,1236489013,BKNG,Booking Holdings
2024-08-23,1236489013,BLK,BlackRock
2024-08-23,1236489013,BMY,Bristol Myers Squibb
2024-08-23,1236489013,C,Citigroup
2024-08-23,1236489013,CAT,Caterpillar Inc.
2024-08-23,1236489013,CHTR,Charter Communications
2024-08-23,1236489013,CL,Colgate-Palmolive
2024-08-23,1236489013,CMCSA,Comcast
2024-08-23,1236489013,COF,Capital One
2024-08-23,1236489013,COP,ConocoPhillips
2024-08-23,1236489013,COST,Costco
2024-08-23,1236489013,CRM,Salesforce
2024-08-23,1236489013,CSCO,Cisco
2024-08-23,1236489013,CVS,CVS Health
2024-08-23,1236489013,CVX,Chevron
2024-08-23,1236489013,DE,Deere & Company
2024-08-23,1236489013,DHR,Danaher
2024-08-23,1236489013,DIS,Walt Disney Company (The)
2024-08-23,1236489013,DOW,Dow Inc.
2024-08-23,1236489013,DUK,Duke Energy
2024-08-23,1236489013,EMR,Emerson Electric
2024-08-23,1236489013,F,Ford Motor Company
2024-08-23,1236489013,FDX,FedEx
2024-08-23,1236489013,GD,General Dynamics
2024-08-23,1236489013,GE,GE Aerospace
2024-08-23,1236489013,GILD,Gilead Sciences
2024-08-23,1236489013,GM,General Motors
2024-08-23,1236489013,GOOG,Alphabet(Class C)
2024-08-23,1236489013,GOOGL,Alphabet (Class A)
2024-08-23,1236489013,GS,Goldman Sachs
2024-08-23,1236489013,HD,Home Depot
2024-08-23,1236489013,HON,Honeywell
2024-08-23,1236489013,IBM,IBM
2024-08-23,1236489013,INTC,Intel
2024-08-23,1236489013,INTU,Intuit
2024-08-23,1236489013,JNJ,Johnson & Johnson
2024-08-23,1236489013,JPM,JPMorgan Chase
2024-08-23,1236489013,KHC,Kraft Heinz
2024-08-23,1236489013,KO,Coca-Cola Company (The)
2024-08-23,1236489013,LIN,Linde plc
2024-08-23,1236489013,LLY,Lilly (Eli)
2024-08-23,1236489013,LMT,Lockheed Martin
2024-08-23,1236489013,LOW,Lowe's
2024-08-23,1236489013,MA,Mastercard
2024-08-23,1236489013,MCD,McDonald's
2024-08-23,1236489013,MDLZ,Mondelēz International
2024-08-23,1236489013,MDT,Medtronic
2024-08-23,1236489013,MET,MetLife
2024-08-23,1236489013,META,Meta Platforms
2024-08-23,1236489013,MMM,3M
2024-08-23,1236489013,MO,Altria
2024-08-23,1236489013,MRK,Merck & Co.
2024-08-23,1236489013,MS,Morgan Stanley
2024-08-23,1236489013,MSFT,Microsoft
2024-08-23,1236489013,NEE,NextEra Energy
2024-08-23,1236489013,NFLX,Netflix
2024-08-23,1236489013,NKE,"Nike, Inc."
2024-08-23,1236489013,NVDA,Nvidia
2024-08-23,1236489013,ORCL,Oracle
2024-08-23,1236489013,PEP,PepsiCo
2024-08-23,1236489013,PFE,Pfizer
2024-08-23,1236489013,PG,Procter & Gamble
2024-08-23,1236489013,PM,Philip Morris International
2024-08-23,1236489013,PYPL,PayPal
2024-08-23,1236489013,QCOM,Qualcomm
2024-08-23,1236489013,RTX,RTX Corporation
2024-08-23,1236489013,SBUX,Starbucks
2024-08-23,1236489013,SCHW,Charles Schwab Corporation
2024-08-23,1236489013,SO,Southern Company
2024-08-23,1236489013,SPG,Simon Property Group
2024-08-23,1236489013,T,AT&T
2024-08-23,1236489013,TGT,Target Corporation
2024-08-23,1236489013,TMO,Thermo Fisher Scientific
2024-08-23,1236489013,TMUS,T-Mobile US
2024-08-23,1236489013,TSLA,"Tesla, Inc."
2024-08-23,1236489013,TXN,Texas Instruments
2024-08-23,1236489013,UNH,UnitedHealth Group
2024-08-23,1236489013,UNP,Union Pacific Corporation
2024-08-23,1236489013,UPS,United Parcel Service
2024-08-23,1236489013,USB,U.S. Bank
2024-08-23,1236489013,V,Visa Inc.
2024-08-23,1236489013,VZ,Verizon
2024-08-23,1236489013,WFC,Wells Fargo
2024-08-23,1236489013,WMT,Walmart
2024-08-23,1236489013,XOM,ExxonMobil
2024-08-30,1236489013,AAPL,Apple Inc.
2024-08-30,1236489013,ABBV,AbbVie
2024-08-30,1236489013,ABT,Abbott Laboratories
2024-08-30,1236489013,ACN,Accenture
2024-08-30,1236489013,ADBE,Adobe Inc.
2024-08-30,1236489013,AIG,American International Group
2024-08-30,1236489013,AMD,Advanced Micro Devices
2024-08-30,1236489013,AMGN,Amgen
2024-08-30,1236489013,AMT,American Tower
2024-08-30,1236489013,AMZN,Amazon
2024-08-30,1236489013,AVGO,Broadcom Inc.
2024-08-30,1236489013,AXP,American Express
2024-08-30,1236489013,BA,Boeing
2024-08-30,1236489013,BAC,Bank of America
2024-08-30,1236489013,BK,BNY Mellon
2024-08-30,1236489013,BKNG,Booking Holdings
2024-08-30,1236489013,BLK,BlackRock
2024-08-30,1236489013,BMY,Bristol Myers Squibb
2024-08-30,1236489013,C,Citigroup
2024-08-30,1236489013,CAT,Caterpillar Inc.
2024-08-30,1236489013,CHTR,Charter Communications
2024-08-30,1236489013,CL,Colgate-Palmolive
2024-08-30,1236489013,CMCSA,Comcast
2024-08-30,1236489013,COF,Capital One
2024-08-30,1236489013,COP,ConocoPhillips
2024-08-30,1236489013,COST,Costco
2024-08-30,1236489013,CRM,Salesforce
2024-08-30,1236489013,CSCO,Cisco
2024-08-30,1236489013,CVS,CVS Health
2024-08-30,1236489013,CVX,Chevron
2024-08-30,1236489013,DE,Deere & Company
2024-08-30,1236489013,DHR,Danaher
2024-08-30,1236489013,DIS,Walt Disney Company (The)
2024-08-30,1236489013,DOW,Dow Inc.
2024-08-30,1236489013,DUK,Duke Energy
2024-08-30,1236489013,EMR,Emerson Electric
2024-08-30,1236489013,F,Ford Motor Company
2024-08-30,1236489013,FDX,FedEx
2024-08-30,1236489013,GD,General Dynamics
2024-08-30,1236489013,GE,GE Aerospace
2024-08-30,1236489013,GILD,Gilead Sciences
2024-08-30,1236489013,GM,General Motors
2024-08-30,1236489013,GOOG,Alphabet(Class C)
2024-08-30,1236489013,GOOGL,Alphabet (Class A)
2024-08-30,1236489013,GS,Goldman Sachs
2024-08-30,1236489013,HD,Home Depot
2024-08-30,1236489013,HON,Honeywell
2024-08-30,1236489013,IBM,IBM
2024-08-30,1236489013,INTC,Intel
2024-08-30,1236489013,INTU,Intuit
2024-08-30,1236489013,JNJ,Johnson & Johnson
2024-08-30,1236489013,JPM,JPMorgan Chase
2024-08-30,1236489013,KHC,Kraft Heinz
2024-08-30,1236489013,KO,Coca-Cola Company (The)
2024-08-30,1236489013,LIN,Linde plc
2024-08-30,1236489013,LLY,Lilly (Eli)
2024-08-30,1236489013,LMT,Lockheed Martin
2024-08-30,1236489013,LOW,Lowe's
2024-08-30,1236489013,MA,Mastercard
2024-08-30,1236489013,MCD,McDonald's
2024-08-30,1236489013,MDLZ,Mondelēz International
2024-08-30,1236489013,MDT,Medtronic
2024-08-30,1236489013,MET,MetLife
2024-08-30,1236489013,META,Meta Platforms
2024-08-30,1236489013,MMM,3M
2024-08-30,1236489013,MO,Altria
2024-08-30,1236489013,MRK,Merck & Co.
2024-08-30,1236489013,MS,Morgan Stanley
2024-08-30,1236489013,MSFT,Microsoft
2024-08-30,1236489013,NEE,NextEra Energy
2024-08-30,1236489013,NFLX,Netflix
2024-08-30,1236489013,NKE,"Nike, Inc."
2024-08-30,1236489013,NVDA,Nvidia
2024-08-30,1236489013,ORCL,Oracle
2024-08-30,1236489013,PEP,PepsiCo
2024-08-30,1236489013,PFE,Pfizer
2024-08-30,1236489013,PG,Procter & Gamble
2024-08-30,1236489013,PM,Philip Morris International
2024-08-30,1236489013,PYPL,PayPal
2024-08-30,1236489013,QCOM,Qualcomm
2024-08-30,1236489013,RTX,RTX Corporation
2024-08-30,1236489013,SBUX,Starbucks
2024-08-30,1236489013,SCHW,Charles Schwab Corporation
2024-08-30,1236489013,SO,Southern Company
2024-08-30,1236489013,SPG,Simon Property Group
2024-08-30,1236489013,T,AT&T
2024-08-30,1236489013,TGT,Target Corporation
2024-08-30,1236489013,TMO,Thermo Fisher Scientific
2024-08-30,1236489013,TMUS,T-Mobile US
2024-08-30,1236489013,TSLA,"Tesla, Inc."
2024-08-30,1236489013,TXN,Texas Instruments
2024-08-30,1236489013,UNH,UnitedHealth Group
2024-08-30,1236489013,UNP,Union Pacific Corporation
2024-08-30,1236489013,UPS,United Parcel Service
2024-08-30,1236489013,USB,U.S. Bank
2024-08-30,1236489013,V,Visa Inc.
2024-08-30,1236489013,VZ,Verizon
2024-08-30,1236489013,WFC,Wells Fargo
2024-08-30,1236489013,WMT,Walmart
2024-08-30,1236489013,XOM,ExxonMobil
2024-09-06,1236489013,AAPL,Apple Inc.
2024-09-06,1236489013,ABBV,AbbVie
2024-09-06,1236489013,ABT,Abbott Laboratories
2024-09-06,1236489013,ACN,Accenture
2024-09-06,1236489013,ADBE,Adobe Inc.
2024-09-06,1236489013,AIG,American International Group
2024-09-06,1236489013,AMD,Advanced Micro Devices
2024-09-06,1236489013,AMGN,Amgen
2024-09-06,1236489013,AMT,American Tower
2024-09-06,1236489013,AMZN,Amazon
2024-09-06,1236489013,AVGO,Broadcom Inc.
2024-09-06,1236489013,AXP,American Express
2024-09-06,1236489013,BA,Boeing
2024-09-06,1236489013,BAC,Bank of America
2024-09-06,1236489013,BK,BNY Mellon
2024-09-06,1236489013,BKNG,Booking Holdings
2024-09-06,1236489013,BLK,BlackRock
2024-09-06,1236489013,BMY,Bristol Myers Squibb
2024-09-06,1236489013,C,Citigroup
2024-09-06,1236489013,CAT,Caterpillar Inc.
2024-09-06,1236489013,CHTR,Charter Communications
2024-09-06,1236489013,CL,Colgate-Palmolive
2024-09-06,1236489013,CMCSA,Comcast
2024-09-06,1236489013,COF,Capital One
2024-09-06,1236489013,COP,ConocoPhillips
2024-09-06,1236489013,COST,Costco
2024-09-06,1236489013,CRM,Salesforce
2024-09-06,1236489013,CSCO,Cisco
2024-09-06,1236489013,CVS,CVS Health
2024-09-06,1236489013,CVX,Chevron
2024-09-06,1236489013,DE,Deere & Company
2024-09-06,1236489013,DHR,Danaher
2024-09-06,1236489013,DIS,Walt Disney Company (The)
2024-09-06,1236489013,DOW,Dow Inc.
2024-09-06,1236489013,DUK,Duke Energy
2024-09-06,1236489013,EMR,Emerson Electric
2024-09-06,1236489013,F,Ford Motor Company
2024-09-06,1236489013,FDX,FedEx
2024-09-06,1236489013,GD,General Dynamics
2024-09-06,1236489013,GE,GE Aerospace
2024-09-06,1236489013,GILD,Gilead Sciences
2024-09-06,1236489013,GM,General Motors
2024-09-06,1236489013,GOOG,Alphabet(Class C)
2024-09-06,1236489013,GOOGL,Alphabet (Class A)
2024-09-06,1236489013,GS,Goldman Sachs
2024-09-06,1236489013,HD,Home Depot
2024-09-06,1236489013,HON,Honeywell
2024-09-06,1236489013,IBM,IBM
2024-09-06,1236489013,INTC,Intel
2024-09-06,1236489013,INTU,Intuit
2024-09-06,1236489013,JNJ,Johnson & Johnson
2024-09-06,1236489013,JPM,JPMorgan Chase
2024-09-06,1236489013,KHC,Kraft Heinz
2024-09-06,1236489013,KO,Coca-Cola Company (The)
2024-09-06,1236489013,LIN,Linde plc
2024-09-06,1236489013,LLY,Lilly (Eli)
2024-09-06,1236489013,LMT,Lockheed Martin
2024-09-06,1236489013,LOW,Lowe's
2024-09-06,1236489013,MA,Mastercard
2024-09-06,1236489013,MCD,McDonald's
2024-09-06,1236489013,MDLZ,Mondelēz International
2024-09-06,1236489013,MDT,Medtronic
2024-09-06,1236489013,MET,MetLife
2024-09-06,1236489013,META,Meta Platforms
2024-09-06,1236489013,MMM,3M
2024-09-06,1236489013,MO,Altria
2024-09-06,1236489013,MRK,Merck & Co.
2024-09-06,1236489013,MS,Morgan Stanley
2024-09-06,1236489013,MSFT,Microsoft
2024-09-06,1236489013,NEE,NextEra Energy
2024-09-06,1236489013,NFLX,Netflix
2024-09-06,1236489013,NKE,"Nike, Inc."
2024-09-06,1236489013,NVDA,Nvidia
2024-09-06,1236489013,ORCL,Oracle
2024-09-06,1236489013,PEP,PepsiCo
2024-09-06,1236489013,PFE,Pfizer
2024-09-06,1236489013,PG,Procter & Gamble
2024-09-06,1236489013,PM,Philip Morris International
2024-09-06,1236489013,PYPL,PayPal
2024-09-06,1236489013,QCOM,Qualcomm
2024-09-06,1236489013,RTX,RTX Corporation
2024-09-06,1236489013,SBUX,Starbucks
2024-09-06,1236489013,SCHW,Charles Schwab Corporation
2024-09-06,1236489013,SO,Southern Company
2024-09-06,1236489013,SPG,Simon Property Group
2024-09-06,1236489013,T,AT&T
2024-09-06,1236489013,TGT,Target Corporation
2024-09-06,1236489013,TMO,Thermo Fisher Scientific
2024-09-06,1236489013,TMUS,T-Mobile US
2024-09-06,1236489013,TSLA,"Tesla, Inc."
2024-09-06,1236489013,TXN,Texas Instruments
2024-09-06,1236489013,UNH,UnitedHealth Group
2024-09-06,1236489013,UNP,Union Pacific Corporation
2024-09-06,1236489013,UPS,United Parcel Service
2024-09-06,1236489013,USB,U.S. Bank
2024-09-06,1236489013,V,Visa Inc.
2024-09-06,1236489013,VZ,Verizon
2024-09-06,1236489013,WFC,Wells Fargo
2024-09-06,1236489013,WMT,Walmart
2024-09-06,1236489013,XOM,ExxonMobil
2024-09-13,1236489013,AAPL,Apple Inc.
2024-09-13,1236489013,ABBV,AbbVie
2024-09-13,1236489013,ABT,Abbott Laboratories
2024-09-13,1236489013,ACN,Accenture
2024-09-13,1236489013,ADBE,Adobe Inc.
2024-09-13,1236489013,AIG,American International Group
2024-09-13,1236489013,AMD,Advanced Micro Devices
2024-09-13,1236489013,AMGN,Amgen
2024-09-13,1236489013,AMT,American Tower
2024-09-13,1236489013,AMZN,Amazon
2024-09-13,1236489013,AVGO,Broadcom Inc.
2024-09-13,1236489013,AXP,American Express
2024-09-13,1236489013,BA,Boeing
2024-09-13,1236489013,BAC,Bank of America
2024-09-13,1236489013,BK,BNY Mellon
2024-09-13,1236489013,BKNG,Booking Holdings
2024-09-13,1236489013,BLK,BlackRock
2024-09-13,1236489013,BMY,Bristol Myers Squibb
2024-09-13,1236489013,C,Citigroup
2024-09-13,1236489013,CAT,Caterpillar Inc.
2024-09-13,1236489013,CHTR,Charter Communications
2024-09-13,1236489013,CL,Colgate-Palmolive
2024-09-13,1236489013,CMCSA,Comcast
2024-09-13,1236489013,COF,Capital One
2024-09-13,1236489013,COP,ConocoPhillips
2024-09-13,1236489013,COST,Costco
2024-09-13,1236489013,CRM,Salesforce
2024-09-13,1236489013,CSCO,Cisco
2024-09-13,1236489013,CVS,CVS Health
2024-09-13,1236489013,CVX,Chevron
2024-09-13,1236489013,DE,Deere & Company
2024-09-13,1236489013,DHR,Danaher
2024-09-13,1236489013,DIS,Walt Disney Company (The)
2024-09-13,1236489013,DOW,Dow Inc.
2024-09-13,1236489013,DUK,Duke Energy
2024-09-13,1236489013,EMR,Emerson Electric
2024-09-13,1236489013,F,Ford Motor Company
2024-09-13,1236489013,FDX,FedEx
2024-09-13,1236489013,GD,General Dynamics
2024-09-13,1236489013,GE,GE Aerospace
2024-09-13,1236489013,GILD,Gilead Sciences
2024-09-13,1236489013,GM,General Motors
2024-09-13,1236489013,GOOG,Alphabet(Class C)
2024-09-13,1236489013,GOOGL,Alphabet (Class A)
2024-09-13,1236489013,GS,Goldman Sachs
2024-09-13,1236489013,HD,Home Depot
2024-09-13,1236489013,HON,Honeywell
2024-09-13,1236489013,IBM,IBM
2024-09-13,1236489013,INTC,Intel
2024-09-13,1236489013,INTU,Intuit
2024-09-13,1236489013,JNJ,Johnson & Johnson
2024-09-13,1236489013,JPM,JPMorgan Chase
2024-09-13,1236489013,KHC,Kraft Heinz
2024-09-13,1236489013,KO,Coca-Cola Company (The)
2024-09-13,1236489013,LIN,Linde plc
2024-09-13,1236489013,LLY,Lilly (Eli)
2024-09-13,1236489013,LMT,Lockheed Martin
2024-09-13,1236489013,LOW,Lowe's
2024-09-13,1236489013,MA,Mastercard
2024-09-13,1236489013,MCD,McDonald's
2024-09-13,1236489013,MDLZ,Mondelēz International
2024-09-13,1236489013,MDT,Medtronic
2024-09-13,1236489013,MET,MetLife
2024-09-13,1236489013,META,Meta Platforms
2024-09-13,1236489013,MMM,3M
2024-09-13,1236489013,MO,Altria
2024-09-13,1236489013,MRK,Merck & Co.
2024-09-13,1236489013,MS,Morgan Stanley
2024-09-13,1236489013,MSFT,Microsoft
2024-09-13,1236489013,NEE,NextEra Energy
2024-09-13,1236489013,NFLX,Netflix
2024-09-13,1236489013,NKE,"Nike, Inc."
2024-09-13,1236489013,NVDA,Nvidia
2024-09-13,1236489013,ORCL,Oracle
2024-09-13,1236489013,PEP,PepsiCo
2024-09-13,1236489013,PFE,Pfizer
2024-09-13,1236489013,PG,Procter & Gamble
2024-09-13,1236489013,PM,Philip Morris International
2024-09-13,1236489013,PYPL,PayPal
2024-09-13,1236489013,QCOM,Qualcomm
2024-09-13,1236489013,RTX,RTX Corporation
2024-09-13,1236489013,SBUX,Starbucks
2024-09-13,1236489013,SCHW,Charles Schwab Corporation
2024-09-13,1236489013,SO,Southern Company
2024-09-13,1236489013,SPG,Simon Property Group
2024-09-13,1236489013,T,AT&T
2024-09-13,1236489013,TGT,Target Corporation
2024-09-13,1236489013,TMO,Thermo Fisher Scientific
2024-09-13,1236489013,TMUS,T-Mobile US
2024-09-13,1236489013,TSLA,"Tesla, Inc."
2024-09-13,1236489013,TXN,Texas Instruments
2024-09-13,1236489013,UNH,UnitedHealth Group
2024-09-13,1236489013,UNP,Union Pacific Corporation
2024-09-13,1236489013,UPS,United Parcel Service
2024-09-13,1236489013,USB,U.S. Bank
2024-09-13,1236489013,V,Visa Inc.
2024-09-13,1236489013,VZ,Verizon
2024-09-13,1236489013,WFC,Wells Fargo
2024-09-13,1236489013,WMT,Walmart
2024-09-13,1236489013,XOM,ExxonMobil
2024-09-20,1236489013,AAPL,Apple Inc.
2024-09-20,1236489013,ABBV,AbbVie
2024-09-20,1236489013,ABT,Abbott Laboratories
2024-09-20,1236489013,ACN,Accenture
2024-09-20,1236489013,ADBE,Adobe Inc.
2024-09-20,1236489013,AIG,American International Group
2024-09-20,1236489013,AMD,Advanced Micro Devices
2024-09-20,1236489013,AMGN,Amgen
2024-09-20,1236489013,AMT,American Tower
2024-09-20,1236489013,AMZN,Amazon
2024-09-20,1236489013,AVGO,Broadcom Inc.
2024-09-20,1236489013,AXP,American Express
2024-09-20,1236489013,BA,Boeing
2024-09-20,1236489013,BAC,Bank of America
2024-09-20,1236489013,BK,BNY Mellon
2024-09-20,1236489013,BKNG,Booking Holdings
2024-09-20,1236489013,BLK,BlackRock
2024-09-20,1236489013,BMY,Bristol Myers Squibb
2024-09-20,1236489013,C,Citigroup
2024-09-20,1236489013,CAT,Caterpillar Inc.
2024-09-20,1236489013,CHTR,Charter Communications
2024-09-20,1236489013,CL,Colgate-Palmolive
2024-09-20,1236489013,CMCSA,Comcast
2024-09-20,1236489013,COF,Capital One
2024-09-20,1236489013,COP,ConocoPhillips
2024-09-20,1236489013,COST,Costco
2024-09-20,1236489013,CRM,Salesforce
2024-09-20,1236489013,CSCO,Cisco
2024-09-20,1236489013,CVS,CVS Health
2024-09-20,1236489013,CVX,Chevron
2024-09-20,1236489013,DE,Deere & Company
2024-09-20,1236489013,DHR,Danaher
2024-09-20,1236489013,DIS,Walt Disney Company (The)
2024-09-20,1236489013,DOW,Dow Inc.
2024-09-20,1236489013,DUK,Duke Energy
2024-09-20,1236489013,EMR,Emerson Electric
2024-09-20,1236489013,F,Ford Motor Company
2024-09-20,1236489013,FDX,FedEx
2024-09-20,1236489013,GD,General Dynamics
2024-09-20,1236489013,GE,GE Aerospace
2024-09-20,1236489013,GILD,Gilead Sciences
2024-09-20,1236489013,GM,General Motors
2024-09-20,1236489013,GOOG,Alphabet(Class C)
2024-09-20,1236489013,GOOGL,Alphabet (Class A)
2024-09-20,1236489013,GS,Goldman Sachs
2024-09-20,1236489013,HD,Home Depot
2024-09-20,1236489013,HON,Honeywell
2024-09-20,1236489013,IBM,IBM
2024-09-20,1236489013,INTC,Intel
2024-09-20,1236489013,INTU,Intuit
2024-09-20,1236489013,JNJ,Johnson & Johnson
2024-09-20,1236489013,JPM,JPMorgan Chase
2024-09-20,1236489013,KHC,Kraft Heinz
2024-09-20,1236489013,KO,Coca-Cola Company (The)
2024-09-20,1236489013,LIN,Linde plc
2024-09-20,1236489013,LLY,Lilly (Eli)
2024-09-20,1236489013,LMT,Lockheed Martin
2024-09-20,1236489013,LOW,Lowe's
2024-09-20,1236489013,MA,Mastercard
2024-09-20,1236489013,MCD,McDonald's
2024-09-20,1236489013,MDLZ,Mondelēz International
2024-09-20,1236489013,MDT,Medtronic
2024-09-20,1236489013,MET,MetLife
2024-09-20,1236489013,META,Meta Platforms
2024-09-20,1236489013,MMM,3M
2024-09-20,1236489013,MO,Altria
2024-09-20,1236489013,MRK,Merck & Co.
2024-09-20,1236489013,MS,Morgan Stanley
2024-09-20,1236489013,MSFT,Microsoft
2024-09-20,1236489013,NEE,NextEra Energy
2024-09-20,1236489013,NFLX,Netflix
2024-09-20,1236489013,NKE,"Nike, Inc."
2024-09-20,1236489013,NVDA,Nvidia
2024-09-20,1236489013,ORCL,Oracle
2024-09-20,1236489013,PEP,PepsiCo
2024-09-20,1236489013,PFE,Pfizer
2024-09-20,1236489013,PG,Procter & Gamble
2024-09-20,1236489013,PM,Philip Morris International
2024-09-20,1236489013,PYPL,PayPal
2024-09-20,1236489013,QCOM,Qualcomm
2024-09-20,1236489013,RTX,RTX Corporation
2024-09-20,1236489013,SBUX,Starbucks
2024-09-20,1236489013,SCHW,Charles Schwab Corporation
2024-09-20,1236489013,SO,Southern Company
2024-09-20,1236489013,SPG,Simon Property Group
2024-09-20,1236489013,T,AT&T
2024-09-20,1236489013,TGT,Target Corporation
2024-09-20,1236489013,TMO,Thermo Fisher Scientific
2024-09-20,1236489013,TMUS,T-Mobile US
2024-09-20,1236489013,TSLA,"Tesla, Inc."
2024-09-20,1236489013,TXN,Texas Instruments
2024-09-20,1236489013,UNH,UnitedHealth Group
2024-09-20,1236489013,UNP,Union Pacific Corporation
2024-09-20,1236489013,UPS,United Parcel Service
2024-09-20,1236489013,USB,U.S. Bank
2024-09-20,1236489013,V,Visa Inc.
2024-09-20,1236489013,VZ,Verizon
2024-09-20,1236489013,WFC,Wells Fargo
2024-09-20,1236489013,WMT,Walmart
2024-09-20,1236489013,XOM,ExxonMobil
2024-09-27,1236489013,AAPL,Apple Inc.
2024-09-27,1236489013,ABBV,AbbVie
2024-09-27,1236489013,ABT,Abbott Laboratories
2024-09-27,1236489013,ACN,Accenture
2024-09-27,1236489013,ADBE,Adobe Inc.
2024-09-27,1236489013,AIG,American International Group
2024-09-27,1236489013,AMD,Advanced Micro Devices
2024-09-27,1236489013,AMGN,Amgen
2024-09-27,1236489013,AMT,American Tower
2024-09-27,1236489013,AMZN,Amazon
2024-09-27,1236489013,AVGO,Broadcom Inc.
2024-09-27,1236489013,AXP,American Express
2024-09-27,1236489013,BA,Boeing
2024-09-27,1236489013,BAC,Bank of America
2024-09-27,1236489013,BK,BNY Mellon
2024-09-27,1236489013,BKNG,Booking Holdings
2024-09-27,1236489013,BLK,BlackRock
2024-09-27,1236489013,BMY,Bristol Myers Squibb
2024-09-27,1236489013,C,Citigroup
2024-09-27,1236489013,CAT,Caterpillar Inc.
2024-09-27,1236489013,CHTR,Charter Communications
2024-09-27,1236489013,CL,Colgate-Palmolive
2024-09-27,1236489013,CMCSA,Comcast
2024-09-27,1236489013,COF,Capital One
2024-09-27,1236489013,COP,ConocoPhillips
2024-09-27,1236489013,COST,Costco
2024-09-27,1236489013,CRM,Salesforce
2024-09-27,1236489013,CSCO,Cisco
2024-09-27,1236489013,CVS,CVS Health
2024-09-27,1236489013,CVX,Chevron
2024-09-27,1236489013,DE,Deere & Company
2024-09-27,1236489013,DHR,Danaher
2024-09-27,1236489013,DIS,Walt Disney Company (The)
2024-09-27,1236489013,DOW,Dow Inc.
2024-09-27,1236489013,DUK,Duke Energy
2024-09-27,1236489013,EMR,Emerson Electric
2024-09-27,1236489013,F,Ford Motor Company
2024-09-27,1236489013,FDX,FedEx
2024-09-27,1236489013,GD,General Dynamics
2024-09-27,1236489013,GE,GE Aerospace
2024-09-27,1236489013,GILD,Gilead Sciences
2024-09-27,1236489013,GM,General Motors
2024-09-27,1236489013,GOOG,Alphabet(Class C)
2024-09-27,1236489013,GOOGL,Alphabet (Class A)
2024-09-27,1236489013,GS,Goldman Sachs
2024-09-27,1236489013,HD,Home Depot
2024-09-27,1236489013,HON,Honeywell
2024-09-27,1236489013,IBM,IBM
2024-09-27,1236489013,INTC,Intel
2024-09-27,1236489013,INTU,Intuit
2024-09-27,1236489013,JNJ,Johnson & Johnson
2024-09-27,1236489013,JPM,JPMorgan Chase
2024-09-27,1236489013,KHC,Kraft Heinz
2024-09-27,1236489013,KO,Coca-Cola Company (The)
2024-09-27,1236489013,LIN,Linde plc
2024-09-27,1236489013,LLY,Lilly (Eli)
2024-09-27,1236489013,LMT,Lockheed Martin
2024-09-27,1236489013,LOW,Lowe's
2024-09-27,1236489013,MA,Mastercard
2024-09-27,1236489013,MCD,McDonald's
2024-09-27,1236489013,MDLZ,Mondelēz International
2024-09-27,1236489013,MDT,Medtronic
2024-09-27,1236489013,MET,MetLife
2024-09-27,1236489013,META,Meta Platforms
2024-09-27,1236489013,MMM,3M
2024-09-27,1236489013,MO,Altria
2024-09-27,1236489013,MRK,Merck & Co.
2024-09-27,1236489013,MS,Morgan Stanley
2024-09-27,1236489013,MSFT,Microsoft
2024-09-27,1236489013,NEE,NextEra Energy
2024-09-27,1236489013,NFLX,Netflix
2024-09-27,1236489013,NKE,"Nike, Inc."
2024-09-27,1236489013,NVDA,Nvidia
2024-09-27,1236489013,ORCL,Oracle
2024-09-27,1236489013,PEP,PepsiCo
2024-09-27,1236489013,PFE,Pfizer
2024-09-27,1236489013,PG,Procter & Gamble
2024-09-27,1236489013,PM,Philip Morris International
2024-09-27,1236489013,PYPL,PayPal
2024-09-27,1236489013,QCOM,Qualcomm
2024-09-27,1236489013,RTX,RTX Corporation
2024-09-27,1236489013,SBUX,Starbucks
2024-09-27,1236489013,SCHW,Charles Schwab Corporation
2024-09-27,1236489013,SO,Southern Company
2024-09-27,1236489013,SPG,Simon Property Group
2024-09-27,1236489013,T,AT&T
2024-09-27,1236489013,TGT,Target Corporation
2024-09-27,1236489013,TMO,Thermo Fisher Scientific
2024-09-27,1236489013,TMUS,T-Mobile US
2024-09-27,1236489013,TSLA,"Tesla, Inc."
2024-09-27,1236489013,TXN,Texas Instruments
2024-09-27,1236489013,UNH,UnitedHealth Group
2024-09-27,1236489013,UNP,Union Pacific Corporation
2024-09-27,1236489013,UPS,United Parcel Service
2024-09-27,1236489013,USB,U.S. Bank
2024-09-27,1236489013,V,Visa Inc.
2024-09-27,1236489013,VZ,Verizon
2024-09-27,1236489013,WFC,Wells Fargo
2024-09-27,1236489013,WMT,Walmart
2024-09-27,1236489013,XOM,ExxonMobil
2024-10-04,1236489013,AAPL,Apple Inc.
2024-10-04,1236489013,ABBV,AbbVie
2024-10-04,1236489013,ABT,Abbott Laboratories
2024-10-04,1236489013,ACN,Accenture
2024-10-04,1236489013,ADBE,Adobe Inc.
2024-10-04,1236489013,AIG,American International Group
2024-10-04,1236489013,AMD,Advanced Micro Devices
2024-10-04,1236489013,AMGN,Amgen
2024-10-04,1236489013,AMT,American Tower
2024-10-04,1236489013,AMZN,Amazon
2024-10-04,1236489013,AVGO,Broadcom Inc.
2024-10-04,1236489013,AXP,American Express
2024-10-04,1236489013,BA,Boeing
2024-10-04,1236489013,BAC,Bank of America
2024-10-04,1236489013,BK,BNY Mellon
2024-10-04,1236489013,BKNG,Booking Holdings
2024-10-04,1236489013,BLK,BlackRock
2024-10-04,1236489013,BMY,Bristol Myers Squibb
2024-10-04,1236489013,C,Citigroup
2024-10-04,1236489013,CAT,Caterpillar Inc.
2024-10-04,1236489013,CHTR,Charter Communications
2024-10-04,1236489013,CL,Colgate-Palmolive
2024-10-04,1236489013,CMCSA,Comcast
2024-10-04,1236489013,COF,Capital One
2024-10-04,1236489013,COP,ConocoPhillips
2024-10-04,1236489013,COST,Costco
2024-10-04,1236489013,CRM,Salesforce
2024-10-04,1236489013,CSCO,Cisco
2024-10-04,1236489013,CVS,CVS Health
2024-10-04,1236489013,CVX,Chevron
2024-10-04,1236489013,DE,Deere & Company
2024-10-04,1236489013,DHR,Danaher
2024-10-04,1236489013,DIS,Walt Disney Company (The)
2024-10-04,1236489013,DOW,Dow Inc.
2024-10-04,1236489013,DUK,Duke Energy
2024-10-04,1236489013,EMR,Emerson Electric
2024-10-04,1236489013,F,Ford Motor Company
2024-10-04,1236489013,FDX,FedEx
2024-10-04,1236489013,GD,General Dynamics
2024-10-04,1236489013,GE,GE Aerospace
2024-10-04,1236489013,GILD,Gilead Sciences
2024-10-04,1236489013,GM,General Motors
2024-10-04,1236489013,GOOG,Alphabet(Class C)
2024-10-04,1236489013,GOOGL,Alphabet (Class A)
2024-10-04,1236489013,GS,Goldman Sachs
2024-10-04,1236489013,HD,Home Depot
2024-10-04,1236489013,HON,Honeywell
2024-10-04,1236489013,IBM,IBM
2024-10-04,1236489013,INTC,Intel
2024-10-04,1236489013,INTU,Intuit
2024-10-04,1236489013,JNJ,Johnson & Johnson
2024-10-04,1236489013,JPM,JPMorgan Chase
2024-10-04,1236489013,KHC,Kraft Heinz
2024-10-04,1236489013,KO,Coca-Cola Company (The)
2024-10-04,1236489013,LIN,Linde plc
2024-10-04,1236489013,LLY,Lilly (Eli)
2024-10-04,1236489013,LMT,Lockheed Martin
2024-10-04,1236489013,LOW,Lowe's
2024-10-04,1236489013,MA,Mastercard
2024-10-04,1236489013,MCD,McDonald's
2024-10-04,1236489013,MDLZ,Mondelēz International
2024-10-04,1236489013,MDT,Medtronic
2024-10-04,1236489013,MET,MetLife
2024-10-04,1236489013,META,Meta Platforms
2024-10-04,1236489013,MMM,3M
2024-10-04,1236489013,MO,Altria
2024-10-04,1236489013,MRK,Merck & Co.
2024-10-04,1236489013,MS,Morgan Stanley
2024-10-04,1236489013,MSFT,Microsoft
2024-10-04,1236489013,NEE,NextEra Energy
2024-10-04,1236489013,NFLX,Netflix
2024-10-04,1236489013,NKE,"Nike, Inc."
2024-10-04,1236489013,NVDA,Nvidia
2024-10-04,1236489013,ORCL,Oracle
2024-10-04,1236489013,PEP,PepsiCo
2024-10-04,1236489013,PFE,Pfizer
2024-10-04,1236489013,PG,Procter & Gamble
2024-10-04,1236489013,PM,Philip Morris International
2024-10-04,1236489013,PYPL,PayPal
2024-10-04,1236489013,QCOM,Qualcomm
2024-10-04,1236489013,RTX,RTX Corporation
2024-10-04,1236489013,SBUX,Starbucks
2024-10-04,1236489013,SCHW,Charles Schwab Corporation
2024-10-04,1236489013,SO,Southern Company
2024-10-04,1236489013,SPG,Simon Property Group
2024-10-04,1236489013,T,AT&T
2024-10-04,1236489013,TGT,Target Corporation
2024-10-04,1236489013,TMO,Thermo Fisher Scientific
2024-10-04,1236489013,TMUS,T-Mobile US
2024-10-04,1236489013,TSLA,"Tesla, Inc."
2024-10-04,1236489013,TXN,Texas Instruments
2024-10-04,1236489013,UNH,UnitedHealth Group
2024-10-04,1236489013,UNP,Union Pacific Corporation
2024-10-04,1236489013,UPS,United Parcel Service
2024-10-04,1236489013,USB,U.S. Bank
2024-10-04,1236489013,V,Visa Inc.
2024-10-04,1236489013,VZ,Verizon
2024-10-04,1236489013,WFC,Wells Fargo
2024-10-04,1236489013,WMT,Walmart
2024-10-04,1236489013,XOM,ExxonMobil
2024-10-11,1236489013,AAPL,Apple Inc.
2024-10-11,1236489013,ABBV,AbbVie
2024-10-11,1236489013,ABT,Abbott Laboratories
2024-10-11,1236489013,ACN,Accenture
2024-10-11,1236489013,ADBE,Adobe Inc.
2024-10-11,1236489013,AIG,American International Group
2024-10-11,1236489013,AMD,Advanced Micro Devices
2024-10-11,1236489013,AMGN,Amgen
2024-10-11,1236489013,AMT,American Tower
2024-10-11,1236489013,AMZN,Amazon
2024-10-11,1236489013,AVGO,Broadcom Inc.
2024-10-11,1236489013,AXP,American Express
2024-10-11,1236489013,BA,Boeing
2024-10-11,1236489013,BAC,Bank of America
2024-10-11,1236489013,BK,BNY Mellon
2024-10-11,1236489013,BKNG,Booking Holdings
2024-10-11,1236489013,BLK,BlackRock
2024-10-11,1236489013,BMY,Bristol Myers Squibb
2024-10-11,1236489013,C,Citigroup
2024-10-11,1236489013,CAT,Caterpillar Inc.
2024-10-11,1236489013,CHTR,Charter Communications
2024-10-11,1236489013,CL,Colgate-Palmolive
2024-10-11,1236489013,CMCSA,Comcast
2024-10-11,1236489013,COF,Capital One
2024-10-11,1236489013,COP,ConocoPhillips
2024-10-11,1236489013,COST,Costco
2024-10-11,1236489013,CRM,Salesforce
2024-10-11,1236489013,CSCO,Cisco
2024-10-11,1236489013,CVS,CVS Health
2024-10-11,1236489013,CVX,Chevron
2024-10-11,1236489013,DE,Deere & Company
2024-10-11,1236489013,DHR,Danaher
2024-10-11,1236489013,DIS,Walt Disney Company (The)
2024-10-11,1236489013,DOW,Dow Inc.
2024-10-11,1236489013,DUK,Duke Energy
2024-10-11,1236489013,EMR,Emerson Electric
2024-10-11,1236489013,F,Ford Motor Company
2024-10-11,1236489013,FDX,FedEx
2024-10-11,1236489013,GD,General Dynamics
2024-10-11,1236489013,GE,GE Aerospace
2024-10-11,1236489013,GILD,Gilead Sciences
2024-10-11,1236489013,GM,General Motors
2024-10-11,1236489013,GOOG,Alphabet(Class C)
2024-10-11,1236489013,GOOGL,Alphabet (Class A)
2024-10-11,1236489013,GS,Goldman Sachs
2024-10-11,1236489013,HD,Home Depot
2024-10-11,1236489013,HON,Honeywell
2024-10-11,1236489013,IBM,IBM
2024-10-11,1236489013,INTC,Intel
2024-10-11,1236489013,INTU,Intuit
2024-10-11,1236489013,JNJ,Johnson & Johnson
2024-10-11,1236489013,JPM,JPMorgan Chase
2024-10-11,1236489013,KHC,Kraft Heinz
2024-10-11,1236489013,KO,Coca-Cola Company (The)
2024-10-11,1236489013,LIN,Linde plc
2024-10-11,1236489013,LLY,Lilly (Eli)
2024-10-11,1236489013,LMT,Lockheed Martin
2024-10-11,1236489013,LOW,Lowe's
2024-10-11,1236489013,MA,Mastercard
2024-10-11,1236489013,MCD,McDonald's
2024-10-11,1236489013,MDLZ,Mondelēz International
2024-10-11,1236489013,MDT,Medtronic
2024-10-11,1236489013,MET,MetLife
2024-10-11,1236489013,META,Meta Platforms
2024-10-11,1236489013,MMM,3M
2024-10-11,1236489013,MO,Altria
2024-10-11,1236489013,MRK,Merck & Co.
2024-10-11,1236489013,MS,Morgan Stanley
2024-10-11,1236489013,MSFT,Microsoft
2024-10-11,1236489013,NEE,NextEra Energy
2024-10-11,1236489013,NFLX,Netflix
2024-10-11,1236489013,NKE,"Nike, Inc."
2024-10-11,1236489013,NVDA,Nvidia
2024-10-11,1236489013,ORCL,Oracle
2024-10-11,1236489013,PEP,PepsiCo
2024-10-11,1236489013,PFE,Pfizer
2024-10-11,1236489013,PG,Procter & Gamble
2024-10-11,1236489013,PM,Philip Morris International
2024-10-11,1236489013,PYPL,PayPal
2024-10-11,1236489013,QCOM,Qualcomm
2024-10-11,1236489013,RTX,RTX Corporation
2024-10-11,1236489013,SBUX,Starbucks
2024-10-11,1236489013,SCHW,Charles Schwab Corporation
2024-10-11,1236489013,SO,Southern Company
2024-10-11,1236489013,SPG,Simon Property Group
2024-10-11,1236489013,T,AT&T
2024-10-11,1236489013,TGT,Target Corporation
2024-10-11,1236489013,TMO,Thermo Fisher Scientific
2024-10-11,1236489013,TMUS,T-Mobile US
2024-10-11,1236489013,TSLA,"Tesla, Inc."
2024-10-11,1236489013,TXN,Texas Instruments
2024-10-11,1236489013,UNH,UnitedHealth Group
2024-10-11,1236489013,UNP,Union Pacific Corporation
2024-10-11,1236489013,UPS,United Parcel Service
2024-10-11,1236489013,USB,U.S. Bank
2024-10-11,1236489013,V,Visa Inc.
2024-10-11,1236489013,VZ,Verizon
2024-10-11,1236489013,WFC,Wells Fargo
2024-10-11,1236489013,WMT,Walmart
2024-10-11,1236489013,XOM,ExxonMobil
2024-10-18,1251787419,AAPL,Apple Inc.
2024-10-18,1251787419,ABBV,AbbVie
2024-10-18,1251787419,ABT,Abbott Laboratories
2024-10-18,1251787419,ACN,Accenture
2024-10-18,1251787419,ADBE,Adobe Inc.
2024-10-18,1251787419,AIG,American International Group
2024-10-18,1251787419,AMD,Advanced Micro Devices
2024-10-18,1251787419,AMGN,Amgen
2024-10-18,1251787419,AMT,American Tower
2024-10-18,1251787419,AMZN,Amazon
2024-10-18,1251787419,AVGO,Broadcom
2024-10-18,1251787419,AXP,American Express
2024-10-18,1251787419,BA,Boeing
2024-10-18,1251787419,BAC,Bank of America
2024-10-18,1251787419,BK,BNY Mellon
2024-10-18,1251787419,BKNG,Booking Holdings
2024-10-18,1251787419,BLK,BlackRock
2024-10-18,1251787419,BMY,Bristol Myers Squibb
2024-10-18,1251787419,C,Citigroup
2024-10-18,1251787419,CAT,Caterpillar Inc.
2024-10-18,1251787419,CHTR,Charter Communications
2024-10-18,1251787419,CL,Colgate-Palmolive
2024-10-18,1251787419,CMCSA,Comcast
2024-10-18,1251787419,COF,Capital One
2024-10-18,1251787419,COP,ConocoPhillips
2024-10-18,1251787419,COST,Costco
2024-10-18,1251787419,CRM,Salesforce
2024-10-18,1251787419,CSCO,Cisco
2024-10-18,1251787419,CVS,CVS Health
2024-10-18,1251787419,CVX,Chevron Corporation
2024-10-18,1251787419,DE,Deere & Company
2024-10-18,1251787419,DHR,Danaher Corporation
2024-10-18,1251787419,DIS,Walt Disney Company (The)
2024-10-18,1251787419,DOW,Dow Inc.
2024-10-18,1251787419,DUK,Duke Energy
2024-10-18,1251787419,EMR,Emerson Electric
2024-10-18,1251787419,F,Ford Motor Company
2024-10-18,1251787419,FDX,FedEx
2024-10-18,1251787419,GD,General Dynamics
2024-10-18,1251787419,GE,GE Aerospace
2024-10-18,1251787419,GILD,Gilead Sciences
2024-10-18,1251787419,GM,General Motors
2024-10-18,1251787419,GOOG,Alphabet Inc.(Class C)
2024-10-18,1251787419,GOOGL,Alphabet Inc. (Class A)
2024-10-18,1251787419,GS,Goldman Sachs
2024-10-18,1251787419,HD,Home Depot
2024-10-18,1251787419,HON,Honeywell
2024-10-18,1251787419,IBM,IBM
2024-10-18,1251787419,INTC,Intel
2024-10-18,1251787419,INTU,Intuit
2024-10-18,1251787419,JNJ,Johnson & Johnson
2024-10-18,1251787419,JPM,JPMorgan Chase
2024-10-18,1251787419,KHC,Kraft Heinz
2024-10-18,1251787419,KO,Coca-Cola Company (The)
2024-10-18,1251787419,LIN,Linde plc
2024-10-18,1251787419,LLY,Eli Lilly and Company
2024-10-18,1251787419,LMT,Lockheed Martin
2024-10-18,1251787419,LOW,Lowe's
2024-10-18,1251787419,MA,Mastercard
2024-10-18,1251787419,MCD,McDonald's
2024-10-18,1251787419,MDLZ,Mondelēz International
2024-10-18,1251787419,MDT,Medtronic
2024-10-18,1251787419,MET,MetLife
2024-10-18,1251787419,META,Meta Platforms
2024-10-18,1251787419,MMM,3M
2024-10-18,1251787419,MO,Altria
2024-10-18,1251787419,MRK,Merck & Co.
2024-10-18,1251787419,MS,Morgan Stanley
2024-10-18,1251787419,MSFT,Microsoft
2024-10-18,1251787419,NEE,NextEra Energy
2024-10-18,1251787419,NFLX,"Netflix, Inc."
2024-10-18,1251787419,NKE,"Nike, Inc."
2024-10-18,1251787419,NVDA,Nvidia
2024-10-18,1251787419,ORCL,Oracle Corporation
2024-10-18,1251787419,PEP,PepsiCo
2024-10-18,1251787419,PFE,Pfizer
2024-10-18,1251787419,PG,Procter & Gamble
2024-10-18,1251787419,PM,Philip Morris International
2024-10-18,1251787419,PYPL,PayPal
2024-10-18,1251787419,QCOM,Qualcomm
2024-10-18,1251787419,RTX,RTX Corporation
2024-10-18,1251787419,SBUX,Starbucks
2024-10-18,1251787419,SCHW,Charles Schwab Corporation
2024-10-18,1251787419,SO,Southern Company
2024-10-18,1251787419,SPG,Simon Property Group
2024-10-18,1251787419,T,AT&T
2024-10-18,1251787419,TGT,Target Corporation
2024-10-18,1251787419,TMO,Thermo Fisher Scientific
2024-10-18,1251787419,TMUS,T-Mobile US
2024-10-18,1251787419,TSLA,"Tesla, Inc."
2024-10-18,1251787419,TXN,Texas Instruments
2024-10-18,1251787419,UNH,UnitedHealth Group
2024-10-18,1251787419,UNP,Union Pacific Corporation
2024-10-18,1251787419,UPS,United Parcel Service
2024-10-18,1251787419,USB,U.S. Bancorp
2024-10-18,1251787419,V,Visa Inc.
2024-10-18,1251787419,VZ,Verizon
2024-10-18,1251787419,WFC,Wells Fargo
2024-10-18,1251787419,WMT,Walmart
2024-10-18,1251787419,XOM,ExxonMobil
2024-10-25,1251787419,AAPL,Apple Inc.
2024-10-25,1251787419,ABBV,AbbVie
2024-10-25,1251787419,ABT,Abbott Laboratories
2024-10-25,1251787419,ACN,Accenture
2024-10-25,1251787419,ADBE,Adobe Inc.
2024-10-25,1251787419,AIG,American International Group
2024-10-25,1251787419,AMD,Advanced Micro Devices
2024-10-25,1251787419,AMGN,Amgen
2024-10-25,1251787419,AMT,American Tower
2024-10-25,1251787419,AMZN,Amazon
2024-10-25,1251787419,AVGO,Broadcom
2024-10-25,1251787419,AXP,American Express
2024-10-25,1251787419,BA,Boeing
2024-10-25,1251787419,BAC,Bank of America
2024-10-25,1251787419,BK,BNY Mellon
2024-10-25,1251787419,BKNG,Booking Holdings
2024-10-25,1251787419,BLK,BlackRock
2024-10-25,1251787419,BMY,Bristol Myers Squibb
2024-10-25,1251787419,C,Citigroup
2024-10-25,1251787419,CAT,Caterpillar Inc.
2024-10-25,1251787419,CHTR,Charter Communications
2024-10-25,1251787419,CL,Colgate-Palmolive
2024-10-25,1251787419,CMCSA,Comcast
2024-10-25,1251787419,COF,Capital One
2024-10-25,1251787419,COP,ConocoPhillips
2024-10-25,1251787419,COST,Costco
2024-10-25,1251787419,CRM,Salesforce
2024-10-25,1251787419,CSCO,Cisco
2024-10-25,1251787419,CVS,CVS Health
2024-10-25,1251787419,CVX,Chevron Corporation
2024-10-25,1251787419,DE,Deere & Company
2024-10-25,1251787419,DHR,Danaher Corporation
2024-10-25,1251787419,DIS,Walt Disney Company (The)
2024-10-25,1251787419,DOW,Dow Inc.
2024-10-25,1251787419,DUK,Duke Energy
2024-10-25,1251787419,EMR,Emerson Electric
2024-10-25,1251787419,F,Ford Motor Company
2024-10-25,1251787419,FDX,FedEx
2024-10-25,1251787419,GD,General Dynamics
2024-10-25,1251787419,GE,GE Aerospace
2024-10-25,1251787419,GILD,Gilead Sciences
2024-10-25,1251787419,GM,General Motors
2024-10-25,1251787419,GOOG,Alphabet Inc.(Class C)
2024-10-25,1251787419,GOOGL,Alphabet Inc. (Class A)
2024-10-25,1251787419,GS,Goldman Sachs
2024-10-25,1251787419,HD,Home Depot
2024-10-25,1251787419,HON,Honeywell
2024-10-25,1251787419,IBM,IBM
2024-10-25,1251787419,INTC,Intel
2024-10-25,1251787419,INTU,Intuit
2024-10-25,1251787419,JNJ,Johnson & Johnson
2024-10-25,1251787419,JPM,JPMorgan Chase
2024-10-25,1251787419,KHC,Kraft Heinz
2024-10-25,1251787419,KO,Coca-Cola Company (The)
2024-10-25,1251787419,LIN,Linde plc
2024-10-25,1251787419,LLY,Eli Lilly and Company
2024-10-25,1251787419,LMT,Lockheed Martin
2024-10-25,1251787419,LOW,Lowe's
2024-10-25,1251787419,MA,Mastercard
2024-10-25,1251787419,MCD,McDonald's
2024-10-25,1251787419,MDLZ,Mondelēz International
2024-10-25,1251787419,MDT,Medtronic
2024-10-25,1251787419,MET,MetLife
2024-10-25,1251787419,META,Meta Platforms
2024-10-25,1251787419,MMM,3M
2024-10-25,1251787419,MO,Altria
2024-10-25,1251787419,MRK,Merck & Co.
2024-10-25,1251787419,MS,Morgan Stanley
2024-10-25,1251787419,MSFT,Microsoft
2024-10-25,1251787419,NEE,NextEra Energy
2024-10-25,1251787419,NFLX,"Netflix, Inc."
2024-10-25,1251787419,NKE,"Nike, Inc."
2024-10-25,1251787419,NVDA,Nvidia
2024-10-25,1251787419,ORCL,Oracle Corporation
2024-10-25,1251787419,PEP,PepsiCo
2024-10-25,1251787419,PFE,Pfizer
2024-10-25,1251787419,PG,Procter & Gamble
2024-10-25,1251787419,PM,Philip Morris International
2024-10-25,1251787419,PYPL,PayPal
2024-10-25,1251787419,QCOM,Qualcomm
2024-10-25,1251787419,RTX,RTX Corporation
2024-10-25,1251787419,SBUX,Starbucks
2024-10-25,1251787419,SCHW,Charles Schwab Corporation
2024-10-25,1251787419,SO,Southern Company
2024-10-25,1251787419,SPG,Simon Property Group
2024-10-25,1251787419,T,AT&T
2024-10-25,1251787419,TGT,Target Corporation
2024-10-25,1251787419,TMO,Thermo Fisher Scientific
2024-10-25,1251787419,TMUS,T-Mobile US
2024-10-25,1251787419,TSLA,"Tesla, Inc."
2024-10-25,1251787419,TXN,Texas Instruments
2024-10-25,1251787419,UNH,UnitedHealth Group
2024-10-25,1251787419,UNP,Union Pacific Corporation
2024-10-25,1251787419,UPS,United Parcel Service
2024-10-25,1251787419,USB,U.S. Bancorp
2024-10-25,1251787419,V,Visa Inc.
2024-10-25,1251787419,VZ,Verizon
2024-10-25,1251787419,WFC,Wells Fargo
2024-10-25,1251787419,WMT,Walmart
2024-10-25,1251787419,XOM,ExxonMobil
2024-11-01,1251787419,AAPL,Apple Inc.
2024-11-01,1251787419,ABBV,AbbVie
2024-11-01,1251787419,ABT,Abbott Laboratories
2024-11-01,1251787419,ACN,Accenture
2024-11-01,1251787419,ADBE,Adobe Inc.
2024-11-01,1251787419,AIG,American International Group
2024-11-01,1251787419,AMD,Advanced Micro Devices
2024-11-01,1251787419,AMGN,Amgen
2024-11-01,1251787419,AMT,American Tower
2024-11-01,1251787419,AMZN,Amazon
2024-11-01,1251787419,AVGO,Broadcom
2024-11-01,1251787419,AXP,American Express
2024-11-01,1251787419,BA,Boeing
2024-11-01,1251787419,BAC,Bank of America
2024-11-01,1251787419,BK,BNY Mellon
2024-11-01,1251787419,BKNG,Booking Holdings
2024-11-01,1251787419,BLK,BlackRock
2024-11-01,1251787419,BMY,Bristol Myers Squibb
2024-11-01,1251787419,C,Citigroup
2024-11-01,1251787419,CAT,Caterpillar Inc.
2024-11-01,1251787419,CHTR,Charter Communications
2024-11-01,1251787419,CL,Colgate-Palmolive
2024-11-01,1251787419,CMCSA,Comcast
2024-11-01,1251787419,COF,Capital One
2024-11-01,1251787419,COP,ConocoPhillips
2024-11-01,1251787419,COST,Costco
2024-11-01,1251787419,CRM,Salesforce
2024-11-01,1251787419,CSCO,Cisco
2024-11-01,1251787419,CVS,CVS Health
2024-11-01,1251787419,CVX,Chevron Corporation
2024-11-01,1251787419,DE,Deere & Company
2024-11-01,1251787419,DHR,Danaher Corporation
2024-11-01,1251787419,DIS,Walt Disney Company (The)
2024-11-01,1251787419,DOW,Dow Inc.
2024-11-01,1251787419,DUK,Duke Energy
2024-11-01,1251787419,EMR,Emerson Electric
2024-11-01,1251787419,F,Ford Motor Company
2024-11-01,1251787419,FDX,FedEx
2024-11-01,1251787419,GD,General Dynamics
2024-11-01,1251787419,GE,GE Aerospace
2024-11-01,1251787419,GILD,Gilead Sciences
2024-11-01,1251787419,GM,General Motors
2024-11-01,1251787419,GOOG,Alphabet Inc.(Class C)
2024-11-01,1251787419,GOOGL,Alphabet Inc. (Class A)
2024-11-01,1251787419,GS,Goldman Sachs
2024-11-01,1251787419,HD,Home Depot
2024-11-01,1251787419,HON,Honeywell
2024-11-01,1251787419,IBM,IBM
2024-11-01,1251787419,INTC,Intel
2024-11-01,1251787419,INTU,Intuit
2024-11-01,1251787419,JNJ,Johnson & Johnson
2024-11-01,1251787419,JPM,JPMorgan Chase
2024-11-01,1251787419,KHC,Kraft Heinz
2024-11-01,1251787419,KO,Coca-Cola Company (The)
2024-11-01,1251787419,LIN,Linde plc
2024-11-01,1251787419,LLY,Eli Lilly and Company
2024-11-01,1251787419,LMT,Lockheed Martin
2024-11-01,1251787419,LOW,Lowe's
2024-11-01,1251787419,MA,Mastercard
2024-11-01,1251787419,MCD,McDonald's
2024-11-01,1251787419,MDLZ,Mondelēz International
2024-11-01,1251787419,MDT,Medtronic
2024-11-01,1251787419,MET,MetLife
2024-11-01,1251787419,META,Meta Platforms
2024-11-01,1251787419,MMM,3M
2024-11-01,1251787419,MO,Altria
2024-11-01,1251787419,MRK,Merck & Co.
2024-11-01,1251787419,MS,Morgan Stanley
2024-11-01,1251787419,MSFT,Microsoft
2024-11-01,1251787419,NEE,NextEra Energy
2024-11-01,1251787419,NFLX,"Netflix, Inc."
2024-11-01,1251787419,NKE,"Nike, Inc."
2024-11-01,1251787419,NVDA,Nvidia
2024-11-01,1251787419,ORCL,Oracle Corporation
2024-11-01,1251787419,PEP,PepsiCo
2024-11-01,1251787419,PFE,Pfizer
2024-11-01,1251787419,PG,Procter & Gamble
2024-11-01,1251787419,PM,Philip Morris International
2024-11-01,1251787419,PYPL,PayPal
2024-11-01,1251787419,QCOM,Qualcomm
2024-11-01,1251787419,RTX,RTX Corporation
2024-11-01,1251787419,SBUX,Starbucks
2024-11-01,1251787419,SCHW,Charles Schwab Corporation
2024-11-01,1251787419,SO,Southern Company
2024-11-01,1251787419,SPG,Simon Property Group
2024-11-01,1251787419,T,AT&T
2024-11-01,1251787419,TGT,Target Corporation
2024-11-01,1251787419,TMO,Thermo Fisher Scientific
2024-11-01,1251787419,TMUS,T-Mobile US
2024-11-01,1251787419,TSLA,"Tesla, Inc."
2024-11-01,1251787419,TXN,Texas Instruments
2024-11-01,1251787419,UNH,UnitedHealth Group
2024-11-01,1251787419,UNP,Union Pacific Corporation
2024-11-01,1251787419,UPS,United Parcel Service
2024-11-01,1251787419,USB,U.S. Bancorp
2024-11-01,1251787419,V,Visa Inc.
2024-11-01,1251787419,VZ,Verizon
2024-11-01,1251787419,WFC,Wells Fargo
2024-11-01,1251787419,WMT,Walmart
2024-11-01,1251787419,XOM,ExxonMobil
2024-11-08,1251787419,AAPL,Apple Inc.
2024-11-08,1251787419,ABBV,AbbVie
2024-11-08,1251787419,ABT,Abbott Laboratories
2024-11-08,1251787419,ACN,Accenture
2024-11-08,1251787419,ADBE,Adobe Inc.
2024-11-08,1251787419,AIG,American International Group
2024-11-08,1251787419,AMD,Advanced Micro Devices
2024-11-08,1251787419,AMGN,Amgen
2024-11-08,1251787419,AMT,American Tower
2024-11-08,1251787419,AMZN,Amazon
2024-11-08,1251787419,AVGO,Broadcom
2024-11-08,1251787419,AXP,American Express
2024-11-08,1251787419,BA,Boeing
2024-11-08,1251787419,BAC,Bank of America
2024-11-08,1251787419,BK,BNY Mellon
2024-11-08,1251787419,BKNG,Booking Holdings
2024-11-08,1251787419,BLK,BlackRock
2024-11-08,1251787419,BMY,Bristol Myers Squibb
2024-11-08,1251787419,C,Citigroup
2024-11-08,1251787419,CAT,Caterpillar Inc.
2024-11-08,1251787419,CHTR,Charter Communications
2024-11-08,1251787419,CL,Colgate-Palmolive
2024-11-08,1251787419,CMCSA,Comcast
2024-11-08,1251787419,COF,Capital One
2024-11-08,1251787419,COP,ConocoPhillips
2024-11-08,1251787419,COST,Costco
2024-11-08,1251787419,CRM,Salesforce
2024-11-08,1251787419,CSCO,Cisco
2024-11-08,1251787419,CVS,CVS Health
2024-11-08,1251787419,CVX,Chevron Corporation
2024-11-08,1251787419,DE,Deere & Company
2024-11-08,1251787419,DHR,Danaher Corporation
2024-11-08,1251787419,DIS,Walt Disney Company (The)
2024-11-08,1251787419,DOW,Dow Inc.
2024-11-08,1251787419,DUK,Duke Energy
2024-11-08,1251787419,EMR,Emerson Electric
2024-11-08,1251787419,F,Ford Motor Company
2024-11-08,1251787419,FDX,FedEx
2024-11-08,1251787419,GD,General Dynamics
2024-11-08,1251787419,GE,GE Aerospace
2024-11-08,1251787419,GILD,Gilead Sciences
2024-11-08,1251787419,GM,General Motors
2024-11-08,1251787419,GOOG,Alphabet Inc.(Class C)
2024-11-08,1251787419,GOOGL,Alphabet Inc. (Class A)
2024-11-08,1251787419,GS,Goldman Sachs
2024-11-08,1251787419,HD,Home Depot
2024-11-08,1251787419,HON,Honeywell
2024-11-08,1251787419,IBM,IBM
2024-11-08,1251787419,INTC,Intel
2024-11-08,1251787419,INTU,Intuit
2024-11-08,1251787419,JNJ,Johnson & Johnson
2024-11-08,1251787419,JPM,JPMorgan Chase
2024-11-08,1251787419,KHC,Kraft Heinz
2024-11-08,1251787419,KO,Coca-Cola Company (The)
2024-11-08,1251787419,LIN,Linde plc
2024-11-08,1251787419,LLY,Eli Lilly and Company
2024-11-08,1251787419,LMT,Lockheed Martin
2024-11-08,1251787419,LOW,Lowe's
2024-11-08,1251787419,MA,Mastercard
2024-11-08,1251787419,MCD,McDonald's
2024-11-08,1251787419,MDLZ,Mondelēz International
2024-11-08,1251787419,MDT,Medtronic
2024-11-08,1251787419,MET,MetLife
2024-11-08,1251787419,META,Meta Platforms
2024-11-08,1251787419,MMM,3M
2024-11-08,1251787419,MO,Altria
2024-11-08,1251787419,MRK,Merck & Co.
2024-11-08,1251787419,MS,Morgan Stanley
2024-11-08,1251787419,MSFT,Microsoft
2024-11-08,1251787419,NEE,NextEra Energy
2024-11-08,1251787419,NFLX,"Netflix, Inc."
2024-11-08,1251787419,NKE,"Nike, Inc."
2024-11-08,1251787419,NVDA,Nvidia
2024-11-08,1251787419,ORCL,Oracle Corporation
2024-11-08,1251787419,PEP,PepsiCo
2024-11-08,1251787419,PFE,Pfizer
2024-11-08,1251787419,PG,Procter & Gamble
2024-11-08,1251787419,PM,Philip Morris International
2024-11-08,1251787419,PYPL,PayPal
2024-11-08,1251787419,QCOM,Qualcomm
2024-11-08,1251787419,RTX,RTX Corporation
2024-11-08,1251787419,SBUX,Starbucks
2024-11-08,1251787419,SCHW,Charles Schwab Corporation
2024-11-08,1251787419,SO,Southern Company
2024-11-08,1251787419,SPG,Simon Property Group
2024-11-08,1251787419,T,AT&T
2024-11-08,1251787419,TGT,Target Corporation
2024-11-08,1251787419,TMO,Thermo Fisher Scientific
2024-11-08,1251787419,TMUS,T-Mobile US
2024-11-08,1251787419,TSLA,"Tesla, Inc."
2024-11-08,1251787419,TXN,Texas Instruments
2024-11-08,1251787419,UNH,UnitedHealth Group
2024-11-08,1251787419,UNP,Union Pacific Corporation
2024-11-08,1251787419,UPS,United Parcel Service
2024-11-08,1251787419,USB,U.S. Bancorp
2024-11-08,1251787419,V,Visa Inc.
2024-11-08,1251787419,VZ,Verizon
2024-11-08,1251787419,WFC,Wells Fargo
2024-11-08,1251787419,WMT,Walmart
2024-11-08,1251787419,XOM,ExxonMobil
2024-11-15,1251787419,AAPL,Apple Inc.
2024-11-15,1251787419,ABBV,AbbVie
2024-11-15,1251787419,ABT,Abbott Laboratories
2024-11-15,1251787419,ACN,Accenture
2024-11-15,1251787419,ADBE,Adobe Inc.
2024-11-15,1251787419,AIG,American International Group
2024-11-15,1251787419,AMD,Advanced Micro Devices
2024-11-15,1251787419,AMGN,Amgen
2024-11-15,1251787419,AMT,American Tower
2024-11-15,1251787419,AMZN,Amazon
2024-11-15,1251787419,AVGO,Broadcom
2024-11-15,1251787419,AXP,American Express
2024-11-15,1251787419,BA,Boeing
2024-11-15,1251787419,BAC,Bank of America
2024-11-15,1251787419,BK,BNY Mellon
2024-11-15,1251787419,BKNG,Booking Holdings
2024-11-15,1251787419,BLK,BlackRock
2024-11-15,1251787419,BMY,Bristol Myers Squibb
2024-11-15,1251787419,C,Citigroup
2024-11-15,1251787419,CAT,Caterpillar Inc.
2024-11-15,1251787419,CHTR,Charter Communications
2024-11-15,1251787419,CL,Colgate-Palmolive
2024-11-15,1251787419,CMCSA,Comcast
2024-11-15,1251787419,COF,Capital One
2024-11-15,1251787419,COP,ConocoPhillips
2024-11-15,1251787419,COST,Costco
2024-11-15,1251787419,CRM,Salesforce
2024-11-15,1251787419,CSCO,Cisco
2024-11-15,1251787419,CVS,CVS Health
2024-11-15,1251787419,CVX,Chevron Corporation
2024-11-15,1251787419,DE,Deere & Company
2024-11-15,1251787419,DHR,Danaher Corporation
2024-11-15,1251787419,DIS,Walt Disney Company (The)
2024-11-15,1251787419,DOW,Dow Inc.
2024-11-15,1251787419,DUK,Duke Energy
2024-11-15,1251787419,EMR,Emerson Electric
2024-11-15,1251787419,F,Ford Motor Company
2024-11-15,1251787419,FDX,FedEx
2024-11-15,1251787419,GD,General Dynamics
2024-11-15,1251787419,GE,GE Aerospace
2024-11-15,1251787419,GILD,Gilead Sciences
2024-11-15,1251787419,GM,General Motors
2024-11-15,1251787419,GOOG,Alphabet Inc.(Class C)
2024-11-15,1251787419,GOOGL,Alphabet Inc. (Class A)
2024-11-15,1251787419,GS,Goldman Sachs
2024-11-15,1251787419,HD,Home Depot
2024-11-15,1251787419,HON,Honeywell
2024-11-15,1251787419,IBM,IBM
2024-11-15,1251787419,INTC,Intel
2024-11-15,1251787419,INTU,Intuit
2024-11-15,1251787419,JNJ,Johnson & Johnson
2024-11-15,1251787419,JPM,JPMorgan Chase
2024-11-15,1251787419,KHC,Kraft Heinz
2024-11-15,1251787419,KO,Coca-Cola Company (The)
2024-11-15,1251787419,LIN,Linde plc
2024-11-15,1251787419,LLY,Eli Lilly and Company
2024-11-15,1251787419,LMT,Lockheed Martin
2024-11-15,1251787419,LOW,Lowe's
2024-11-15,1251787419,MA,Mastercard
2024-11-15,1251787419,MCD,McDonald's
2024-11-15,1251787419,MDLZ,Mondelēz International
2024-11-15,1251787419,MDT,Medtronic
2024-11-15,1251787419,MET,MetLife
2024-11-15,1251787419,META,Meta Platforms
2024-11-15,1251787419,MMM,3M
2024-11-15,1251787419,MO,Altria
2024-11-15,1251787419,MRK,Merck & Co.
2024-11-15,1251787419,MS,Morgan Stanley
2024-11-15,1251787419,MSFT,Microsoft
2024-11-15,1251787419,NEE,NextEra Energy
2024-11-15,1251787419,NFLX,"Netflix, Inc."
2024-11-15,1251787419,NKE,"Nike, Inc."
2024-11-15,1251787419,NVDA,Nvidia
2024-11-15,1251787419,ORCL,Oracle Corporation
2024-11-15,1251787419,PEP,PepsiCo
2024-11-15,1251787419,PFE,Pfizer
2024-11-15,1251787419,PG,Procter & Gamble
2024-11-15,1251787419,PM,Philip Morris International
2024-11-15,1251787419,PYPL,PayPal
2024-11-15,1251787419,QCOM,Qualcomm
2024-11-15,1251787419,RTX,RTX Corporation
2024-11-15,1251787419,SBUX,Starbucks
2024-11-15,1251787419,SCHW,Charles Schwab Corporation
2024-11-15,1251787419,SO,Southern Company
2024-11-15,1251787419,SPG,Simon Property Group
2024-11-15,1251787419,T,AT&T
2024-11-15,1251787419,TGT,Target Corporation
2024-11-15,1251787419,TMO,Thermo Fisher Scientific
2024-11-15,1251787419,TMUS,T-Mobile US
2024-11-15,1251787419,TSLA,"Tesla, Inc."
2024-11-15,1251787419,TXN,Texas Instruments
2024-11-15,1251787419,UNH,UnitedHealth Group
2024-11-15,1251787419,UNP,Union Pacific Corporation
2024-11-15,1251787419,UPS,United Parcel Service
2024-11-15,1251787419,USB,U.S. Bancorp
2024-11-15,1251787419,V,Visa Inc.
2024-11-15,1251787419,VZ,Verizon
2024-11-15,1251787419,WFC,Wells Fargo
2024-11-15,1251787419,WMT,Walmart
2024-11-15,1251787419,XOM,ExxonMobil
2024-11-22,1258334588,AAPL,Apple Inc.
2024-11-22,1258334588,ABBV,AbbVie
2024-11-22,1258334588,ABT,Abbott Laboratories
2024-11-22,1258334588,ACN,Accenture
2024-11-22,1258334588,ADBE,Adobe Inc.
2024-11-22,1258334588,AIG,American International Group
2024-11-22,1258334588,AMD,Advanced Micro Devices
2024-11-22,1258334588,AMGN,Amgen
2024-11-22,1258334588,AMT,American Tower
2024-11-22,1258334588,AMZN,Amazon
2024-11-22,1258334588,AVGO,Broadcom
2024-11-22,1258334588,AXP,American Express
2024-11-22,1258334588,BA,Boeing
2024-11-22,1258334588,BAC,Bank of America
2024-11-22,1258334588,BK,BNY Mellon
2024-11-22,1258334588,BKNG,Booking Holdings
2024-11-22,1258334588,BLK,BlackRock
2024-11-22,1258334588,BMY,Bristol Myers Squibb
2024-11-22,1258334588,C,Citigroup
2024-11-22,1258334588,CAT,Caterpillar Inc.
2024-11-22,1258334588,CHTR,Charter Communications
2024-11-22,1258334588,CL,Colgate-Palmolive
2024-11-22,1258334588,CMCSA,Comcast
2024-11-22,1258334588,COF,Capital One
2024-11-22,1258334588,COP,ConocoPhillips
2024-11-22,1258334588,COST,Costco
2024-11-22,1258334588,CRM,Salesforce
2024-11-22,1258334588,CSCO,Cisco
2024-11-22,1258334588,CVS,CVS Health
2024-11-22,1258334588,CVX,Chevron Corporation
2024-11-22,1258334588,DE,Deere & Company
2024-11-22,1258334588,DHR,Danaher Corporation
2024-11-22,1258334588,DIS,Walt Disney Company (The)
2024-11-22,1258334588,DOW,Dow Inc.
2024-11-22,1258334588,DUK,Duke Energy
2024-11-22,1258334588,EMR,Emerson Electric
2024-11-22,1258334588,F,Ford Motor Company
2024-11-22,1258334588,FDX,FedEx
2024-11-22,1258334588,GD,General Dynamics
2024-11-22,1258334588,GE,GE Aerospace
2024-11-22,1258334588,GILD,Gilead Sciences
2024-11-22,1258334588,GM,General Motors
2024-11-22,1258334588,GOOG,Alphabet Inc.(Class C)
2024-11-22,1258334588,GOOGL,Alphabet Inc. (Class A)
2024-11-22,1258334588,GS,Goldman Sachs
2024-11-22,1258334588,HD,Home Depot
2024-11-22,1258334588,HON,Honeywell
2024-11-22,1258334588,IBM,IBM
2024-11-22,1258334588,INTC,Intel
2024-11-22,1258334588,INTU,Intuit
2024-11-22,1258334588,JNJ,Johnson & Johnson
2024-11-22,1258334588,JPM,JPMorgan Chase
2024-11-22,1258334588,KHC,Kraft Heinz
2024-11-22,1258334588,KO,Coca-Cola Company (The)
2024-11-22,1258334588,LIN,Linde plc
2024-11-22,1258334588,LLY,Eli Lilly and Company
2024-11-22,1258334588,LMT,Lockheed Martin
2024-11-22,1258334588,LOW,Lowe's
2024-11-22,1258334588,MA,Mastercard
2024-11-22,1258334588,MCD,McDonald's
2024-11-22,1258334588,MDLZ,Mondelēz International
2024-11-22,1258334588,MDT,Medtronic
2024-11-22,1258334588,MET,MetLife
2024-11-22,1258334588,META,Meta Platforms
2024-11-22,1258334588,MMM,3M
2024-11-22,1258334588,MO,Altria
2024-11-22,1258334588,MRK,Merck & Co.
2024-11-22,1258334588,MS,Morgan Stanley
2024-11-22,1258334588,MSFT,Microsoft
2024-11-22,1258334588,NEE,NextEra Energy
2024-11-22,1258334588,NFLX,"Netflix, Inc."
2024-11-22,1258334588,NKE,"Nike, Inc."
2024-11-22,1258334588,NVDA,Nvidia
2024-11-22,1258334588,ORCL,Oracle Corporation
2024-11-22,1258334588,PEP,PepsiCo
2024-11-22,1258334588,PFE,Pfizer
2024-11-22,1258334588,PG,Procter & Gamble
2024-11-22,1258334588,PM,Philip Morris International
2024-11-22,1258334588,PYPL,PayPal
2024-11-22,1258334588,QCOM,Qualcomm
2024-11-22,1258334588,RTX,RTX Corporation
2024-11-22,1258334588,SBUX,Starbucks
2024-11-22,1258334588,SCHW,Charles Schwab Corporation
2024-11-22,1258334588,SO,Southern Company
2024-11-22,1258334588,SPG,Simon Property Group
2024-11-22,1258334588,T,AT&T
2024-11-22,1258334588,TGT,Target Corporation
2024-11-22,1258334588,TMO,Thermo Fisher Scientific
2024-11-22,1258334588,TMUS,T-Mobile US
2024-11-22,1258334588,TSLA,"Tesla, Inc."
2024-11-22,1258334588,TXN,Texas Instruments
2024-11-22,1258334588,UNH,UnitedHealth Group
2024-11-22,1258334588,UNP,Union Pacific Corporation
2024-11-22,1258334588,UPS,United Parcel Service
2024-11-22,1258334588,USB,U.S. Bancorp
2024-11-22,1258334588,V,Visa Inc.
2024-11-22,1258334588,VZ,Verizon
2024-11-22,1258334588,WFC,Wells Fargo
2024-11-22,1258334588,WMT,Walmart
2024-11-22,1258334588,XOM,ExxonMobil
2024-11-29,1258334588,AAPL,Apple Inc.
2024-11-29,1258334588,ABBV,AbbVie
2024-11-29,1258334588,ABT,Abbott Laboratories
2024-11-29,1258334588,ACN,Accenture
2024-11-29,1258334588,ADBE,Adobe Inc.
2024-11-29,1258334588,AIG,American International Group
2024-11-29,1258334588,AMD,Advanced Micro Devices
2024-11-29,1258334588,AMGN,Amgen
2024-11-29,1258334588,AMT,American Tower
2024-11-29,1258334588,AMZN,Amazon
2024-11-29,1258334588,AVGO,Broadcom
2024-11-29,1258334588,AXP,American Express
2024-11-29,1258334588,BA,Boeing
2024-11-29,1258334588,BAC,Bank of America
2024-11-29,1258334588,BK,BNY Mellon
2024-11-29,1258334588,BKNG,Booking Holdings
2024-11-29,1258334588,BLK,BlackRock
2024-11-29,1258334588,BMY,Bristol Myers Squibb
2024-11-29,1258334588,C,Citigroup
2024-11-29,1258334588,CAT,Caterpillar Inc.
2024-11-29,1258334588,CHTR,Charter Communications
2024-11-29,1258334588,CL,Colgate-Palmolive
2024-11-29,1258334588,CMCSA,Comcast
2024-11-29,1258334588,COF,Capital One
2024-11-29,1258334588,COP,ConocoPhillips
2024-11-29,1258334588,COST,Costco
2024-11-29,1258334588,CRM,Salesforce
2024-11-29,1258334588,CSCO,Cisco
2024-11-29,1258334588,CVS,CVS Health
2024-11-29,1258334588,CVX,Chevron Corporation
2024-11-29,1258334588,DE,Deere & Company
2024-11-29,1258334588,DHR,Danaher Corporation
2024-11-29,1258334588,DIS,Walt Disney Company (The)
2024-11-29,1258334588,DOW,Dow Inc.
2024-11-29,1258334588,DUK,Duke Energy
2024-11-29,1258334588,EMR,Emerson Electric
2024-11-29,1258334588,F,Ford Motor Company
2024-11-29,1258334588,FDX,FedEx
2024-11-29,1258334588,GD,General Dynamics
2024-11-29,1258334588,GE,GE Aerospace
2024-11-29,1258334588,GILD,Gilead Sciences
2024-11-29,1258334588,GM,General Motors
2024-11-29,1258334588,GOOG,Alphabet Inc.(Class C)
2024-11-29,1258334588,GOOGL,Alphabet Inc. (Class A)
2024-11-29,1258334588,GS,Goldman Sachs
2024-11-29,1258334588,HD,Home Depot
2024-11-29,1258334588,HON,Honeywell
2024-11-29,1258334588,IBM,IBM
2024-11-29,1258334588,INTC,Intel
2024-11-29,1258334588,INTU,Intuit
2024-11-29,1258334588,JNJ,Johnson & Johnson
2024-11-29,1258334588,JPM,JPMorgan Chase
2024-11-29,1258334588,KHC,Kraft Heinz
2024-11-29,1258334588,KO,Coca-Cola Company (The)
2024-11-29,1258334588,LIN,Linde plc
2024-11-29,1258334588,LLY,Eli Lilly and Company
2024-11-29,1258334588,LMT,Lockheed Martin
2024-11-29,1258334588,LOW,Lowe's
2024-11-29,1258334588,MA,Mastercard
2024-11-29,1258334588,MCD,McDonald's
2024-11-29,1258334588,MDLZ,Mondelēz International
2024-11-29,1258334588,MDT,Medtronic
2024-11-29,1258334588,MET,MetLife
2024-11-29,1258334588,META,Meta Platforms
2024-11-29,1258334588,MMM,3M
2024-11-29,1258334588,MO,Altria
2024-11-29,1258334588,MRK,Merck & Co.
2024-11-29,1258334588,MS,Morgan Stanley
2024-11-29,1258334588,MSFT,Microsoft
2024-11-29,1258334588,NEE,NextEra Energy
2024-11-29,1258334588,NFLX,"Netflix, Inc."
2024-11-29,1258334588,NKE,"Nike, Inc."
2024-11-29,1258334588,NVDA,Nvidia
2024-11-29,1258334588,ORCL,Oracle Corporation
2024-11-29,1258334588,PEP,PepsiCo
2024-11-29,1258334588,PFE,Pfizer
2024-11-29,1258334588,PG,Procter & Gamble
2024-11-29,1258334588,PM,Philip Morris International
2024-11-29,1258334588,PYPL,PayPal
2024-11-29,1258334588,QCOM,Qualcomm
2024-11-29,1258334588,RTX,RTX Corporation
2024-11-29,1258334588,SBUX,Starbucks
2024-11-29,1258334588,SCHW,Charles Schwab Corporation
2024-11-29,1258334588,SO,Southern Company
2024-11-29,1258334588,SPG,Simon Property Group
2024-11-29,1258334588,T,AT&T
2024-11-29,1258334588,TGT,Target Corporation
2024-11-29,1258334588,TMO,Thermo Fisher Scientific
2024-11-29,1258334588,TMUS,T-Mobile US
2024-11-29,1258334588,TSLA,"Tesla, Inc."
2024-11-29,1258334588,TXN,Texas Instruments
2024-11-29,1258334588,UNH,UnitedHealth Group
2024-11-29,1258334588,UNP,Union Pacific Corporation
2024-11-29,1258334588,UPS,United Parcel Service
2024-11-29,1258334588,USB,U.S. Bancorp
2024-11-29,1258334588,V,Visa Inc.
2024-11-29,1258334588,VZ,Verizon
2024-11-29,1258334588,WFC,Wells Fargo
2024-11-29,1258334588,WMT,Walmart
2024-11-29,1258334588,XOM,ExxonMobil
2024-12-06,1260310089,AAPL,Apple Inc.
2024-12-06,1260310089,ABBV,AbbVie
2024-12-06,1260310089,ABT,Abbott Laboratories
2024-12-06,1260310089,ACN,Accenture
2024-12-06,1260310089,ADBE,Adobe Inc.
2024-12-06,1260310089,AIG,American International Group
2024-12-06,1260310089,AMD,Advanced Micro Devices
2024-12-06,1260310089,AMGN,Amgen
2024-12-06,1260310089,AMT,American Tower
2024-12-06,1260310089,AMZN,Amazon
2024-12-06,1260310089,AVGO,Broadcom
2024-12-06,1260310089,AXP,American Express
2024-12-06,1260310089,BA,Boeing
2024-12-06,1260310089,BAC,Bank of America
2024-12-06,1260310089,BK,BNY Mellon
2024-12-06,1260310089,BKNG,Booking Holdings
2024-12-06,1260310089,BLK,BlackRock
2024-12-06,1260310089,BMY,Bristol Myers Squibb
2024-12-06,1260310089,C,Citigroup
2024-12-06,1260310089,CAT,Caterpillar Inc.
2024-12-06,1260310089,CHTR,Charter Communications
2024-12-06,1260310089,CL,Colgate-Palmolive
2024-12-06,1260310089,CMCSA,Comcast
2024-12-06,1260310089,COF,Capital One
2024-12-06,1260310089,COP,ConocoPhillips
2024-12-06,1260310089,COST,Costco
2024-12-06,1260310089,CRM,Salesforce
2024-12-06,1260310089,CSCO,Cisco
2024-12-06,1260310089,CVS,CVS Health
2024-12-06,1260310089,CVX,Chevron Corporation
2024-12-06,1260310089,DE,Deere & Company
2024-12-06,1260310089,DHR,Danaher Corporation
2024-12-06,1260310089,DIS,Walt Disney Company (The)
2024-12-06,1260310089,DOW,Dow Inc.
2024-12-06,1260310089,DUK,Duke Energy
2024-12-06,1260310089,EMR,Emerson Electric
2024-12-06,1260310089,F,Ford Motor Company
2024-12-06,1260310089,FDX,FedEx
2024-12-06,1260310089,GD,General Dynamics
2024-12-06,1260310089,GE,GE Aerospace
2024-12-06,1260310089,GILD,Gilead Sciences
2024-12-06,1260310089,GM,General Motors
2024-12-06,1260310089,GOOG,Alphabet Inc.(Class C)
2024-12-06,1260310089,GOOGL,Alphabet Inc. (Class A)
2024-12-06,1260310089,GS,Goldman Sachs
2024-12-06,1260310089,HD,Home Depot
2024-12-06,1260310089,HON,Honeywell
2024-12-06,1260310089,IBM,IBM
2024-12-06,1260310089,INTC,Intel
2024-12-06,1260310089,INTU,Intuit
2024-12-06,1260310089,JNJ,Johnson & Johnson
2024-12-06,1260310089,JPM,JPMorgan Chase
2024-12-06,1260310089,KHC,Kraft Heinz
2024-12-06,1260310089,KO,Coca-Cola Company (The)
2024-12-06,1260310089,LIN,Linde plc
2024-12-06,1260310089,LLY,Eli Lilly and Company
2024-12-06,1260310089,LMT,Lockheed Martin
2024-12-06,1260310089,LOW,Lowe's
2024-12-06,1260310089,MA,Mastercard
2024-12-06,1260310089,MCD,McDonald's
2024-12-06,1260310089,MDLZ,Mondelēz International
2024-12-06,1260310089,MDT,Medtronic
2024-12-06,1260310089,MET,MetLife
2024-12-06,1260310089,META,Meta Platforms
2024-12-06,1260310089,MMM,3M
2024-12-06,1260310089,MO,Altria
2024-12-06,1260310089,MRK,Merck & Co.
2024-12-06,1260310089,MS,Morgan Stanley
2024-12-06,1260310089,MSFT,Microsoft
2024-12-06,1260310089,NEE,NextEra Energy
2024-12-06,1260310089,NFLX,"Netflix, Inc."
2024-12-06,1260310089,NKE,"Nike, Inc."
2024-12-06,1260310089,NVDA,Nvidia
2024-12-06,1260310089,ORCL,Oracle Corporation
2024-12-06,1260310089,PEP,PepsiCo
2024-12-06,1260310089,PFE,Pfizer
2024-12-06,1260310089,PG,Procter & Gamble
2024-12-06,1260310089,PM,Philip Morris International
2024-12-06,1260310089,PYPL,PayPal
2024-12-06,1260310089,QCOM,Qualcomm
2024-12-06,1260310089,RTX,RTX Corporation
2024-12-06,1260310089,SBUX,Starbucks
2024-12-06,1260310089,SCHW,Charles Schwab Corporation
2024-12-06,1260310089,SO,Southern Company
2024-12-06,1260310089,SPG,Simon Property Group
2024-12-06,1260310089,T,AT&T
2024-12-06,1260310089,TGT,Target Corporation
2024-12-06,1260310089,TMO,Thermo Fisher Scientific
2024-12-06,1260310089,TMUS,T-Mobile US
2024-12-06,1260310089,TSLA,"Tesla, Inc."
2024-12-06,1260310089,TXN,Texas Instruments
2024-12-06,1260310089,UNH,UnitedHealth Group
2024-12-06,1260310089,UNP,Union Pacific Corporation
2024-12-06,1260310089,UPS,United Parcel Service
2024-12-06,1260310089,USB,U.S. Bancorp
2024-12-06,1260310089,V,Visa Inc.
2024-12-06,1260310089,VZ,Verizon
2024-12-06,1260310089,WFC,Wells Fargo
2024-12-06,1260310089,WMT,Walmart
2024-12-06,1260310089,XOM,ExxonMobil
2024-12-13,1260310089,AAPL,Apple Inc.
2024-12-13,1260310089,ABBV,AbbVie
2024-12-13,1260310089,ABT,Abbott Laboratories
2024-12-13,1260310089,ACN,Accenture
2024-12-13,1260310089,ADBE,Adobe Inc.
2024-12-13,1260310089,AIG,American International Group
2024-12-13,1260310089,AMD,Advanced Micro Devices
2024-12-13,1260310089,AMGN,Amgen
2024-12-13,1260310089,AMT,American Tower
2024-12-13,1260310089,AMZN,Amazon
2024-12-13,1260310089,AVGO,Broadcom
2024-12-13,1260310089,AXP,American Express
2024-12-13,1260310089,BA,Boeing
2024-12-13,1260310089,BAC,Bank of America
2024-12-13,1260310089,BK,BNY Mellon
2024-12-13,1260310089,BKNG,Booking Holdings
2024-12-13,1260310089,BLK,BlackRock
2024-12-13,1260310089,BMY,Bristol Myers Squibb
2024-12-13,1260310089,C,Citigroup
2024-12-13,1260310089,CAT,Caterpillar Inc.
2024-12-13,1260310089,CHTR,Charter Communications
2024-12-13,1260310089,CL,Colgate-Palmolive
2024-12-13,1260310089,CMCSA,Comcast
2024-12-13,1260310089,COF,Capital One
2024-12-13,1260310089,COP,ConocoPhillips
2024-12-13,1260310089,COST,Costco
2024-12-13,1260310089,CRM,Salesforce
2024-12-13,1260310089,CSCO,Cisco
2024-12-13,1260310089,CVS,CVS Health
2024-12-13,1260310089,CVX,Chevron Corporation
2024-12-13,1260310089,DE,Deere & Company
2024-12-13,1260310089,DHR,Danaher Corporation
2024-12-13,1260310089,DIS,Walt Disney Company (The)
2024-12-13,1260310089,DOW,Dow Inc.
2024-12-13,1260310089,DUK,Duke Energy
2024-12-13,1260310089,EMR,Emerson Electric
2024-12-13,1260310089,F,Ford Motor Company
2024-12-13,1260310089,FDX,FedEx
2024-12-13,1260310089,GD,General Dynamics
2024-12-13,1260310089,GE,GE Aerospace
2024-12-13,1260310089,GILD,Gilead Sciences
2024-12-13,1260310089,GM,General Motors
2024-12-13,1260310089,GOOG,Alphabet Inc.(Class C)
2024-12-13,1260310089,GOOGL,Alphabet Inc. (Class A)
2024-12-13,1260310089,GS,Goldman Sachs
2024-12-13,1260310089,HD,Home Depot
2024-12-13,1260310089,HON,Honeywell
2024-12-13,1260310089,IBM,IBM
2024-12-13,1260310089,INTC,Intel
2024-12-13,1260310089,INTU,Intuit
2024-12-13,1260310089,JNJ,Johnson & Johnson
2024-12-13,1260310089,JPM,JPMorgan Chase
2024-12-13,1260310089,KHC,Kraft Heinz
2024-12-13,1260310089,KO,Coca-Cola Company (The)
2024-12-13,1260310089,LIN,Linde plc
2024-12-13,1260310089,LLY,Eli Lilly and Company
2024-12-13,1260310089,LMT,Lockheed Martin
2024-12-13,1260310089,LOW,Lowe's
2024-12-13,1260310089,MA,Mastercard
2024-12-13,1260310089,MCD,McDonald's
2024-12-13,1260310089,MDLZ,Mondelēz International
2024-12-13,1260310089,MDT,Medtronic
2024-12-13,1260310089,MET,MetLife
2024-12-13,1260310089,META,Meta Platforms
2024-12-13,1260310089,MMM,3M
2024-12-13,1260310089,MO,Altria
2024-12-13,1260310089,MRK,Merck & Co.
2024-12-13,1260310089,MS,Morgan Stanley
2024-12-13,1260310089,MSFT,Microsoft
2024-12-13,1260310089,NEE,NextEra Energy
2024-12-13,1260310089,NFLX,"Netflix, Inc."
2024-12-13,1260310089,NKE,"Nike, Inc."
2024-12-13,1260310089,NVDA,Nvidia
2024-12-13,1260310089,ORCL,Oracle Corporation
2024-12-13,1260310089,PEP,PepsiCo
2024-12-13,1260310089,PFE,Pfizer
2024-12-13,1260310089,PG,Procter & Gamble
2024-12-13,1260310089,PM,Philip Morris International
2024-12-13,1260310089,PYPL,PayPal
2024-12-13,1260310089,QCOM,Qualcomm
2024-12-13,1260310089,RTX,RTX Corporation
2024-12-13,1260310089,SBUX,Starbucks
2024-12-13,1260310089,SCHW,Charles Schwab Corporation
2024-12-13,1260310089,SO,Southern Company
2024-12-13,1260310089,SPG,Simon Property Group
2024-12-13,1260310089,T,AT&T
2024-12-13,1260310089,TGT,Target Corporation
2024-12-13,1260310089,TMO,Thermo Fisher Scientific
2024-12-13,1260310089,TMUS,T-Mobile US
2024-12-13,1260310089,TSLA,"Tesla, Inc."
2024-12-13,1260310089,TXN,Texas Instruments
2024-12-13,1260310089,UNH,UnitedHealth Group
2024-12-13,1260310089,UNP,Union Pacific Corporation
2024-12-13,1260310089,UPS,United Parcel Service
2024-12-13,1260310089,USB,U.S. Bancorp
2024-12-13,1260310089,V,Visa Inc.
2024-12-13,1260310089,VZ,Verizon
2024-12-13,1260310089,WFC,Wells Fargo
2024-12-13,1260310089,WMT,Walmart
2024-12-13,1260310089,XOM,ExxonMobil
2024-12-20,1260310089,AAPL,Apple Inc.
2024-12-20,1260310089,ABBV,AbbVie
2024-12-20,1260310089,ABT,Abbott Laboratories
2024-12-20,1260310089,ACN,Accenture
2024-12-20,1260310089,ADBE,Adobe Inc.
2024-12-20,1260310089,AIG,American International Group
2024-12-20,1260310089,AMD,Advanced Micro Devices
2024-12-20,1260310089,AMGN,Amgen
2024-12-20,1260310089,AMT,American Tower
2024-12-20,1260310089,AMZN,Amazon
2024-12-20,1260310089,AVGO,Broadcom
2024-12-20,1260310089,AXP,American Express
2024-12-20,1260310089,BA,Boeing
2024-12-20,1260310089,BAC,Bank of America
2024-12-20,1260310089,BK,BNY Mellon
2024-12-20,1260310089,BKNG,Booking Holdings
2024-12-20,1260310089,BLK,BlackRock
2024-12-20,1260310089,BMY,Bristol Myers Squibb
2024-12-20,1260310089,C,Citigroup
2024-12-20,1260310089,CAT,Caterpillar Inc.
2024-12-20,1260310089,CHTR,Charter Communications
2024-12-20,1260310089,CL,Colgate-Palmolive
2024-12-20,1260310089,CMCSA,Comcast
2024-12-20,1260310089,COF,Capital One
2024-12-20,1260310089,COP,ConocoPhillips
2024-12-20,1260310089,COST,Costco
2024-12-20,1260310089,CRM,Salesforce
2024-12-20,1260310089,CSCO,Cisco
2024-12-20,1260310089,CVS,CVS Health
2024-12-20,1260310089,CVX,Chevron Corporation
2024-12-20,1260310089,DE,Deere & Company
2024-12-20,1260310089,DHR,Danaher Corporation
2024-12-20,1260310089,DIS,Walt Disney Company (The)
2024-12-20,1260310089,DOW,Dow Inc.
2024-12-20,1260310089,DUK,Duke Energy
2024-12-20,1260310089,EMR,Emerson Electric
2024-12-20,1260310089,F,Ford Motor Company
2024-12-20,1260310089,FDX,FedEx
2024-12-20,1260310089,GD,General Dynamics
2024-12-20,1260310089,GE,GE Aerospace
2024-12-20,1260310089,GILD,Gilead Sciences
2024-12-20,1260310089,GM,General Motors
2024-12-20,1260310089,GOOG,Alphabet Inc.(Class C)
2024-12-20,1260310089,GOOGL,Alphabet Inc. (Class A)
2024-12-20,1260310089,GS,Goldman Sachs
2024-12-20,1260310089,HD,Home Depot
2024-12-20,1260310089,HON,Honeywell
2024-12-20,1260310089,IBM,IBM
2024-12-20,1260310089,INTC,Intel
2024-12-20,1260310089,INTU,Intuit
2024-12-20,1260310089,JNJ,Johnson & Johnson
2024-12-20,1260310089,JPM,JPMorgan Chase
2024-12-20,1260310089,KHC,Kraft Heinz
2024-12-20,1260310089,KO,Coca-Cola Company (The)
2024-12-20,1260310089,LIN,Linde plc
2024-12-20,1260310089,LLY,Eli Lilly and Company
2024-12-20,1260310089,LMT,Lockheed Martin
2024-12-20,1260310089,LOW,Lowe's
2024-12-20,1260310089,MA,Mastercard
2024-12-20,1260310089,MCD,McDonald's
2024-12-20,1260310089,MDLZ,Mondelēz International
2024-12-20,1260310089,MDT,Medtronic
2024-12-20,1260310089,MET,MetLife
2024-12-20,1260310089,META,Meta Platforms
2024-12-20,1260310089,MMM,3M
2024-12-20,1260310089,MO,Altria
2024-12-20,1260310089,MRK,Merck & Co.
2024-12-20,1260310089,MS,Morgan Stanley
2024-12-20,1260310089,MSFT,Microsoft
2024-12-20,1260310089,NEE,NextEra Energy
2024-12-20,1260310089,NFLX,"Netflix, Inc."
2024-12-20,1260310089,NKE,"Nike, Inc."
2024-12-20,1260310089,NVDA,Nvidia
2024-12-20,1260310089,ORCL,Oracle Corporation
2024-12-20,1260310089,PEP,PepsiCo
2024-12-20,1260310089,PFE,Pfizer
2024-12-20,1260310089,PG,Procter & Gamble
2024-12-20,1260310089,PM,Philip Morris International
2024-12-20,1260310089,PYPL,PayPal
2024-12-20,1260310089,QCOM,Qualcomm
2024-12-20,1260310089,RTX,RTX Corporation
2024-12-20,1260310089,SBUX,Starbucks
2024-12-20,1260310089,SCHW,Charles Schwab Corporation
2024-12-20,1260310089,SO,Southern Company
2024-12-20,1260310089,SPG,Simon Property Group
2024-12-20,1260310089,T,AT&T
2024-12-20,1260310089,TGT,Target Corporation
2024-12-20,1260310089,TMO,Thermo Fisher Scientific
2024-12-20,1260310089,TMUS,T-Mobile US
2024-12-20,1260310089,TSLA,"Tesla, Inc."
2024-12-20,1260310089,TXN,Texas Instruments
2024-12-20,1260310089,UNH,UnitedHealth Group
2024-12-20,1260310089,UNP,Union Pacific Corporation
2024-12-20,1260310089,UPS,United Parcel Service
2024-12-20,1260310089,USB,U.S. Bancorp
2024-12-20,1260310089,V,Visa Inc.
2024-12-20,1260310089,VZ,Verizon
2024-12-20,1260310089,WFC,Wells Fargo
2024-12-20,1260310089,WMT,Walmart
2024-12-20,1260310089,XOM,ExxonMobil
2024-12-27,1260310089,AAPL,Apple Inc.
2024-12-27,1260310089,ABBV,AbbVie
2024-12-27,1260310089,ABT,Abbott Laboratories
2024-12-27,1260310089,ACN,Accenture
2024-12-27,1260310089,ADBE,Adobe Inc.
2024-12-27,1260310089,AIG,American International Group
2024-12-27,1260310089,AMD,Advanced Micro Devices
2024-12-27,1260310089,AMGN,Amgen
2024-12-27,1260310089,AMT,American Tower
2024-12-27,1260310089,AMZN,Amazon
2024-12-27,1260310089,AVGO,Broadcom
2024-12-27,1260310089,AXP,American Express
2024-12-27,1260310089,BA,Boeing
2024-12-27,1260310089,BAC,Bank of America
2024-12-27,1260310089,BK,BNY Mellon
2024-12-27,1260310089,BKNG,Booking Holdings
2024-12-27,1260310089,BLK,BlackRock
2024-12-27,1260310089,BMY,Bristol Myers Squibb
2024-12-27,1260310089,C,Citigroup
2024-12-27,1260310089,CAT,Caterpillar Inc.
2024-12-27,1260310089,CHTR,Charter Communications
2024-12-27,1260310089,CL,Colgate-Palmolive
2024-12-27,1260310089,CMCSA,Comcast
2024-12-27,1260310089,COF,Capital One
2024-12-27,1260310089,COP,ConocoPhillips
2024-12-27,1260310089,COST,Costco
2024-12-27,1260310089,CRM,Salesforce
2024-12-27,1260310089,CSCO,Cisco
2024-12-27,1260310089,CVS,CVS Health
2024-12-27,1260310089,CVX,Chevron Corporation
2024-12-27,1260310089,DE,Deere & Company
2024-12-27,1260310089,DHR,Danaher Corporation
2024-12-27,1260310089,DIS,Walt Disney Company (The)
2024-12-27,1260310089,DOW,Dow Inc.
2024-12-27,1260310089,DUK,Duke Energy
2024-12-27,1260310089,EMR,Emerson Electric
2024-12-27,1260310089,F,Ford Motor Company
2024-12-27,1260310089,FDX,FedEx
2024-12-27,1260310089,GD,General Dynamics
2024-12-27,1260310089,GE,GE Aerospace
2024-12-27,1260310089,GILD,Gilead Sciences
2024-12-27,1260310089,GM,General Motors
2024-12-27,1260310089,GOOG,Alphabet Inc.(Class C)
2024-12-27,1260310089,GOOGL,Alphabet Inc. (Class A)
2024-12-27,1260310089,GS,Goldman Sachs
2024-12-27,1260310089,HD,Home Depot
2024-12-27,1260310089,HON,Honeywell
2024-12-27,1260310089,IBM,IBM
2024-12-27,1260310089,INTC,Intel
2024-12-27,1260310089,INTU,Intuit
2024-12-27,1260310089,JNJ,Johnson & Johnson
2024-12-27,1260310089,JPM,JPMorgan Chase
2024-12-27,1260310089,KHC,Kraft Heinz
2024-12-27,1260310089,KO,Coca-Cola Company (The)
2024-12-27,1260310089,LIN,Linde plc
2024-12-27,1260310089,LLY,Eli Lilly and Company
2024-12-27,1260310089,LMT,Lockheed Martin
2024-12-27,1260310089,LOW,Lowe's
2024-12-27,1260310089,MA,Mastercard
2024-12-27,1260310089,MCD,McDonald's
2024-12-27,1260310089,MDLZ,Mondelēz International
2024-12-27,1260310089,MDT,Medtronic
2024-12-27,1260310089,MET,MetLife
2024-12-27,1260310089,META,Meta Platforms
2024-12-27,1260310089,MMM,3M
2024-12-27,1260310089,MO,Altria
2024-12-27,1260310089,MRK,Merck & Co.
2024-12-27,1260310089,MS,Morgan Stanley
2024-12-27,1260310089,MSFT,Microsoft
2024-12-27,1260310089,NEE,NextEra Energy
2024-12-27,1260310089,NFLX,"Netflix, Inc."
2024-12-27,1260310089,NKE,"Nike, Inc."
2024-12-27,1260310089,NVDA,Nvidia
2024-12-27,1260310089,ORCL,Oracle Corporation
2024-12-27,1260310089,PEP,PepsiCo
2024-12-27,1260310089,PFE,Pfizer
2024-12-27,1260310089,PG,Procter & Gamble
2024-12-27,1260310089,PM,Philip Morris International
2024-12-27,1260310089,PYPL,PayPal
2024-12-27,1260310089,QCOM,Qualcomm
2024-12-27,1260310089,RTX,RTX Corporation
2024-12-27,1260310089,SBUX,Starbucks
2024-12-27,1260310089,SCHW,Charles Schwab Corporation
2024-12-27,1260310089,SO,Southern Company
2024-12-27,1260310089,SPG,Simon Property Group
2024-12-27,1260310089,T,AT&T
2024-12-27,1260310089,TGT,Target Corporation
2024-12-27,1260310089,TMO,Thermo Fisher Scientific
2024-12-27,1260310089,TMUS,T-Mobile US
2024-12-27,1260310089,TSLA,"Tesla, Inc."
2024-12-27,1260310089,TXN,Texas Instruments
2024-12-27,1260310089,UNH,UnitedHealth Group
2024-12-27,1260310089,UNP,Union Pacific Corporation
2024-12-27,1260310089,UPS,United Parcel Service
2024-12-27,1260310089,USB,U.S. Bancorp
2024-12-27,1260310089,V,Visa Inc.
2024-12-27,1260310089,VZ,Verizon
2024-12-27,1260310089,WFC,Wells Fargo
2024-12-27,1260310089,WMT,Walmart
2024-12-27,1260310089,XOM,ExxonMobil
2025-01-03,1260310089,AAPL,Apple Inc.
2025-01-03,1260310089,ABBV,AbbVie
2025-01-03,1260310089,ABT,Abbott Laboratories
2025-01-03,1260310089,ACN,Accenture
2025-01-03,1260310089,ADBE,Adobe Inc.
2025-01-03,1260310089,AIG,American International Group
2025-01-03,1260310089,AMD,Advanced Micro Devices
2025-01-03,1260310089,AMGN,Amgen
2025-01-03,1260310089,AMT,American Tower
2025-01-03,1260310089,AMZN,Amazon
2025-01-03,1260310089,AVGO,Broadcom
2025-01-03,1260310089,AXP,American Express
2025-01-03,1260310089,BA,Boeing
2025-01-03,1260310089,BAC,Bank of America
2025-01-03,1260310089,BK,BNY Mellon
2025-01-03,1260310089,BKNG,Booking Holdings
2025-01-03,1260310089,BLK,BlackRock
2025-01-03,1260310089,BMY,Bristol Myers Squibb
2025-01-03,1260310089,C,Citigroup
2025-01-03,1260310089,CAT,Caterpillar Inc.
2025-01-03,1260310089,CHTR,Charter Communications
2025-01-03,1260310089,CL,Colgate-Palmolive
2025-01-03,1260310089,CMCSA,Comcast
2025-01-03,1260310089,COF,Capital One
2025-01-03,1260310089,COP,ConocoPhillips
2025-01-03,1260310089,COST,Costco
2025-01-03,1260310089,CRM,Salesforce
2025-01-03,1260310089,CSCO,Cisco
2025-01-03,1260310089,CVS,CVS Health
2025-01-03,1260310089,CVX,Chevron Corporation
2025-01-03,1260310089,DE,Deere & Company
2025-01-03,1260310089,DHR,Danaher Corporation
2025-01-03,1260310089,DIS,Walt Disney Company (The)
2025-01-03,1260310089,DOW,Dow Inc.
2025-01-03,1260310089,DUK,Duke Energy
2025-01-03,1260310089,EMR,Emerson Electric
2025-01-03,1260310089,F,Ford Motor Company
2025-01-03,1260310089,FDX,FedEx
2025-01-03,1260310089,GD,General Dynamics
2025-01-03,1260310089,GE,GE Aerospace
2025-01-03,1260310089,GILD,Gilead Sciences
2025-01-03,1260310089,GM,General Motors
2025-01-03,1260310089,GOOG,Alphabet Inc.(Class C)
2025-01-03,1260310089,GOOGL,Alphabet Inc. (Class A)
2025-01-03,1260310089,GS,Goldman Sachs
2025-01-03,1260310089,HD,Home Depot
2025-01-03,1260310089,HON,Honeywell
2025-01-03,1260310089,IBM,IBM
2025-01-03,1260310089,INTC,Intel
2025-01-03,1260310089,INTU,Intuit
2025-01-03,1260310089,JNJ,Johnson & Johnson
2025-01-03,1260310089,JPM,JPMorgan Chase
2025-01-03,1260310089,KHC,Kraft Heinz
2025-01-03,1260310089,KO,Coca-Cola Company (The)
2025-01-03,1260310089,LIN,Linde plc
2025-01-03,1260310089,LLY,Eli Lilly and Company
2025-01-03,1260310089,LMT,Lockheed Martin
2025-01-03,1260310089,LOW,Lowe's
2025-01-03,1260310089,MA,Mastercard
2025-01-03,1260310089,MCD,McDonald's
2025-01-03,1260310089,MDLZ,Mondelēz International
2025-01-03,1260310089,MDT,Medtronic
2025-01-03,1260310089,MET,MetLife
2025-01-03,1260310089,META,Meta Platforms
2025-01-03,1260310089,MMM,3M
2025-01-03,1260310089,MO,Altria
2025-01-03,1260310089,MRK,Merck & Co.
2025-01-03,1260310089,MS,Morgan Stanley
2025-01-03,1260310089,MSFT,Microsoft
2025-01-03,1260310089,NEE,NextEra Energy
2025-01-03,1260310089,NFLX,"Netflix, Inc."
2025-01-03,1260310089,NKE,"Nike, Inc."
2025-01-03,1260310089,NVDA,Nvidia
2025-01-03,1260310089,ORCL,Oracle Corporation
2025-01-03,1260310089,PEP,PepsiCo
2025-01-03,1260310089,PFE,Pfizer
2025-01-03,1260310089,PG,Procter & Gamble
2025-01-03,1260310089,PM,Philip Morris International
2025-01-03,1260310089,PYPL,PayPal
2025-01-03,1260310089,QCOM,Qualcomm
2025-01-03,1260310089,RTX,RTX Corporation
2025-01-03,1260310089,SBUX,Starbucks
2025-01-03,1260310089,SCHW,Charles Schwab Corporation
2025-01-03,1260310089,SO,Southern Company
2025-01-03,1260310089,SPG,Simon Property Group
2025-01-03,1260310089,T,AT&T
2025-01-03,1260310089,TGT,Target Corporation
2025-01-03,1260310089,TMO,Thermo Fisher Scientific
2025-01-03,1260310089,TMUS,T-Mobile US
2025-01-03,1260310089,TSLA,"Tesla, Inc."
2025-01-03,1260310089,TXN,Texas Instruments
2025-01-03,1260310089,UNH,UnitedHealth Group
2025-01-03,1260310089,UNP,Union Pacific Corporation
2025-01-03,1260310089,UPS,United Parcel Service
2025-01-03,1260310089,USB,U.S. Bancorp
2025-01-03,1260310089,V,Visa Inc.
2025-01-03,1260310089,VZ,Verizon
2025-01-03,1260310089,WFC,Wells Fargo
2025-01-03,1260310089,WMT,Walmart
2025-01-03,1260310089,XOM,ExxonMobil
2025-01-10,1268016871,AAPL,Apple Inc.
2025-01-10,1268016871,ABBV,AbbVie
2025-01-10,1268016871,ABT,Abbott Laboratories
2025-01-10,1268016871,ACN,Accenture
2025-01-10,1268016871,ADBE,Adobe Inc.
2025-01-10,1268016871,AIG,American International Group
2025-01-10,1268016871,AMD,Advanced Micro Devices
2025-01-10,1268016871,AMGN,Amgen
2025-01-10,1268016871,AMT,American Tower
2025-01-10,1268016871,AMZN,Amazon
2025-01-10,1268016871,AVGO,Broadcom
2025-01-10,1268016871,AXP,American Express
2025-01-10,1268016871,BA,Boeing
2025-01-10,1268016871,BAC,Bank of America
2025-01-10,1268016871,BK,BNY Mellon
2025-01-10,1268016871,BKNG,Booking Holdings
2025-01-10,1268016871,BLK,BlackRock
2025-01-10,1268016871,BMY,Bristol Myers Squibb
2025-01-10,1268016871,C,Citigroup
2025-01-10,1268016871,CAT,Caterpillar Inc.
2025-01-10,1268016871,CHTR,Charter Communications
2025-01-10,1268016871,CL,Colgate-Palmolive
2025-01-10,1268016871,CMCSA,Comcast
2025-01-10,1268016871,COF,Capital One
2025-01-10,1268016871,COP,ConocoPhillips
2025-01-10,1268016871,COST,Costco
2025-01-10,1268016871,CRM,Salesforce
2025-01-10,1268016871,CSCO,Cisco
2025-01-10,1268016871,CVS,CVS Health
2025-01-10,1268016871,CVX,Chevron Corporation
2025-01-10,1268016871,DE,Deere & Company
2025-01-10,1268016871,DHR,Danaher Corporation
2025-01-10,1268016871,DIS,Walt Disney Company (The)
2025-01-10,1268016871,DOW,Dow Inc.
2025-01-10,1268016871,DUK,Duke Energy
2025-01-10,1268016871,EMR,Emerson Electric
2025-01-10,1268016871,F,Ford Motor Company
2025-01-10,1268016871,FDX,FedEx
2025-01-10,1268016871,GD,General Dynamics
2025-01-10,1268016871,GE,GE Aerospace
2025-01-10,1268016871,GILD,Gilead Sciences
2025-01-10,1268016871,GM,General Motors
2025-01-10,1268016871,GOOG,Alphabet Inc.(Class C)
2025-01-10,1268016871,GOOGL,Alphabet Inc. (Class A)
2025-01-10,1268016871,GS,Goldman Sachs
2025-01-10,1268016871,HD,Home Depot
2025-01-10,1268016871,HON,Honeywell
2025-01-10,1268016871,IBM,IBM
2025-01-10,1268016871,INTC,Intel
2025-01-10,1268016871,INTU,Intuit
2025-01-10,1268016871,JNJ,Johnson & Johnson
2025-01-10,1268016871,JPM,JPMorgan Chase
2025-01-10,1268016871,KHC,Kraft Heinz
2025-01-10,1268016871,KO,Coca-Cola Company (The)
2025-01-10,1268016871,LIN,Linde plc
2025-01-10,1268016871,LLY,Eli Lilly and Company
2025-01-10,1268016871,LMT,Lockheed Martin
2025-01-10,1268016871,LOW,Lowe's
2025-01-10,1268016871,MA,Mastercard
2025-01-10,1268016871,MCD,McDonald's
2025-01-10,1268016871,MDLZ,Mondelēz International
2025-01-10,1268016871,MDT,Medtronic
2025-01-10,1268016871,MET,MetLife
2025-01-10,1268016871,META,Meta Platforms
2025-01-10,1268016871,MMM,3M
2025-01-10,1268016871,MO,Altria
2025-01-10,1268016871,MRK,Merck & Co.
2025-01-10,1268016871,MS,Morgan Stanley
2025-01-10,1268016871,MSFT,Microsoft
2025-01-10,1268016871,NEE,NextEra Energy
2025-01-10,1268016871,NFLX,"Netflix, Inc."
2025-01-10,1268016871,NKE,"Nike, Inc."
2025-01-10,1268016871,NVDA,Nvidia
2025-01-10,1268016871,ORCL,Oracle Corporation
2025-01-10,1268016871,PEP,PepsiCo
2025-01-10,1268016871,PFE,Pfizer
2025-01-10,1268016871,PG,Procter & Gamble
2025-01-10,1268016871,PM,Philip Morris International
2025-01-10,1268016871,PYPL,PayPal
2025-01-10,1268016871,QCOM,Qualcomm
2025-01-10,1268016871,RTX,RTX Corporation
2025-01-10,1268016871,SBUX,Starbucks
2025-01-10,1268016871,SCHW,Charles Schwab Corporation
2025-01-10,1268016871,SO,Southern Company
2025-01-10,1268016871,SPG,Simon Property Group
2025-01-10,1268016871,T,AT&T
2025-01-10,1268016871,TGT,Target Corporation
2025-01-10,1268016871,TMO,Thermo Fisher Scientific
2025-01-10,1268016871,TMUS,T-Mobile US
2025-01-10,1268016871,TSLA,"Tesla, Inc."
2025-01-10,1268016871,TXN,Texas Instruments
2025-01-10,1268016871,UNH,UnitedHealth Group
2025-01-10,1268016871,UNP,Union Pacific Corporation
2025-01-10,1268016871,UPS,United Parcel Service
2025-01-10,1268016871,USB,U.S. Bancorp
2025-01-10,1268016871,V,Visa Inc.
2025-01-10,1268016871,VZ,Verizon
2025-01-10,1268016871,WFC,Wells Fargo
2025-01-10,1268016871,WMT,Walmart
2025-01-10,1268016871,XOM,ExxonMobil
2025-01-17,1269741234,AAPL,Apple Inc.
2025-01-17,1269741234,ABBV,AbbVie
2025-01-17,1269741234,ABT,Abbott Laboratories
2025-01-17,1269741234,ACN,Accenture
2025-01-17,1269741234,ADBE,Adobe Inc.
2025-01-17,1269741234,AIG,American International Group
2025-01-17,1269741234,AMD,Advanced Micro Devices
2025-01-17,1269741234,AMGN,Amgen
2025-01-17,1269741234,AMT,American Tower
2025-01-17,1269741234,AMZN,Amazon
2025-01-17,1269741234,AVGO,Broadcom
2025-01-17,1269741234,AXP,American Express
2025-01-17,1269741234,BA,Boeing
2025-01-17,1269741234,BAC,Bank of America
2025-01-17,1269741234,BK,BNY Mellon
2025-01-17,1269741234,BKNG,Booking Holdings
2025-01-17,1269741234,BLK,BlackRock
2025-01-17,1269741234,BMY,Bristol Myers Squibb
2025-01-17,1269741234,C,Citigroup
2025-01-17,1269741234,CAT,Caterpillar Inc.
2025-01-17,1269741234,CHTR,Charter Communications
2025-01-17,1269741234,CL,Colgate-Palmolive
2025-01-17,1269741234,CMCSA,Comcast
2025-01-17,1269741234,COF,Capital One
2025-01-17,1269741234,COP,ConocoPhillips
2025-01-17,1269741234,COST,Costco
2025-01-17,1269741234,CRM,Salesforce
2025-01-17,1269741234,CSCO,Cisco
2025-01-17,1269741234,CVS,CVS Health
2025-01-17,1269741234,CVX,Chevron Corporation
2025-01-17,1269741234,DE,Deere & Company
2025-01-17,1269741234,DHR,Danaher Corporation
2025-01-17,1269741234,DIS,Walt Disney Company (The)
2025-01-17,1269741234,DOW,Dow Inc.
2025-01-17,1269741234,DUK,Duke Energy
2025-01-17,1269741234,EMR,Emerson Electric
2025-01-17,1269741234,F,Ford Motor Company
2025-01-17,1269741234,FDX,FedEx
2025-01-17,1269741234,GD,General Dynamics
2025-01-17,1269741234,GE,GE Aerospace
2025-01-17,1269741234,GILD,Gilead Sciences
2025-01-17,1269741234,GM,General Motors
2025-01-17,1269741234,GOOG,Alphabet Inc.(Class C)
2025-01-17,1269741234,GOOGL,Alphabet Inc. (Class A)
2025-01-17,1269741234,GS,Goldman Sachs
2025-01-17,1269741234,HD,Home Depot
2025-01-17,1269741234,HON,Honeywell
2025-01-17,1269741234,IBM,IBM
2025-01-17,1269741234,INTC,Intel
2025-01-17,1269741234,INTU,Intuit
2025-01-17,1269741234,JNJ,Johnson & Johnson
2025-01-17,1269741234,JPM,JPMorgan Chase
2025-01-17,1269741234,KHC,Kraft Heinz
2025-01-17,1269741234,KO,Coca-Cola Company (The)
2025-01-17,1269741234,LIN,Linde plc
2025-01-17,1269741234,LLY,Eli Lilly and Company
2025-01-17,1269741234,LMT,Lockheed Martin
2025-01-17,1269741234,LOW,Lowe's
2025-01-17,1269741234,MA,Mastercard
2025-01-17,1269741234,MCD,McDonald's
2025-01-17,1269741234,MDLZ,Mondelēz International
2025-01-17,1269741234,MDT,Medtronic
2025-01-17,1269741234,MET,MetLife
2025-01-17,1269741234,META,Meta Platforms
2025-01-17,1269741234,MMM,3M
2025-01-17,1269741234,MO,Altria
2025-01-17,1269741234,MRK,Merck & Co.
2025-01-17,1269741234,MS,Morgan Stanley
2025-01-17,1269741234,MSFT,Microsoft
2025-01-17,1269741234,NEE,NextEra Energy
2025-01-17,1269741234,NFLX,"Netflix, Inc."
2025-01-17,1269741234,NKE,"Nike, Inc."
2025-01-17,1269741234,NVDA,Nvidia
2025-01-17,1269741234,ORCL,Oracle Corporation
2025-01-17,1269741234,PEP,PepsiCo
2025-01-17,1269741234,PFE,Pfizer
2025-01-17,1269741234,PG,Procter & Gamble
2025-01-17,1269741234,PM,Philip Morris International
2025-01-17,1269741234,PYPL,PayPal
2025-01-17,1269741234,QCOM,Qualcomm
2025-01-17,1269741234,RTX,RTX Corporation
2025-01-17,1269741234,SBUX,Starbucks
2025-01-17,1269741234,SCHW,Charles Schwab Corporation
2025-01-17,1269741234,SO,Southern Company
2025-01-17,1269741234,SPG,Simon Property Group
2025-01-17,1269741234,T,AT&T
2025-01-17,1269741234,TGT,Target Corporation
2025-01-17,1269741234,TMO,Thermo Fisher Scientific
2025-01-17,1269741234,TMUS,T-Mobile US
2025-01-17,1269741234,TSLA,"Tesla, Inc."
2025-01-17,1269741234,TXN,Texas Instruments
2025-01-17,1269741234,UNH,UnitedHealth Group
2025-01-17,1269741234,UNP,Union Pacific Corporation
2025-01-17,1269741234,UPS,United Parcel Service
2025-01-17,1269741234,USB,U.S. Bancorp
2025-01-17,1269741234,V,Visa Inc.
2025-01-17,1269741234,VZ,Verizon
2025-01-17,1269741234,WFC,Wells Fargo
2025-01-17,1269741234,WMT,Walmart
2025-01-17,1269741234,XOM,ExxonMobil
2025-01-24,1269741234,AAPL,Apple Inc.
2025-01-24,1269741234,ABBV,AbbVie
2025-01-24,1269741234,ABT,Abbott Laboratories
2025-01-24,1269741234,ACN,Accenture
2025-01-24,1269741234,ADBE,Adobe Inc.
2025-01-24,1269741234,AIG,American International Group
2025-01-24,1269741234,AMD,Advanced Micro Devices
2025-01-24,1269741234,AMGN,Amgen
2025-01-24,1269741234,AMT,American Tower
2025-01-24,1269741234,AMZN,Amazon
2025-01-24,1269741234,AVGO,Broadcom
2025-01-24,1269741234,AXP,American Express
2025-01-24,1269741234,BA,Boeing
2025-01-24,1269741234,BAC,Bank of America
2025-01-24,1269741234,BK,BNY Mellon
2025-01-24,1269741234,BKNG,Booking Holdings
2025-01-24,1269741234,BLK,BlackRock
2025-01-24,1269741234,BMY,Bristol Myers Squibb
2025-01-24,1269741234,C,Citigroup
2025-01-24,1269741234,CAT,Caterpillar Inc.
2025-01-24,1269741234,CHTR,Charter Communications
2025-01-24,1269741234,CL,Colgate-Palmolive
2025-01-24,1269741234,CMCSA,Comcast
2025-01-24,1269741234,COF,Capital One
2025-01-24,1269741234,COP,ConocoPhillips
2025-01-24,1269741234,COST,Costco
2025-01-24,1269741234,CRM,Salesforce
2025-01-24,1269741234,CSCO,Cisco
2025-01-24,1269741234,CVS,CVS Health
2025-01-24,1269741234,CVX,Chevron Corporation
2025-01-24,1269741234,DE,Deere & Company
2025-01-24,1269741234,DHR,Danaher Corporation
2025-01-24,1269741234,DIS,Walt Disney Company (The)
2025-01-24,1269741234,DOW,Dow Inc.
2025-01-24,1269741234,DUK,Duke Energy
2025-01-24,1269741234,EMR,Emerson Electric
2025-01-24,1269741234,F,Ford Motor Company
2025-01-24,1269741234,FDX,FedEx
2025-01-24,1269741234,GD,General Dynamics
2025-01-24,1269741234,GE,GE Aerospace
2025-01-24,1269741234,GILD,Gilead Sciences
2025-01-24,1269741234,GM,General Motors
2025-01-24,1269741234,GOOG,Alphabet Inc.(Class C)
2025-01-24,1269741234,GOOGL,Alphabet Inc. (Class A)
2025-01-24,1269741234,GS,Goldman Sachs
2025-01-24,1269741234,HD,Home Depot
2025-01-24,1269741234,HON,Honeywell
2025-01-24,1269741234,IBM,IBM
2025-01-24,1269741234,INTC,Intel
2025-01-24,1269741234,INTU,Intuit
2025-01-24,1269741234,JNJ,Johnson & Johnson
2025-01-24,1269741234,JPM,JPMorgan Chase
2025-01-24,1269741234,KHC,Kraft Heinz
2025-01-24,1269741234,KO,Coca-Cola Company (The)
2025-01-24,1269741234,LIN,Linde plc
2025-01-24,1269741234,LLY,Eli Lilly and Company
2025-01-24,1269741234,LMT,Lockheed Martin
2025-01-24,1269741234,LOW,Lowe's
2025-01-24,1269741234,MA,Mastercard
2025-01-24,1269741234,MCD,McDonald's
2025-01-24,1269741234,MDLZ,Mondelēz International
2025-01-24,1269741234,MDT,Medtronic
2025-01-24,1269741234,MET,MetLife
2025-01-24,1269741234,META,Meta Platforms
2025-01-24,1269741234,MMM,3M
2025-01-24,1269741234,MO,Altria
2025-01-24,1269741234,MRK,Merck & Co.
2025-01-24,1269741234,MS,Morgan Stanley
2025-01-24,1269741234,MSFT,Microsoft
2025-01-24,1269741234,NEE,NextEra Energy
2025-01-24,1269741234,NFLX,"Netflix, Inc."
2025-01-24,1269741234,NKE,"Nike, Inc."
2025-01-24,1269741234,NVDA,Nvidia
2025-01-24,1269741234,ORCL,Oracle Corporation
2025-01-24,1269741234,PEP,PepsiCo
2025-01-24,1269741234,PFE,Pfizer
2025-01-24,1269741234,PG,Procter & Gamble
2025-01-24,1269741234,PM,Philip Morris International
2025-01-24,1269741234,PYPL,PayPal
2025-01-24,1269741234,QCOM,Qualcomm
2025-01-24,1269741234,RTX,RTX Corporation
2025-01-24,1269741234,SBUX,Starbucks
2025-01-24,1269741234,SCHW,Charles Schwab Corporation
2025-01-24,1269741234,SO,Southern Company
2025-01-24,1269741234,SPG,Simon Property Group
2025-01-24,1269741234,T,AT&T
2025-01-24,1269741234,TGT,Target Corporation
2025-01-24,1269741234,TMO,Thermo Fisher Scientific
2025-01-24,1269741234,TMUS,T-Mobile US
2025-01-24,1269741234,TSLA,"Tesla, Inc."
2025-01-24,1269741234,TXN,Texas Instruments
2025-01-24,1269741234,UNH,UnitedHealth Group
2025-01-24,1269741234,UNP,Union Pacific Corporation
2025-01-24,1269741234,UPS,United Parcel Service
2025-01-24,1269741234,USB,U.S. Bancorp
2025-01-24,1269741234,V,Visa Inc.
2025-01-24,1269741234,VZ,Verizon
2025-01-24,1269741234,WFC,Wells Fargo
2025-01-24,1269741234,WMT,Walmart
2025-01-24,1269741234,XOM,ExxonMobil
2025-01-31,1271728974,AAPL,Apple Inc.
2025-01-31,1271728974,ABBV,AbbVie
2025-01-31,1271728974,ABT,Abbott Laboratories
2025-01-31,1271728974,ACN,Accenture
2025-01-31,1271728974,ADBE,Adobe Inc.
2025-01-31,1271728974,AIG,American International Group
2025-01-31,1271728974,AMD,Advanced Micro Devices
2025-01-31,1271728974,AMGN,Amgen
2025-01-31,1271728974,AMT,American Tower
2025-01-31,1271728974,AMZN,Amazon
2025-01-31,1271728974,AVGO,Broadcom
2025-01-31,1271728974,AXP,American Express
2025-01-31,1271728974,BA,Boeing
2025-01-31,1271728974,BAC,Bank of America
2025-01-31,1271728974,BK,BNY Mellon
2025-01-31,1271728974,BKNG,Booking Holdings
2025-01-31,1271728974,BLK,BlackRock
2025-01-31,1271728974,BMY,Bristol Myers Squibb
2025-01-31,1271728974,C,Citigroup
2025-01-31,1271728974,CAT,Caterpillar Inc.
2025-01-31,1271728974,CHTR,Charter Communications
2025-01-31,1271728974,CL,Colgate-Palmolive
2025-01-31,1271728974,CMCSA,Comcast
2025-01-31,1271728974,COF,Capital One
2025-01-31,1271728974,COP,ConocoPhillips
2025-01-31,1271728974,COST,Costco
2025-01-31,1271728974,CRM,Salesforce
2025-01-31,1271728974,CSCO,Cisco
2025-01-31,1271728974,CVS,CVS Health
2025-01-31,1271728974,CVX,Chevron Corporation
2025-01-31,1271728974,DE,Deere & Company
2025-01-31,1271728974,DHR,Danaher Corporation
2025-01-31,1271728974,DIS,Walt Disney Company (The)
2025-01-31,1271728974,DOW,Dow Inc.
2025-01-31,1271728974,DUK,Duke Energy
2025-01-31,1271728974,EMR,Emerson Electric
2025-01-31,1271728974,F,Ford Motor Company
2025-01-31,1271728974,FDX,FedEx
2025-01-31,1271728974,GD,General Dynamics
2025-01-31,1271728974,GE,GE Aerospace
2025-01-31,1271728974,GILD,Gilead Sciences
2025-01-31,1271728974,GM,General Motors
2025-01-31,1271728974,GOOG,Alphabet Inc.(Class C)
2025-01-31,1271728974,GOOGL,Alphabet Inc. (Class A)
2025-01-31,1271728974,GS,Goldman Sachs
2025-01-31,1271728974,HD,Home Depot
2025-01-31,1271728974,HON,Honeywell
2025-01-31,1271728974,IBM,IBM
2025-01-31,1271728974,INTC,Intel
2025-01-31,1271728974,INTU,Intuit
2025-01-31,1271728974,JNJ,Johnson & Johnson
2025-01-31,1271728974,JPM,JPMorgan Chase
2025-01-31,1271728974,KHC,Kraft Heinz
2025-01-31,1271728974,KO,Coca-Cola Company (The)
2025-01-31,1271728974,LIN,Linde plc
2025-01-31,1271728974,LLY,Eli Lilly and Company
2025-01-31,1271728974,LMT,Lockheed Martin
2025-01-31,1271728974,LOW,Lowe's
2025-01-31,1271728974,MA,Mastercard
2025-01-31,1271728974,MCD,McDonald's
2025-01-31,1271728974,MDLZ,Mondelēz International
2025-01-31,1271728974,MDT,Medtronic
2025-01-31,1271728974,MET,MetLife
2025-01-31,1271728974,META,Meta Platforms
2025-01-31,1271728974,MMM,3M
2025-01-31,1271728974,MO,Altria
2025-01-31,1271728974,MRK,Merck & Co.
2025-01-31,1271728974,MS,Morgan Stanley
2025-01-31,1271728974,MSFT,Microsoft
2025-01-31,1271728974,NEE,NextEra Energy
2025-01-31,1271728974,NFLX,"Netflix, Inc."
2025-01-31,1271728974,NKE,"Nike, Inc."
2025-01-31,1271728974,NVDA,Nvidia
2025-01-31,1271728974,ORCL,Oracle Corporation
2025-01-31,1271728974,PEP,PepsiCo
2025-01-31,1271728974,PFE,Pfizer
2025-01-31,1271728974,PG,Procter & Gamble
2025-01-31,1271728974,PM,Philip Morris International
2025-01-31,1271728974,PYPL,PayPal
2025-01-31,1271728974,QCOM,Qualcomm
2025-01-31,1271728974,RTX,RTX Corporation
2025-01-31,1271728974,SBUX,Starbucks
2025-01-31,1271728974,SCHW,Charles Schwab Corporation
2025-01-31,1271728974,SO,Southern Company
2025-01-31,1271728974,SPG,Simon Property Group
2025-01-31,1271728974,T,AT&T
2025-01-31,1271728974,TGT,Target Corporation
2025-01-31,1271728974,TMO,Thermo Fisher Scientific
2025-01-31,1271728974,TMUS,T-Mobile US
2025-01-31,1271728974,TSLA,"Tesla, Inc."
2025-01-31,1271728974,TXN,Texas Instruments
2025-01-31,1271728974,UNH,UnitedHealth Group
2025-01-31,1271728974,UNP,Union Pacific Corporation
2025-01-31,1271728974,UPS,United Parcel Service
2025-01-31,1271728974,USB,U.S. Bancorp
2025-01-31,1271728974,V,Visa Inc.
2025-01-31,1271728974,VZ,Verizon
2025-01-31,1271728974,WFC,Wells Fargo
2025-01-31,1271728974,WMT,Walmart
2025-01-31,1271728974,XOM,ExxonMobil
2025-02-07,1274222543,AAPL,Apple Inc.
2025-02-07,1274222543,ABBV,AbbVie
2025-02-07,1274222543,ABT,Abbott Laboratories
2025-02-07,1274222543,ACN,Accenture
2025-02-07,1274222543,ADBE,Adobe Inc.
2025-02-07,1274222543,AIG,American International Group
2025-02-07,1274222543,AMD,Advanced Micro Devices
2025-02-07,1274222543,AMGN,Amgen
2025-02-07,1274222543,AMT,American Tower
2025-02-07,1274222543,AMZN,Amazon
2025-02-07,1274222543,AVGO,Broadcom
2025-02-07,1274222543,AXP,American Express
2025-02-07,1274222543,BA,Boeing
2025-02-07,1274222543,BAC,Bank of America
2025-02-07,1274222543,BK,BNY Mellon
2025-02-07,1274222543,BKNG,Booking Holdings
2025-02-07,1274222543,BLK,BlackRock
2025-02-07,1274222543,BMY,Bristol Myers Squibb
2025-02-07,1274222543,C,Citigroup
2025-02-07,1274222543,CAT,Caterpillar Inc.
2025-02-07,1274222543,CHTR,Charter Communications
2025-02-07,1274222543,CL,Colgate-Palmolive
2025-02-07,1274222543,CMCSA,Comcast
2025-02-07,1274222543,COF,Capital One
2025-02-07,1274222543,COP,ConocoPhillips
2025-02-07,1274222543,COST,Costco
2025-02-07,1274222543,CRM,Salesforce
2025-02-07,1274222543,CSCO,Cisco
2025-02-07,1274222543,CVS,CVS Health
2025-02-07,1274222543,CVX,Chevron Corporation
2025-02-07,1274222543,DE,Deere & Company
2025-02-07,1274222543,DHR,Danaher Corporation
2025-02-07,1274222543,DIS,Walt Disney Company (The)
2025-02-07,1274222543,DOW,Dow Inc.
2025-02-07,1274222543,DUK,Duke Energy
2025-02-07,1274222543,EMR,Emerson Electric
2025-02-07,1274222543,F,Ford Motor Company
2025-02-07,1274222543,FDX,FedEx
2025-02-07,1274222543,GD,General Dynamics
2025-02-07,1274222543,GE,GE Aerospace
2025-02-07,1274222543,GILD,Gilead Sciences
2025-02-07,1274222543,GM,General Motors
2025-02-07,1274222543,GOOG,Alphabet Inc.(Class C)
2025-02-07,1274222543,GOOGL,Alphabet Inc. (Class A)
2025-02-07,1274222543,GS,Goldman Sachs
2025-02-07,1274222543,HD,Home Depot
2025-02-07,1274222543,HON,Honeywell
2025-02-07,1274222543,IBM,IBM
2025-02-07,1274222543,INTC,Intel
2025-02-07,1274222543,INTU,Intuit
2025-02-07,1274222543,JNJ,Johnson & Johnson
2025-02-07,1274222543,JPM,JPMorgan Chase
2025-02-07,1274222543,KHC,Kraft Heinz
2025-02-07,1274222543,KO,Coca-Cola Company (The)
2025-02-07,1274222543,LIN,Linde plc
2025-02-07,1274222543,LLY,Eli Lilly and Company
2025-02-07,1274222543,LMT,Lockheed Martin
2025-02-07,1274222543,LOW,Lowe's
2025-02-07,1274222543,MA,Mastercard
2025-02-07,1274222543,MCD,McDonald's
2025-02-07,1274222543,MDLZ,Mondelēz International
2025-02-07,1274222543,MDT,Medtronic
2025-02-07,1274222543,MET,MetLife
2025-02-07,1274222543,META,Meta Platforms
2025-02-07,1274222543,MMM,3M
2025-02-07,1274222543,MO,Altria
2025-02-07,1274222543,MRK,Merck & Co.
2025-02-07,1274222543,MS,Morgan Stanley
2025-02-07,1274222543,MSFT,Microsoft
2025-02-07,1274222543,NEE,NextEra Energy
2025-02-07,1274222543,NFLX,"Netflix, Inc."
2025-02-07,1274222543,NKE,"Nike, Inc."
2025-02-07,1274222543,NVDA,Nvidia
2025-02-07,1274222543,ORCL,Oracle Corporation
2025-02-07,1274222543,PEP,PepsiCo
2025-02-07,1274222543,PFE,Pfizer
2025-02-07,1274222543,PG,Procter & Gamble
2025-02-07,1274222543,PM,Philip Morris International
2025-02-07,1274222543,PYPL,PayPal
2025-02-07,1274222543,QCOM,Qualcomm
2025-02-07,1274222543,RTX,RTX Corporation
2025-02-07,1274222543,SBUX,Starbucks
2025-02-07,1274222543,SCHW,Charles Schwab Corporation
2025-02-07,1274222543,SO,Southern Company
2025-02-07,1274222543,SPG,Simon Property Group
2025-02-07,1274222543,T,AT&T
2025-02-07,1274222543,TGT,Target Corporation
2025-02-07,1274222543,TMO,Thermo Fisher Scientific
2025-02-07,1274222543,TMUS,T-Mobile US
2025-02-07,1274222543,TSLA,"Tesla, Inc."
2025-02-07,1274222543,TXN,Texas Instruments
2025-02-07,1274222543,UNH,UnitedHealth Group
2025-02-07,1274222543,UNP,Union Pacific Corporation
2025-02-07,1274222543,UPS,United Parcel Service
2025-02-07,1274222543,USB,U.S. Bancorp
2025-02-07,1274222543,V,Visa Inc.
2025-02-07,1274222543,VZ,Verizon
2025-02-07,1274222543,WFC,Wells Fargo
2025-02-07,1274222543,WMT,Walmart
2025-02-07,1274222543,XOM,ExxonMobil
2025-02-14,1274222543,AAPL,Apple Inc.
2025-02-14,1274222543,ABBV,AbbVie
2025-02-14,1274222543,ABT,Abbott Laboratories
2025-02-14,1274222543,ACN,Accenture
2025-02-14,1274222543,ADBE,Adobe Inc.
2025-02-14,1274222543,AIG,American International Group
2025-02-14,1274222543,AMD,Advanced Micro Devices
2025-02-14,1274222543,AMGN,Amgen
2025-02-14,1274222543,AMT,American Tower
2025-02-14,1274222543,AMZN,Amazon
2025-02-14,1274222543,AVGO,Broadcom
2025-02-14,1274222543,AXP,American Express
2025-02-14,1274222543,BA,Boeing
2025-02-14,1274222543,BAC,Bank of America
2025-02-14,1274222543,BK,BNY Mellon
2025-02-14,1274222543,BKNG,Booking Holdings
2025-02-14,1274222543,BLK,BlackRock
2025-02-14,1274222543,BMY,Bristol Myers Squibb
2025-02-14,1274222543,C,Citigroup
2025-02-14,1274222543,CAT,Caterpillar Inc.
2025-02-14,1274222543,CHTR,Charter Communications
2025-02-14,1274222543,CL,Colgate-Palmolive
2025-02-14,1274222543,CMCSA,Comcast
2025-02-14,1274222543,COF,Capital One
2025-02-14,1274222543,COP,ConocoPhillips
2025-02-14,1274222543,COST,Costco
2025-02-14,1274222543,CRM,Salesforce
2025-02-14,1274222543,CSCO,Cisco
2025-02-14,1274222543,CVS,CVS Health
2025-02-14,1274222543,CVX,Chevron Corporation
2025-02-14,1274222543,DE,Deere & Company
2025-02-14,1274222543,DHR,Danaher Corporation
2025-02-14,1274222543,DIS,Walt Disney Company (The)
2025-02-14,1274222543,DOW,Dow Inc.
2025-02-14,1274222543,DUK,Duke Energy
2025-02-14,1274222543,EMR,Emerson Electric
2025-02-14,1274222543,F,Ford Motor Company
2025-02-14,1274222543,FDX,FedEx
2025-02-14,1274222543,GD,General Dynamics
2025-02-14,1274222543,GE,GE Aerospace
2025-02-14,1274222543,GILD,Gilead Sciences
2025-02-14,1274222543,GM,General Motors
2025-02-14,1274222543,GOOG,Alphabet Inc.(Class C)
2025-02-14,1274222543,GOOGL,Alphabet Inc. (Class A)
2025-02-14,1274222543,GS,Goldman Sachs
2025-02-14,1274222543,HD,Home Depot
2025-02-14,1274222543,HON,Honeywell
2025-02-14,1274222543,IBM,IBM
2025-02-14,1274222543,INTC,Intel
2025-02-14,1274222543,INTU,Intuit
2025-02-14,1274222543,JNJ,Johnson & Johnson
2025-02-14,1274222543,JPM,JPMorgan Chase
2025-02-14,1274222543,KHC,Kraft Heinz
2025-02-14,1274222543,KO,Coca-Cola Company (The)
2025-02-14,1274222543,LIN,Linde plc
2025-02-14,1274222543,LLY,Eli Lilly and Company
2025-02-14,1274222543,LMT,Lockheed Martin
2025-02-14,1274222543,LOW,Lowe's
2025-02-14,1274222543,MA,Mastercard
2025-02-14,1274222543,MCD,McDonald's
2025-02-14,1274222543,MDLZ,Mondelēz International
2025-02-14,1274222543,MDT,Medtronic
2025-02-14,1274222543,MET,MetLife
2025-02-14,1274222543,META,Meta Platforms
2025-02-14,1274222543,MMM,3M
2025-02-14,1274222543,MO,Altria
2025-02-14,1274222543,MRK,Merck & Co.
2025-02-14,1274222543,MS,Morgan Stanley
2025-02-14,1274222543,MSFT,Microsoft
2025-02-14,1274222543,NEE,NextEra Energy
2025-02-14,1274222543,NFLX,"Netflix, Inc."
2025-02-14,1274222543,NKE,"Nike, Inc."
2025-02-14,1274222543,NVDA,Nvidia
2025-02-14,1274222543,ORCL,Oracle Corporation
2025-02-14,1274222543,PEP,PepsiCo
2025-02-14,1274222543,PFE,Pfizer
2025-02-14,1274222543,PG,Procter & Gamble
2025-02-14,1274222543,PM,Philip Morris International
2025-02-14,1274222543,PYPL,PayPal
2025-02-14,1274222543,QCOM,Qualcomm
2025-02-14,1274222543,RTX,RTX Corporation
2025-02-14,1274222543,SBUX,Starbucks
2025-02-14,1274222543,SCHW,Charles Schwab Corporation
2025-02-14,1274222543,SO,Southern Company
2025-02-14,1274222543,SPG,Simon Property Group
2025-02-14,1274222543,T,AT&T
2025-02-14,1274222543,TGT,Target Corporation
2025-02-14,1274222543,TMO,Thermo Fisher Scientific
2025-02-14,1274222543,TMUS,T-Mobile US
2025-02-14,1274222543,TSLA,"Tesla, Inc."
2025-02-14,1274222543,TXN,Texas Instruments
2025-02-14,1274222543,UNH,UnitedHealth Group
2025-02-14,1274222543,UNP,Union Pacific Corporation
2025-02-14,1274222543,UPS,United Parcel Service
2025-02-14,1274222543,USB,U.S. Bancorp
2025-02-14,1274222543,V,Visa Inc.
2025-02-14,1274222543,VZ,Verizon
2025-02-14,1274222543,WFC,Wells Fargo
2025-02-14,1274222543,WMT,Walmart
2025-02-14,1274222543,XOM,ExxonMobil
2025-02-21,1276096856,AAPL,Apple Inc.
2025-02-21,1276096856,ABBV,AbbVie
2025-02-21,1276096856,ABT,Abbott Laboratories
2025-02-21,1276096856,ACN,Accenture
2025-02-21,1276096856,ADBE,Adobe Inc.
2025-02-21,1276096856,AIG,American International Group
2025-02-21,1276096856,AMD,Advanced Micro Devices
2025-02-21,1276096856,AMGN,Amgen
2025-02-21,1276096856,AMT,American Tower
2025-02-21,1276096856,AMZN,Amazon
2025-02-21,1276096856,AVGO,Broadcom
2025-02-21,1276096856,AXP,American Express
2025-02-21,1276096856,BA,Boeing
2025-02-21,1276096856,BAC,Bank of America
2025-02-21,1276096856,BK,BNY Mellon
2025-02-21,1276096856,BKNG,Booking Holdings
2025-02-21,1276096856,BLK,BlackRock
2025-02-21,1276096856,BMY,Bristol Myers Squibb
2025-02-21,1276096856,C,Citigroup
2025-02-21,1276096856,CAT,Caterpillar Inc.
2025-02-21,1276096856,CHTR,Charter Communications
2025-02-21,1276096856,CL,Colgate-Palmolive
2025-02-21,1276096856,CMCSA,Comcast
2025-02-21,1276096856,COF,Capital One
2025-02-21,1276096856,COP,ConocoPhillips
2025-02-21,1276096856,COST,Costco
2025-02-21,1276096856,CRM,Salesforce
2025-02-21,1276096856,CSCO,Cisco
2025-02-21,1276096856,CVS,CVS Health
2025-02-21,1276096856,CVX,Chevron Corporation
2025-02-21,1276096856,DE,Deere & Company
2025-02-21,1276096856,DHR,Danaher Corporation
2025-02-21,1276096856,DIS,Walt Disney Company (The)
2025-02-21,1276096856,DOW,Dow Inc.
2025-02-21,1276096856,DUK,Duke Energy
2025-02-21,1276096856,EMR,Emerson Electric
2025-02-21,1276096856,F,Ford Motor Company
2025-02-21,1276096856,FDX,FedEx
2025-02-21,1276096856,GD,General Dynamics
2025-02-21,1276096856,GE,GE Aerospace
2025-02-21,1276096856,GILD,Gilead Sciences
2025-02-21,1276096856,GM,General Motors
2025-02-21,1276096856,GOOG,Alphabet Inc.(Class C)
2025-02-21,1276096856,GOOGL,Alphabet Inc. (Class A)
2025-02-21,1276096856,GS,Goldman Sachs
2025-02-21,1276096856,HD,Home Depot
2025-02-21,1276096856,HON,Honeywell
2025-02-21,1276096856,IBM,IBM
2025-02-21,1276096856,INTC,Intel
2025-02-21,1276096856,INTU,Intuit
2025-02-21,1276096856,JNJ,Johnson & Johnson
2025-02-21,1276096856,JPM,JPMorgan Chase
2025-02-21,1276096856,KHC,Kraft Heinz
2025-02-21,1276096856,KO,Coca-Cola Company (The)
2025-02-21,1276096856,LIN,Linde plc
2025-02-21,1276096856,LLY,Eli Lilly and Company
2025-02-21,1276096856,LMT,Lockheed Martin
2025-02-21,1276096856,LOW,Lowe's
2025-02-21,1276096856,MA,Mastercard
2025-02-21,1276096856,MCD,McDonald's
2025-02-21,1276096856,MDLZ,Mondelēz International
2025-02-21,1276096856,MDT,Medtronic
2025-02-21,1276096856,MET,MetLife
2025-02-21,1276096856,META,Meta Platforms
2025-02-21,1276096856,MMM,3M
2025-02-21,1276096856,MO,Altria
2025-02-21,1276096856,MRK,Merck & Co.
2025-02-21,1276096856,MS,Morgan Stanley
2025-02-21,1276096856,MSFT,Microsoft
2025-02-21,1276096856,NEE,NextEra Energy
2025-02-21,1276096856,NFLX,"Netflix, Inc."
2025-02-21,1276096856,NKE,"Nike, Inc."
2025-02-21,1276096856,NVDA,Nvidia
2025-02-21,1276096856,ORCL,Oracle Corporation
2025-02-21,1276096856,PEP,PepsiCo
2025-02-21,1276096856,PFE,Pfizer
2025-02-21,1276096856,PG,Procter & Gamble
2025-02-21,1276096856,PM,Philip Morris International
2025-02-21,1276096856,PYPL,PayPal
2025-02-21,1276096856,QCOM,Qualcomm
2025-02-21,1276096856,RTX,RTX Corporation
2025-02-21,1276096856,SBUX,Starbucks
2025-02-21,1276096856,SCHW,Charles Schwab Corporation
2025-02-21,1276096856,SO,Southern Company
2025-02-21,1276096856,SPG,Simon Property Group
2025-02-21,1276096856,T,AT&T
2025-02-21,1276096856,TGT,Target Corporation
2025-02-21,1276096856,TMO,Thermo Fisher Scientific
2025-02-21,1276096856,TMUS,T-Mobile US
2025-02-21,1276096856,TSLA,"Tesla, Inc."
2025-02-21,1276096856,TXN,Texas Instruments
2025-02-21,1276096856,UNH,UnitedHealth Group
2025-02-21,1276096856,UNP,Union Pacific Corporation
2025-02-21,1276096856,UPS,United Parcel Service
2025-02-21,1276096856,USB,U.S. Bancorp
2025-02-21,1276096856,V,Visa Inc.
2025-02-21,1276096856,VZ,Verizon
2025-02-21,1276096856,WFC,Wells Fargo
2025-02-21,1276096856,WMT,Walmart
2025-02-21,1276096856,XOM,ExxonMobil
2025-02-28,1276096856,AAPL,Apple Inc.
2025-02-28,1276096856,ABBV,AbbVie
2025-02-28,1276096856,ABT,Abbott Laboratories
2025-02-28,1276096856,ACN,Accenture
2025-02-28,1276096856,ADBE,Adobe Inc.
2025-02-28,1276096856,AIG,American International Group
2025-02-28,1276096856,AMD,Advanced Micro Devices
2025-02-28,1276096856,AMGN,Amgen
2025-02-28,1276096856,AMT,American Tower
2025-02-28,1276096856,AMZN,Amazon
2025-02-28,1276096856,AVGO,Broadcom
2025-02-28,1276096856,AXP,American Express
2025-02-28,1276096856,BA,Boeing
2025-02-28,1276096856,BAC,Bank of America
2025-02-28,1276096856,BK,BNY Mellon
2025-02-28,1276096856,BKNG,Booking Holdings
2025-02-28,1276096856,BLK,BlackRock
2025-02-28,1276096856,BMY,Bristol Myers Squibb
2025-02-28,1276096856,C,Citigroup
2025-02-28,1276096856,CAT,Caterpillar Inc.
2025-02-28,1276096856,CHTR,Charter Communications
2025-02-28,1276096856,CL,Colgate-Palmolive
2025-02-28,1276096856,CMCSA,Comcast
2025-02-28,1276096856,COF,Capital One
2025-02-28,1276096856,COP,ConocoPhillips
2025-02-28,1276096856,COST,Costco
2025-02-28,1276096856,CRM,Salesforce
2025-02-28,1276096856,CSCO,Cisco
2025-02-28,1276096856,CVS,CVS Health
2025-02-28,1276096856,CVX,Chevron Corporation
2025-02-28,1276096856,DE,Deere & Company
2025-02-28,1276096856,DHR,Danaher Corporation
2025-02-28,1276096856,DIS,Walt Disney Company (The)
2025-02-28,1276096856,DOW,Dow Inc.
2025-02-28,1276096856,DUK,Duke Energy
2025-02-28,1276096856,EMR,Emerson Electric
2025-02-28,1276096856,F,Ford Motor Company
2025-02-28,1276096856,FDX,FedEx
2025-02-28,1276096856,GD,General Dynamics
2025-02-28,1276096856,GE,GE Aerospace
2025-02-28,1276096856,GILD,Gilead Sciences
2025-02-28,1276096856,GM,General Motors
2025-02-28,1276096856,GOOG,Alphabet Inc.(Class C)
2025-02-28,1276096856,GOOGL,Alphabet Inc. (Class A)
2025-02-28,1276096856,GS,Goldman Sachs
2025-02-28,1276096856,HD,Home Depot
2025-02-28,1276096856,HON,Honeywell
2025-02-28,1276096856,IBM,IBM
2025-02-28,1276096856,INTC,Intel
2025-02-28,1276096856,INTU,Intuit
2025-02-28,1276096856,JNJ,Johnson & Johnson
2025-02-28,1276096856,JPM,JPMorgan Chase
2025-02-28,1276096856,KHC,Kraft Heinz
2025-02-28,1276096856,KO,Coca-Cola Company (The)
2025-02-28,1276096856,LIN,Linde plc
2025-02-28,1276096856,LLY,Eli Lilly and Company
2025-02-28,1276096856,LMT,Lockheed Martin
2025-02-28,1276096856,LOW,Lowe's
2025-02-28,1276096856,MA,Mastercard
2025-02-28,1276096856,MCD,McDonald's
2025-02-28,1276096856,MDLZ,Mondelēz International
2025-02-28,1276096856,MDT,Medtronic
2025-02-28,1276096856,MET,MetLife
2025-02-28,1276096856,META,Meta Platforms
2025-02-28,1276096856,MMM,3M
2025-02-28,1276096856,MO,Altria
2025-02-28,1276096856,MRK,Merck & Co.
2025-02-28,1276096856,MS,Morgan Stanley
2025-02-28,1276096856,MSFT,Microsoft
2025-02-28,1276096856,NEE,NextEra Energy
2025-02-28,1276096856,NFLX,"Netflix, Inc."
2025-02-28,1276096856,NKE,"Nike, Inc."
2025-02-28,1276096856,NVDA,Nvidia
2025-02-28,1276096856,ORCL,Oracle Corporation
2025-02-28,1276096856,PEP,PepsiCo
2025-02-28,1276096856,PFE,Pfizer
2025-02-28,1276096856,PG,Procter & Gamble
2025-02-28,1276096856,PM,Philip Morris International
2025-02-28,1276096856,PYPL,PayPal
2025-02-28,1276096856,QCOM,Qualcomm
2025-02-28,1276096856,RTX,RTX Corporation
2025-02-28,1276096856,SBUX,Starbucks
2025-02-28,1276096856,SCHW,Charles Schwab Corporation
2025-02-28,1276096856,SO,Southern Company
2025-02-28,1276096856,SPG,Simon Property Group
2025-02-28,1276096856,T,AT&T
2025-02-28,1276096856,TGT,Target Corporation
2025-02-28,1276096856,TMO,Thermo Fisher Scientific
2025-02-28,1276096856,TMUS,T-Mobile US
2025-02-28,1276096856,TSLA,"Tesla, Inc."
2025-02-28,1276096856,TXN,Texas Instruments
2025-02-28,1276096856,UNH,UnitedHealth Group
2025-02-28,1276096856,UNP,Union Pacific Corporation
2025-02-28,1276096856,UPS,United Parcel Service
2025-02-28,1276096856,USB,U.S. Bancorp
2025-02-28,1276096856,V,Visa Inc.
2025-02-28,1276096856,VZ,Verizon
2025-02-28,1276096856,WFC,Wells Fargo
2025-02-28,1276096856,WMT,Walmart
2025-02-28,1276096856,XOM,ExxonMobil
2025-03-07,1276096856,AAPL,Apple Inc.
2025-03-07,1276096856,ABBV,AbbVie
2025-03-07,1276096856,ABT,Abbott Laboratories
2025-03-07,1276096856,ACN,Accenture
2025-03-07,1276096856,ADBE,Adobe Inc.
2025-03-07,1276096856,AIG,American International Group
2025-03-07,1276096856,AMD,Advanced Micro Devices
2025-03-07,1276096856,AMGN,Amgen
2025-03-07,1276096856,AMT,American Tower
2025-03-07,1276096856,AMZN,Amazon
2025-03-07,1276096856,AVGO,Broadcom
2025-03-07,1276096856,AXP,American Express
2025-03-07,1276096856,BA,Boeing
2025-03-07,1276096856,BAC,Bank of America
2025-03-07,1276096856,BK,BNY Mellon
2025-03-07,1276096856,BKNG,Booking Holdings
2025-03-07,1276096856,BLK,BlackRock
2025-03-07,1276096856,BMY,Bristol Myers Squibb
2025-03-07,1276096856,C,Citigroup
2025-03-07,1276096856,CAT,Caterpillar Inc.
2025-03-07,1276096856,CHTR,Charter Communications
2025-03-07,1276096856,CL,Colgate-Palmolive
2025-03-07,1276096856,CMCSA,Comcast
2025-03-07,1276096856,COF,Capital One
2025-03-07,1276096856,COP,ConocoPhillips
2025-03-07,1276096856,COST,Costco
2025-03-07,1276096856,CRM,Salesforce
2025-03-07,1276096856,CSCO,Cisco
2025-03-07,1276096856,CVS,CVS Health
2025-03-07,1276096856,CVX,Chevron Corporation
2025-03-07,1276096856,DE,Deere & Company
2025-03-07,1276096856,DHR,Danaher Corporation
2025-03-07,1276096856,DIS,Walt Disney Company (The)
2025-03-07,1276096856,DOW,Dow Inc.
2025-03-07,1276096856,DUK,Duke Energy
2025-03-07,1276096856,EMR,Emerson Electric
2025-03-07,1276096856,F,Ford Motor Company
2025-03-07,1276096856,FDX,FedEx
2025-03-07,1276096856,GD,General Dynamics
2025-03-07,1276096856,GE,GE Aerospace
2025-03-07,1276096856,GILD,Gilead Sciences
2025-03-07,1276096856,GM,General Motors
2025-03-07,1276096856,GOOG,Alphabet Inc.(Class C)
2025-03-07,1276096856,GOOGL,Alphabet Inc. (Class A)
2025-03-07,1276096856,GS,Goldman Sachs
2025-03-07,1276096856,HD,Home Depot
2025-03-07,1276096856,HON,Honeywell
2025-03-07,1276096856,IBM,IBM
2025-03-07,1276096856,INTC,Intel
2025-03-07,1276096856,INTU,Intuit
2025-03-07,1276096856,JNJ,Johnson & Johnson
2025-03-07,1276096856,JPM,JPMorgan Chase
2025-03-07,1276096856,KHC,Kraft Heinz
2025-03-07,1276096856,KO,Coca-Cola Company (The)
2025-03-07,1276096856,LIN,Linde plc
2025-03-07,1276096856,LLY,Eli Lilly and Company
2025-03-07,1276096856,LMT,Lockheed Martin
2025-03-07,1276096856,LOW,Lowe's
2025-03-07,1276096856,MA,Mastercard
2025-03-07,1276096856,MCD,McDonald's
2025-03-07,1276096856,MDLZ,Mondelēz International
2025-03-07,1276096856,MDT,Medtronic
2025-03-07,1276096856,MET,MetLife
2025-03-07,1276096856,META,Meta Platforms
2025-03-07,1276096856,MMM,3M
2025-03-07,1276096856,MO,Altria
2025-03-07,1276096856,MRK,Merck & Co.
2025-03-07,1276096856,MS,Morgan Stanley
2025-03-07,1276096856,MSFT,Microsoft
2025-03-07,1276096856,NEE,NextEra Energy
2025-03-07,1276096856,NFLX,"Netflix, Inc."
2025-03-07,1276096856,NKE,"Nike, Inc."
2025-03-07,1276096856,NVDA,Nvidia
2025-03-07,1276096856,ORCL,Oracle Corporation
2025-03-07,1276096856,PEP,PepsiCo
2025-03-07,1276096856,PFE,Pfizer
2025-03-07,1276096856,PG,Procter & Gamble
2025-03-07,1276096856,PM,Philip Morris International
2025-03-07,1276096856,PYPL,PayPal
2025-03-07,1276096856,QCOM,Qualcomm
2025-03-07,1276096856,RTX,RTX Corporation
2025-03-07,1276096856,SBUX,Starbucks
2025-03-07,1276096856,SCHW,Charles Schwab Corporation
2025-03-07,1276096856,SO,Southern Company
2025-03-07,1276096856,SPG,Simon Property Group
2025-03-07,1276096856,T,AT&T
2025-03-07,1276096856,TGT,Target Corporation
2025-03-07,1276096856,TMO,Thermo Fisher Scientific
2025-03-07,1276096856,TMUS,T-Mobile US
2025-03-07,1276096856,TSLA,"Tesla, Inc."
2025-03-07,1276096856,TXN,Texas Instruments
2025-03-07,1276096856,UNH,UnitedHealth Group
2025-03-07,1276096856,UNP,Union Pacific Corporation
2025-03-07,1276096856,UPS,United Parcel Service
2025-03-07,1276096856,USB,U.S. Bancorp
2025-03-07,1276096856,V,Visa Inc.
2025-03-07,1276096856,VZ,Verizon
2025-03-07,1276096856,WFC,Wells Fargo
2025-03-07,1276096856,WMT,Walmart
2025-03-07,1276096856,XOM,ExxonMobil
2025-03-14,1276096856,AAPL,Apple Inc.
2025-03-14,1276096856,ABBV,AbbVie
2025-03-14,1276096856,ABT,Abbott Laboratories
2025-03-14,1276096856,ACN,Accenture
2025-03-14,1276096856,ADBE,Adobe Inc.
2025-03-14,1276096856,AIG,American International Group
2025-03-14,1276096856,AMD,Advanced Micro Devices
2025-03-14,1276096856,AMGN,Amgen
2025-03-14,1276096856,AMT,American Tower
2025-03-14,1276096856,AMZN,Amazon
2025-03-14,1276096856,AVGO,Broadcom
2025-03-14,1276096856,AXP,American Express
2025-03-14,1276096856,BA,Boeing
2025-03-14,1276096856,BAC,Bank of America
2025-03-14,1276096856,BK,BNY Mellon
2025-03-14,1276096856,BKNG,Booking Holdings
2025-03-14,1276096856,BLK,BlackRock
2025-03-14,1276096856,BMY,Bristol Myers Squibb
2025-03-14,1276096856,C,Citigroup
2025-03-14,1276096856,CAT,Caterpillar Inc.
2025-03-14,1276096856,CHTR,Charter Communications
2025-03-14,1276096856,CL,Colgate-Palmolive
2025-03-14,1276096856,CMCSA,Comcast
2025-03-14,1276096856,COF,Capital One
2025-03-14,1276096856,COP,ConocoPhillips
2025-03-14,1276096856,COST,Costco
2025-03-14,1276096856,CRM,Salesforce
2025-03-14,1276096856,CSCO,Cisco
2025-03-14,1276096856,CVS,CVS Health
2025-03-14,1276096856,CVX,Chevron Corporation
2025-03-14,1276096856,DE,Deere & Company
2025-03-14,1276096856,DHR,Danaher Corporation
2025-03-14,1276096856,DIS,Walt Disney Company (The)
2025-03-14,1276096856,DOW,Dow Inc.
2025-03-14,1276096856,DUK,Duke Energy
2025-03-14,1276096856,EMR,Emerson Electric
2025-03-14,1276096856,F,Ford Motor Company
2025-03-14,1276096856,FDX,FedEx
2025-03-14,1276096856,GD,General Dynamics
2025-03-14,1276096856,GE,GE Aerospace
2025-03-14,1276096856,GILD,Gilead Sciences
2025-03-14,1276096856,GM,General Motors
2025-03-14,1276096856,GOOG,Alphabet Inc.(Class C)
2025-03-14,1276096856,GOOGL,Alphabet Inc. (Class A)
2025-03-14,1276096856,GS,Goldman Sachs
2025-03-14,1276096856,HD,Home Depot
2025-03-14,1276096856,HON,Honeywell
2025-03-14,1276096856,IBM,IBM
2025-03-14,1276096856,INTC,Intel
2025-03-14,1276096856,INTU,Intuit
2025-03-14,1276096856,JNJ,Johnson & Johnson
2025-03-14,1276096856,JPM,JPMorgan Chase
2025-03-14,1276096856,KHC,Kraft Heinz
2025-03-14,1276096856,KO,Coca-Cola Company (The)
2025-03-14,1276096856,LIN,Linde plc
2025-03-14,1276096856,LLY,Eli Lilly and Company
2025-03-14,1276096856,LMT,Lockheed Martin
2025-03-14,1276096856,LOW,Lowe's
2025-03-14,1276096856,MA,Mastercard
2025-03-14,1276096856,MCD,McDonald's
2025-03-14,1276096856,MDLZ,Mondelēz International
2025-03-14,1276096856,MDT,Medtronic
2025-03-14,1276096856,MET,MetLife
2025-03-14,1276096856,META,Meta Platforms
2025-03-14,1276096856,MMM,3M
2025-03-14,1276096856,MO,Altria
2025-03-14,1276096856,MRK,Merck & Co.
2025-03-14,1276096856,MS,Morgan Stanley
2025-03-14,1276096856,MSFT,Microsoft
2025-03-14,1276096856,NEE,NextEra Energy
2025-03-14,1276096856,NFLX,"Netflix, Inc."
2025-03-14,1276096856,NKE,"Nike, Inc."
2025-03-14,1276096856,NVDA,Nvidia
2025-03-14,1276096856,ORCL,Oracle Corporation
2025-03-14,1276096856,PEP,PepsiCo
2025-03-14,1276096856,PFE,Pfizer
2025-03-14,1276096856,PG,Procter & Gamble
2025-03-14,1276096856,PM,Philip Morris International
2025-03-14,1276096856,PYPL,PayPal
2025-03-14,1276096856,QCOM,Qualcomm
2025-03-14,1276096856,RTX,RTX Corporation
2025-03-14,1276096856,SBUX,Starbucks
2025-03-14,1276096856,SCHW,Charles Schwab Corporation
2025-03-14,1276096856,SO,Southern Company
2025-03-14,1276096856,SPG,Simon Property Group
2025-03-14,1276096856,T,AT&T
2025-03-14,1276096856,TGT,Target Corporation
2025-03-14,1276096856,TMO,Thermo Fisher Scientific
2025-03-14,1276096856,TMUS,T-Mobile US
2025-03-14,1276096856,TSLA,"Tesla, Inc."
2025-03-14,1276096856,TXN,Texas Instruments
2025-03-14,1276096856,UNH,UnitedHealth Group
2025-03-14,1276096856,UNP,Union Pacific Corporation
2025-03-14,1276096856,UPS,United Parcel Service
2025-03-14,1276096856,USB,U.S. Bancorp
2025-03-14,1276096856,V,Visa Inc.
2025-03-14,1276096856,VZ,Verizon
2025-03-14,1276096856,WFC,Wells Fargo
2025-03-14,1276096856,WMT,Walmart
2025-03-14,1276096856,XOM,ExxonMobil
2025-03-21,1276096856,AAPL,Apple Inc.
2025-03-21,1276096856,ABBV,AbbVie
2025-03-21,1276096856,ABT,Abbott Laboratories
2025-03-21,1276096856,ACN,Accenture
2025-03-21,1276096856,ADBE,Adobe Inc.
2025-03-21,1276096856,AIG,American International Group
2025-03-21,1276096856,AMD,Advanced Micro Devices
2025-03-21,1276096856,AMGN,Amgen
2025-03-21,1276096856,AMT,American Tower
2025-03-21,1276096856,AMZN,Amazon
2025-03-21,1276096856,AVGO,Broadcom
2025-03-21,1276096856,AXP,American Express
2025-03-21,1276096856,BA,Boeing
2025-03-21,1276096856,BAC,Bank of America
2025-03-21,1276096856,BK,BNY Mellon
2025-03-21,1276096856,BKNG,Booking Holdings
2025-03-21,1276096856,BLK,BlackRock
2025-03-21,1276096856,BMY,Bristol Myers Squibb
2025-03-21,1276096856,C,Citigroup
2025-03-21,1276096856,CAT,Caterpillar Inc.
2025-03-21,1276096856,CHTR,Charter Communications
2025-03-21,1276096856,CL,Colgate-Palmolive
2025-03-21,1276096856,CMCSA,Comcast
2025-03-21,1276096856,COF,Capital One
2025-03-21,1276096856,COP,ConocoPhillips
2025-03-21,1276096856,COST,Costco
2025-03-21,1276096856,CRM,Salesforce
2025-03-21,1276096856,CSCO,Cisco
2025-03-21,1276096856,CVS,CVS Health
2025-03-21,1276096856,CVX,Chevron Corporation
2025-03-21,1276096856,DE,Deere & Company
2025-03-21,1276096856,DHR,Danaher Corporation
2025-03-21,1276096856,DIS,Walt Disney Company (The)
2025-03-21,1276096856,DOW,Dow Inc.
2025-03-21,1276096856,DUK,Duke Energy
2025-03-21,1276096856,EMR,Emerson Electric
2025-03-21,1276096856,F,Ford Motor Company
2025-03-21,1276096856,FDX,FedEx
2025-03-21,1276096856,GD,General Dynamics
2025-03-21,1276096856,GE,GE Aerospace
2025-03-21,1276096856,GILD,Gilead Sciences
2025-03-21,1276096856,GM,General Motors
2025-03-21,1276096856,GOOG,Alphabet Inc.(Class C)
2025-03-21,1276096856,GOOGL,Alphabet Inc. (Class A)
2025-03-21,1276096856,GS,Goldman Sachs
2025-03-21,1276096856,HD,Home Depot
2025-03-21,1276096856,HON,Honeywell
2025-03-21,1276096856,IBM,IBM
2025-03-21,1276096856,INTC,Intel
2025-03-21,1276096856,INTU,Intuit
2025-03-21,1276096856,JNJ,Johnson & Johnson
2025-03-21,1276096856,JPM,JPMorgan Chase
2025-03-21,1276096856,KHC,Kraft Heinz
2025-03-21,1276096856,KO,Coca-Cola Company (The)
2025-03-21,1276096856,LIN,Linde plc
2025-03-21,1276096856,LLY,Eli Lilly and Company
2025-03-21,1276096856,LMT,Lockheed Martin
2025-03-21,1276096856,LOW,Lowe's
2025-03-21,1276096856,MA,Mastercard
2025-03-21,1276096856,MCD,McDonald's
2025-03-21,1276096856,MDLZ,Mondelēz International
2025-03-21,1276096856,MDT,Medtronic
2025-03-21,1276096856,MET,MetLife
2025-03-21,1276096856,META,Meta Platforms
2025-03-21,1276096856,MMM,3M
2025-03-21,1276096856,MO,Altria
2025-03-21,1276096856,MRK,Merck & Co.
2025-03-21,1276096856,MS,Morgan Stanley
2025-03-21,1276096856,MSFT,Microsoft
2025-03-21,1276096856,NEE,NextEra Energy
2025-03-21,1276096856,NFLX,"Netflix, Inc."
2025-03-21,1276096856,NKE,"Nike, Inc."
2025-03-21,1276096856,NVDA,Nvidia
2025-03-21,1276096856,ORCL,Oracle Corporation
2025-03-21,1276096856,PEP,PepsiCo
2025-03-21,1276096856,PFE,Pfizer
2025-03-21,1276096856,PG,Procter & Gamble
2025-03-21,1276096856,PM,Philip Morris International
2025-03-21,1276096856,PYPL,PayPal
2025-03-21,1276096856,QCOM,Qualcomm
2025-03-21,1276096856,RTX,RTX Corporation
2025-03-21,1276096856,SBUX,Starbucks
2025-03-21,1276096856,SCHW,Charles Schwab Corporation
2025-03-21,1276096856,SO,Southern Company
2025-03-21,1276096856,SPG,Simon Property Group
2025-03-21,1276096856,T,AT&T
2025-03-21,1276096856,TGT,Target Corporation
2025-03-21,1276096856,TMO,Thermo Fisher Scientific
2025-03-21,1276096856,TMUS,T-Mobile US
2025-03-21,1276096856,TSLA,"Tesla, Inc."
2025-03-21,1276096856,TXN,Texas Instruments
2025-03-21,1276096856,UNH,UnitedHealth Group
2025-03-21,1276096856,UNP,Union Pacific Corporation
2025-03-21,1276096856,UPS,United Parcel Service
2025-03-21,1276096856,USB,U.S. Bancorp
2025-03-21,1276096856,V,Visa Inc.
2025-03-21,1276096856,VZ,Verizon
2025-03-21,1276096856,WFC,Wells Fargo
2025-03-21,1276096856,WMT,Walmart
2025-03-21,1276096856,XOM,ExxonMobil
2025-03-28,1282496683,AAPL,Apple Inc.
2025-03-28,1282496683,ABBV,AbbVie
2025-03-28,1282496683,ABT,Abbott Laboratories
2025-03-28,1282496683,ACN,Accenture
2025-03-28,1282496683,ADBE,Adobe Inc.
2025-03-28,1282496683,AIG,American International Group
2025-03-28,1282496683,AMD,Advanced Micro Devices
2025-03-28,1282496683,AMGN,Amgen
2025-03-28,1282496683,AMT,American Tower
2025-03-28,1282496683,AMZN,Amazon
2025-03-28,1282496683,AVGO,Broadcom
2025-03-28,1282496683,AXP,American Express
2025-03-28,1282496683,BA,Boeing
2025-03-28,1282496683,BAC,Bank of America
2025-03-28,1282496683,BK,BNY Mellon
2025-03-28,1282496683,BKNG,Booking Holdings
2025-03-28,1282496683,BLK,BlackRock
2025-03-28,1282496683,BMY,Bristol Myers Squibb
2025-03-28,1282496683,C,Citigroup
2025-03-28,1282496683,CAT,Caterpillar Inc.
2025-03-28,1282496683,CHTR,Charter Communications
2025-03-28,1282496683,CL,Colgate-Palmolive
2025-03-28,1282496683,CMCSA,Comcast
2025-03-28,1282496683,COF,Capital One
2025-03-28,1282496683,COP,ConocoPhillips
2025-03-28,1282496683,COST,Costco
2025-03-28,1282496683,CRM,Salesforce
2025-03-28,1282496683,CSCO,Cisco
2025-03-28,1282496683,CVS,CVS Health
2025-03-28,1282496683,CVX,Chevron Corporation
2025-03-28,1282496683,DE,Deere & Company
2025-03-28,1282496683,DHR,Danaher Corporation
2025-03-28,1282496683,DIS,Walt Disney Company (The)
2025-03-28,1282496683,DUK,Duke Energy
2025-03-28,1282496683,EMR,Emerson Electric
2025-03-28,1282496683,FDX,FedEx
2025-03-28,1282496683,GD,General Dynamics
2025-03-28,1282496683,GE,GE Aerospace
2025-03-28,1282496683,GILD,Gilead Sciences
2025-03-28,1282496683,GM,General Motors
2025-03-28,1282496683,GOOG,Alphabet Inc.(Class C)
2025-03-28,1282496683,GOOGL,Alphabet Inc. (Class A)
2025-03-28,1282496683,GS,Goldman Sachs
2025-03-28,1282496683,HD,Home Depot
2025-03-28,1282496683,HON,Honeywell
2025-03-28,1282496683,IBM,IBM
2025-03-28,1282496683,INTC,Intel
2025-03-28,1282496683,INTU,Intuit
2025-03-28,1282496683,ISRG,Intuitive Surgical
2025-03-28,1282496683,JNJ,Johnson & Johnson
2025-03-28,1282496683,JPM,JPMorgan Chase
2025-03-28,1282496683,KO,Coca-Cola Company (The)
2025-03-28,1282496683,LIN,Linde plc
2025-03-28,1282496683,LLY,Eli Lilly and Company
2025-03-28,1282496683,LMT,Lockheed Martin
2025-03-28,1282496683,LOW,Lowe's
2025-03-28,1282496683,MA,Mastercard
2025-03-28,1282496683,MCD,McDonald's
2025-03-28,1282496683,MDLZ,Mondelēz International
2025-03-28,1282496683,MDT,Medtronic
2025-03-28,1282496683,MET,MetLife
2025-03-28,1282496683,META,Meta Platforms
2025-03-28,1282496683,MMM,3M
2025-03-28,1282496683,MO,Altria
2025-03-28,1282496683,MRK,Merck & Co.
2025-03-28,1282496683,MS,Morgan Stanley
2025-03-28,1282496683,MSFT,Microsoft
2025-03-28,1282496683,NEE,NextEra Energy
2025-03-28,1282496683,NFLX,"Netflix, Inc."
2025-03-28,1282496683,NKE,"Nike, Inc."
2025-03-28,1282496683,NOW,ServiceNow
2025-03-28,1282496683,NVDA,Nvidia
2025-03-28,1282496683,ORCL,Oracle Corporation
2025-03-28,1282496683,PEP,PepsiCo
2025-03-28,1282496683,PFE,Pfizer
2025-03-28,1282496683,PG,Procter & Gamble
2025-03-28,1282496683,PLTR,Palantir Technologies
2025-03-28,1282496683,PM,Philip Morris International
2025-03-28,1282496683,PYPL,PayPal
2025-03-28,1282496683,QCOM,Qualcomm
2025-03-28,1282496683,RTX,RTX Corporation
2025-03-28,1282496683,SBUX,Starbucks
2025-03-28,1282496683,SCHW,Charles Schwab Corporation
2025-03-28,1282496683,SO,Southern Company
2025-03-28,1282496683,SPG,Simon Property Group
2025-03-28,1282496683,T,AT&T
2025-03-28,1282496683,TGT,Target Corporation
2025-03-28,1282496683,TMO,Thermo Fisher Scientific
2025-03-28,1282496683,TMUS,T-Mobile US
2025-03-28,1282496683,TSLA,"Tesla, Inc."
2025-03-28,1282496683,TXN,Texas Instruments
2025-03-28,1282496683,UNH,UnitedHealth Group
2025-03-28,1282496683,UNP,Union Pacific Corporation
2025-03-28,1282496683,UPS,United Parcel Service
2025-03-28,1282496683,USB,U.S. Bancorp
2025-03-28,1282496683,V,Visa Inc.
2025-03-28,1282496683,VZ,Verizon
2025-03-28,1282496683,WFC,Wells Fargo
2025-03-28,1282496683,WMT,Walmart
2025-03-28,1282496683,XOM,ExxonMobil
2025-04-04,1282496683,AAPL,Apple Inc.
2025-04-04,1282496683,ABBV,AbbVie
2025-04-04,1282496683,ABT,Abbott Laboratories
2025-04-04,1282496683,ACN,Accenture
2025-04-04,1282496683,ADBE,Adobe Inc.
2025-04-04,1282496683,AIG,American International Group
2025-04-04,1282496683,AMD,Advanced Micro Devices
2025-04-04,1282496683,AMGN,Amgen
2025-04-04,1282496683,AMT,American Tower
2025-04-04,1282496683,AMZN,Amazon
2025-04-04,1282496683,AVGO,Broadcom
2025-04-04,1282496683,AXP,American Express
2025-04-04,1282496683,BA,Boeing
2025-04-04,1282496683,BAC,Bank of America
2025-04-04,1282496683,BK,BNY Mellon
2025-04-04,1282496683,BKNG,Booking Holdings
2025-04-04,1282496683,BLK,BlackRock
2025-04-04,1282496683,BMY,Bristol Myers Squibb
2025-04-04,1282496683,C,Citigroup
2025-04-04,1282496683,CAT,Caterpillar Inc.
2025-04-04,1282496683,CHTR,Charter Communications
2025-04-04,1282496683,CL,Colgate-Palmolive
2025-04-04,1282496683,CMCSA,Comcast
2025-04-04,1282496683,COF,Capital One
2025-04-04,1282496683,COP,ConocoPhillips
2025-04-04,1282496683,COST,Costco
2025-04-04,1282496683,CRM,Salesforce
2025-04-04,1282496683,CSCO,Cisco
2025-04-04,1282496683,CVS,CVS Health
2025-04-04,1282496683,CVX,Chevron Corporation
2025-04-04,1282496683,DE,Deere & Company
2025-04-04,1282496683,DHR,Danaher Corporation
2025-04-04,1282496683,DIS,Walt Disney Company (The)
2025-04-04,1282496683,DUK,Duke Energy
2025-04-04,1282496683,EMR,Emerson Electric
2025-04-04,1282496683,FDX,FedEx
2025-04-04,1282496683,GD,General Dynamics
2025-04-04,1282496683,GE,GE Aerospace
2025-04-04,1282496683,GILD,Gilead Sciences
2025-04-04,1282496683,GM,General Motors
2025-04-04,1282496683,GOOG,Alphabet Inc.(Class C)
2025-04-04,1282496683,GOOGL,Alphabet Inc. (Class A)
2025-04-04,1282496683,GS,Goldman Sachs
2025-04-04,1282496683,HD,Home Depot
2025-04-04,1282496683,HON,Honeywell
2025-04-04,1282496683,IBM,IBM
2025-04-04,1282496683,INTC,Intel
2025-04-04,1282496683,INTU,Intuit
2025-04-04,1282496683,ISRG,Intuitive Surgical
2025-04-04,1282496683,JNJ,Johnson & Johnson
2025-04-04,1282496683,JPM,JPMorgan Chase
2025-04-04,1282496683,KO,Coca-Cola Company (The)
2025-04-04,1282496683,LIN,Linde plc
2025-04-04,1282496683,LLY,Eli Lilly and Company
2025-04-04,1282496683,LMT,Lockheed Martin
2025-04-04,1282496683,LOW,Lowe's
2025-04-04,1282496683,MA,Mastercard
2025-04-04,1282496683,MCD,McDonald's
2025-04-04,1282496683,MDLZ,Mondelēz International
2025-04-04,1282496683,MDT,Medtronic
2025-04-04,1282496683,MET,MetLife
2025-04-04,1282496683,META,Meta Platforms
2025-04-04,1282496683,MMM,3M
2025-04-04,1282496683,MO,Altria
2025-04-04,1282496683,MRK,Merck & Co.
2025-04-04,1282496683,MS,Morgan Stanley
2025-04-04,1282496683,MSFT,Microsoft
2025-04-04,1282496683,NEE,NextEra Energy
2025-04-04,1282496683,NFLX,"Netflix, Inc."
2025-04-04,1282496683,NKE,"Nike, Inc."
2025-04-04,1282496683,NOW,ServiceNow
2025-04-04,1282496683,NVDA,Nvidia
2025-04-04,1282496683,ORCL,Oracle Corporation
2025-04-04,1282496683,PEP,PepsiCo
2025-04-04,1282496683,PFE,Pfizer
2025-04-04,1282496683,PG,Procter & Gamble
2025-04-04,1282496683,PLTR,Palantir Technologies
2025-04-04,1282496683,PM,Philip Morris International
2025-04-04,1282496683,PYPL,PayPal
2025-04-04,1282496683,QCOM,Qualcomm
2025-04-04,1282496683,RTX,RTX Corporation
2025-04-04,1282496683,SBUX,Starbucks
2025-04-04,1282496683,SCHW,Charles Schwab Corporation
2025-04-04,1282496683,SO,Southern Company
2025-04-04,1282496683,SPG,Simon Property Group
2025-04-04,1282496683,T,AT&T
2025-04-04,1282496683,TGT,Target Corporation
2025-04-04,1282496683,TMO,Thermo Fisher Scientific
2025-04-04,1282496683,TMUS,T-Mobile US
2025-04-04,1282496683,TSLA,"Tesla, Inc."
2025-04-04,1282496683,TXN,Texas Instruments
2025-04-04,1282496683,UNH,UnitedHealth Group
2025-04-04,1282496683,UNP,Union Pacific Corporation
2025-04-04,1282496683,UPS,United Parcel Service
2025-04-04,1282496683,USB,U.S. Bancorp
2025-04-04,1282496683,V,Visa Inc.
2025-04-04,1282496683,VZ,Verizon
2025-04-04,1282496683,WFC,Wells Fargo
2025-04-04,1282496683,WMT,Walmart
2025-04-04,1282496683,XOM,ExxonMobil
2025-04-11,1284761024,AAPL,Apple Inc.
2025-04-11,1284761024,ABBV,AbbVie
2025-04-11,1284761024,ABT,Abbott Laboratories
2025-04-11,1284761024,ACN,Accenture
2025-04-11,1284761024,ADBE,Adobe Inc.
2025-04-11,1284761024,AIG,American International Group
2025-04-11,1284761024,AMD,Advanced Micro Devices
2025-04-11,1284761024,AMGN,Amgen
2025-04-11,1284761024,AMT,American Tower
2025-04-11,1284761024,AMZN,Amazon
2025-04-11,1284761024,AVGO,Broadcom
2025-04-11,1284761024,AXP,American Express
2025-04-11,1284761024,BA,Boeing
2025-04-11,1284761024,BAC,Bank of America
2025-04-11,1284761024,BK,BNY Mellon
2025-04-11,1284761024,BKNG,Booking Holdings
2025-04-11,1284761024,BLK,BlackRock
2025-04-11,1284761024,BMY,Bristol Myers Squibb
2025-04-11,1284761024,C,Citigroup
2025-04-11,1284761024,CAT,Caterpillar Inc.
2025-04-11,1284761024,CHTR,Charter Communications
2025-04-11,1284761024,CL,Colgate-Palmolive
2025-04-11,1284761024,CMCSA,Comcast
2025-04-11,1284761024,COF,Capital One
2025-04-11,1284761024,COP,ConocoPhillips
2025-04-11,1284761024,COST,Costco
2025-04-11,1284761024,CRM,Salesforce
2025-04-11,1284761024,CSCO,Cisco
2025-04-11,1284761024,CVS,CVS Health
2025-04-11,1284761024,CVX,Chevron Corporation
2025-04-11,1284761024,DE,Deere & Company
2025-04-11,1284761024,DHR,Danaher Corporation
2025-04-11,1284761024,DIS,Walt Disney Company (The)
2025-04-11,1284761024,DUK,Duke Energy
2025-04-11,1284761024,EMR,Emerson Electric
2025-04-11,1284761024,FDX,FedEx
2025-04-11,1284761024,GD,General Dynamics
2025-04-11,1284761024,GE,GE Aerospace
2025-04-11,1284761024,GILD,Gilead Sciences
2025-04-11,1284761024,GM,General Motors
2025-04-11,1284761024,GOOG,Alphabet Inc.(Class C)
2025-04-11,1284761024,GOOGL,Alphabet Inc. (Class A)
2025-04-11,1284761024,GS,Goldman Sachs
2025-04-11,1284761024,HD,Home Depot
2025-04-11,1284761024,HON,Honeywell
2025-04-11,1284761024,IBM,IBM
2025-04-11,1284761024,INTC,Intel
2025-04-11,1284761024,INTU,Intuit
2025-04-11,1284761024,ISRG,Intuitive Surgical
2025-04-11,1284761024,JNJ,Johnson & Johnson
2025-04-11,1284761024,JPM,JPMorgan Chase
2025-04-11,1284761024,KO,Coca-Cola Company (The)
2025-04-11,1284761024,LIN,Linde plc
2025-04-11,1284761024,LLY,Eli Lilly and Company
2025-04-11,1284761024,LMT,Lockheed Martin
2025-04-11,1284761024,LOW,Lowe's
2025-04-11,1284761024,MA,Mastercard
2025-04-11,1284761024,MCD,McDonald's
2025-04-11,1284761024,MDLZ,Mondelēz International
2025-04-11,1284761024,MDT,Medtronic
2025-04-11,1284761024,MET,MetLife
2025-04-11,1284761024,META,Meta Platforms
2025-04-11,1284761024,MMM,3M
2025-04-11,1284761024,MO,Altria
2025-04-11,1284761024,MRK,Merck & Co.
2025-04-11,1284761024,MS,Morgan Stanley
2025-04-11,1284761024,MSFT,Microsoft
2025-04-11,1284761024,NEE,NextEra Energy
2025-04-11,1284761024,NFLX,"Netflix, Inc."
2025-04-11,1284761024,NKE,"Nike, Inc."
2025-04-11,1284761024,NOW,ServiceNow
2025-04-11,1284761024,NVDA,Nvidia
2025-04-11,1284761024,ORCL,Oracle Corporation
2025-04-11,1284761024,PEP,PepsiCo
2025-04-11,1284761024,PFE,Pfizer
2025-04-11,1284761024,PG,Procter & Gamble
2025-04-11,1284761024,PLTR,Palantir Technologies
2025-04-11,1284761024,PM,Philip Morris International
2025-04-11,1284761024,PYPL,PayPal
2025-04-11,1284761024,QCOM,Qualcomm
2025-04-11,1284761024,RTX,RTX Corporation
2025-04-11,1284761024,SBUX,Starbucks
2025-04-11,1284761024,SCHW,Charles Schwab Corporation
2025-04-11,1284761024,SO,Southern Company
2025-04-11,1284761024,SPG,Simon Property Group
2025-04-11,1284761024,T,AT&T
2025-04-11,1284761024,TGT,Target Corporation
2025-04-11,1284761024,TMO,Thermo Fisher Scientific
2025-04-11,1284761024,TMUS,T-Mobile US
2025-04-11,1284761024,TSLA,"Tesla, Inc."
2025-04-11,1284761024,TXN,Texas Instruments
2025-04-11,1284761024,UNH,UnitedHealth Group
2025-04-11,1284761024,UNP,Union Pacific Corporation
2025-04-11,1284761024,UPS,United Parcel Service
2025-04-11,1284761024,USB,U.S. Bancorp
2025-04-11,1284761024,V,Visa Inc.
2025-04-11,1284761024,VZ,Verizon
2025-04-11,1284761024,WFC,Wells Fargo
2025-04-11,1284761024,WMT,Walmart
2025-04-11,1284761024,XOM,ExxonMobil
2025-04-18,1284761024,AAPL,Apple Inc.
2025-04-18,1284761024,ABBV,AbbVie
2025-04-18,1284761024,ABT,Abbott Laboratories
2025-04-18,1284761024,ACN,Accenture
2025-04-18,1284761024,ADBE,Adobe Inc.
2025-04-18,1284761024,AIG,American International Group
2025-04-18,1284761024,AMD,Advanced Micro Devices
2025-04-18,1284761024,AMGN,Amgen
2025-04-18,1284761024,AMT,American Tower
2025-04-18,1284761024,AMZN,Amazon
2025-04-18,1284761024,AVGO,Broadcom
2025-04-18,1284761024,AXP,American Express
2025-04-18,1284761024,BA,Boeing
2025-04-18,1284761024,BAC,Bank of America
2025-04-18,1284761024,BK,BNY Mellon
2025-04-18,1284761024,BKNG,Booking Holdings
2025-04-18,1284761024,BLK,BlackRock
2025-04-18,1284761024,BMY,Bristol Myers Squibb
2025-04-18,1284761024,C,Citigroup
2025-04-18,1284761024,CAT,Caterpillar Inc.
2025-04-18,1284761024,CHTR,Charter Communications
2025-04-18,1284761024,CL,Colgate-Palmolive
2025-04-18,1284761024,CMCSA,Comcast
2025-04-18,1284761024,COF,Capital One
2025-04-18,1284761024,COP,ConocoPhillips
2025-04-18,1284761024,COST,Costco
2025-04-18,1284761024,CRM,Salesforce
2025-04-18,1284761024,CSCO,Cisco
2025-04-18,1284761024,CVS,CVS Health
2025-04-18,1284761024,CVX,Chevron Corporation
2025-04-18,1284761024,DE,Deere & Company
2025-04-18,1284761024,DHR,Danaher Corporation
2025-04-18,1284761024,DIS,Walt Disney Company (The)
2025-04-18,1284761024,DUK,Duke Energy
2025-04-18,1284761024,EMR,Emerson Electric
2025-04-18,1284761024,FDX,FedEx
2025-04-18,1284761024,GD,General Dynamics
2025-04-18,1284761024,GE,GE Aerospace
2025-04-18,1284761024,GILD,Gilead Sciences
2025-04-18,1284761024,GM,General Motors
2025-04-18,1284761024,GOOG,Alphabet Inc.(Class C)
2025-04-18,1284761024,GOOGL,Alphabet Inc. (Class A)
2025-04-18,1284761024,GS,Goldman Sachs
2025-04-18,1284761024,HD,Home Depot
2025-04-18,1284761024,HON,Honeywell
2025-04-18,1284761024,IBM,IBM
2025-04-18,1284761024,INTC,Intel
2025-04-18,1284761024,INTU,Intuit
2025-04-18,1284761024,ISRG,Intuitive Surgical
2025-04-18,1284761024,JNJ,Johnson & Johnson
2025-04-18,1284761024,JPM,JPMorgan Chase
2025-04-18,1284761024,KO,Coca-Cola Company (The)
2025-04-18,1284761024,LIN,Linde plc
2025-04-18,1284761024,LLY,Eli Lilly and Company
2025-04-18,1284761024,LMT,Lockheed Martin
2025-04-18,1284761024,LOW,Lowe's
2025-04-18,1284761024,MA,Mastercard
2025-04-18,1284761024,MCD,McDonald's
2025-04-18,1284761024,MDLZ,Mondelēz International
2025-04-18,1284761024,MDT,Medtronic
2025-04-18,1284761024,MET,MetLife
2025-04-18,1284761024,META,Meta Platforms
2025-04-18,1284761024,MMM,3M
2025-04-18,1284761024,MO,Altria
2025-04-18,1284761024,MRK,Merck & Co.
2025-04-18,1284761024,MS,Morgan Stanley
2025-04-18,1284761024,MSFT,Microsoft
2025-04-18,1284761024,NEE,NextEra Energy
2025-04-18,1284761024,NFLX,"Netflix, Inc."
2025-04-18,1284761024,NKE,"Nike, Inc."
2025-04-18,1284761024,NOW,ServiceNow
2025-04-18,1284761024,NVDA,Nvidia
2025-04-18,1284761024,ORCL,Oracle Corporation
2025-04-18,1284761024,PEP,PepsiCo
2025-04-18,1284761024,PFE,Pfizer
2025-04-18,1284761024,PG,Procter & Gamble
2025-04-18,1284761024,PLTR,Palantir Technologies
2025-04-18,1284761024,PM,Philip Morris International
2025-04-18,1284761024,PYPL,PayPal
2025-04-18,1284761024,QCOM,Qualcomm
2025-04-18,1284761024,RTX,RTX Corporation
2025-04-18,1284761024,SBUX,Starbucks
2025-04-18,1284761024,SCHW,Charles Schwab Corporation
2025-04-18,1284761024,SO,Southern Company
2025-04-18,1284761024,SPG,Simon Property Group
2025-04-18,1284761024,T,AT&T
2025-04-18,1284761024,TGT,Target Corporation
2025-04-18,1284761024,TMO,Thermo Fisher Scientific
2025-04-18,1284761024,TMUS,T-Mobile US
2025-04-18,1284761024,TSLA,"Tesla, Inc."
2025-04-18,1284761024,TXN,Texas Instruments
2025-04-18,1284761024,UNH,UnitedHealth Group
2025-04-18,1284761024,UNP,Union Pacific Corporation
2025-04-18,1284761024,UPS,United Parcel Service
2025-04-18,1284761024,USB,U.S. Bancorp
2025-04-18,1284761024,V,Visa Inc.
2025-04-18,1284761024,VZ,Verizon
2025-04-18,1284761024,WFC,Wells Fargo
2025-04-18,1284761024,WMT,Walmart
2025-04-18,1284761024,XOM,ExxonMobil
2025-04-25,1284761024,AAPL,Apple Inc.
2025-04-25,1284761024,ABBV,AbbVie
2025-04-25,1284761024,ABT,Abbott Laboratories
2025-04-25,1284761024,ACN,Accenture
2025-04-25,1284761024,ADBE,Adobe Inc.
2025-04-25,1284761024,AIG,American International Group
2025-04-25,1284761024,AMD,Advanced Micro Devices
2025-04-25,1284761024,AMGN,Amgen
2025-04-25,1284761024,AMT,American Tower
2025-04-25,1284761024,AMZN,Amazon
2025-04-25,1284761024,AVGO,Broadcom
2025-04-25,1284761024,AXP,American Express
2025-04-25,1284761024,BA,Boeing
2025-04-25,1284761024,BAC,Bank of America
2025-04-25,1284761024,BK,BNY Mellon
2025-04-25,1284761024,BKNG,Booking Holdings
2025-04-25,1284761024,BLK,BlackRock
2025-04-25,1284761024,BMY,Bristol Myers Squibb
2025-04-25,1284761024,C,Citigroup
2025-04-25,1284761024,CAT,Caterpillar Inc.
2025-04-25,1284761024,CHTR,Charter Communications
2025-04-25,1284761024,CL,Colgate-Palmolive
2025-04-25,1284761024,CMCSA,Comcast
2025-04-25,1284761024,COF,Capital One
2025-04-25,1284761024,COP,ConocoPhillips
2025-04-25,1284761024,COST,Costco
2025-04-25,1284761024,CRM,Salesforce
2025-04-25,1284761024,CSCO,Cisco
2025-04-25,1284761024,CVS,CVS Health
2025-04-25,1284761024,CVX,Chevron Corporation
2025-04-25,1284761024,DE,Deere & Company
2025-04-25,1284761024,DHR,Danaher Corporation
2025-04-25,1284761024,DIS,Walt Disney Company (The)
2025-04-25,1284761024,DUK,Duke Energy
2025-04-25,1284761024,EMR,Emerson Electric
2025-04-25,1284761024,FDX,FedEx
2025-04-25,1284761024,GD,General Dynamics
2025-04-25,1284761024,GE,GE Aerospace
2025-04-25,1284761024,GILD,Gilead Sciences
2025-04-25,1284761024,GM,General Motors
2025-04-25,1284761024,GOOG,Alphabet Inc.(Class C)
2025-04-25,1284761024,GOOGL,Alphabet Inc. (Class A)
2025-04-25,1284761024,GS,Goldman Sachs
2025-04-25,1284761024,HD,Home Depot
2025-04-25,1284761024,HON,Honeywell
2025-04-25,1284761024,IBM,IBM
2025-04-25,1284761024,INTC,Intel
2025-04-25,1284761024,INTU,Intuit
2025-04-25,1284761024,ISRG,Intuitive Surgical
2025-04-25,1284761024,JNJ,Johnson & Johnson
2025-04-25,1284761024,JPM,JPMorgan Chase
2025-04-25,1284761024,KO,Coca-Cola Company (The)
2025-04-25,1284761024,LIN,Linde plc
2025-04-25,1284761024,LLY,Eli Lilly and Company
2025-04-25,1284761024,LMT,Lockheed Martin
2025-04-25,1284761024,LOW,Lowe's
2025-04-25,1284761024,MA,Mastercard
2025-04-25,1284761024,MCD,McDonald's
2025-04-25,1284761024,MDLZ,Mondelēz International
2025-04-25,1284761024,MDT,Medtronic
2025-04-25,1284761024,MET,MetLife
2025-04-25,1284761024,META,Meta Platforms
2025-04-25,1284761024,MMM,3M
2025-04-25,1284761024,MO,Altria
2025-04-25,1284761024,MRK,Merck & Co.
2025-04-25,1284761024,MS,Morgan Stanley
2025-04-25,1284761024,MSFT,Microsoft
2025-04-25,1284761024,NEE,NextEra Energy
2025-04-25,1284761024,NFLX,"Netflix, Inc."
2025-04-25,1284761024,NKE,"Nike, Inc."
2025-04-25,1284761024,NOW,ServiceNow
2025-04-25,1284761024,NVDA,Nvidia
2025-04-25,1284761024,ORCL,Oracle Corporation
2025-04-25,1284761024,PEP,PepsiCo
2025-04-25,1284761024,PFE,Pfizer
2025-04-25,1284761024,PG,Procter & Gamble
2025-04-25,1284761024,PLTR,Palantir Technologies
2025-04-25,1284761024,PM,Philip Morris International
2025-04-25,1284761024,PYPL,PayPal
2025-04-25,1284761024,QCOM,Qualcomm
2025-04-25,1284761024,RTX,RTX Corporation
2025-04-25,1284761024,SBUX,Starbucks
2025-04-25,1284761024,SCHW,Charles Schwab Corporation
2025-04-25,1284761024,SO,Southern Company
2025-04-25,1284761024,SPG,Simon Property Group
2025-04-25,1284761024,T,AT&T
2025-04-25,1284761024,TGT,Target Corporation
2025-04-25,1284761024,TMO,Thermo Fisher Scientific
2025-04-25,1284761024,TMUS,T-Mobile US
2025-04-25,1284761024,TSLA,"Tesla, Inc."
2025-04-25,1284761024,TXN,Texas Instruments
2025-04-25,1284761024,UNH,UnitedHealth Group
2025-04-25,1284761024,UNP,Union Pacific Corporation
2025-04-25,1284761024,UPS,United Parcel Service
2025-04-25,1284761024,USB,U.S. Bancorp
2025-04-25,1284761024,V,Visa Inc.
2025-04-25,1284761024,VZ,Verizon
2025-04-25,1284761024,WFC,Wells Fargo
2025-04-25,1284761024,WMT,Walmart
2025-04-25,1284761024,XOM,ExxonMobil
2025-05-02,1284761024,AAPL,Apple Inc.
2025-05-02,1284761024,ABBV,AbbVie
2025-05-02,1284761024,ABT,Abbott Laboratories
2025-05-02,1284761024,ACN,Accenture
2025-05-02,1284761024,ADBE,Adobe Inc.
2025-05-02,1284761024,AIG,American International Group
2025-05-02,1284761024,AMD,Advanced Micro Devices
2025-05-02,1284761024,AMGN,Amgen
2025-05-02,1284761024,AMT,American Tower
2025-05-02,1284761024,AMZN,Amazon
2025-05-02,1284761024,AVGO,Broadcom
2025-05-02,1284761024,AXP,American Express
2025-05-02,1284761024,BA,Boeing
2025-05-02,1284761024,BAC,Bank of America
2025-05-02,1284761024,BK,BNY Mellon
2025-05-02,1284761024,BKNG,Booking Holdings
2025-05-02,1284761024,BLK,BlackRock
2025-05-02,1284761024,BMY,Bristol Myers Squibb
2025-05-02,1284761024,C,Citigroup
2025-05-02,1284761024,CAT,Caterpillar Inc.
2025-05-02,1284761024,CHTR,Charter Communications
2025-05-02,1284761024,CL,Colgate-Palmolive
2025-05-02,1284761024,CMCSA,Comcast
2025-05-02,1284761024,COF,Capital One
2025-05-02,1284761024,COP,ConocoPhillips
2025-05-02,1284761024,COST,Costco
2025-05-02,1284761024,CRM,Salesforce
2025-05-02,1284761024,CSCO,Cisco
2025-05-02,1284761024,CVS,CVS Health
2025-05-02,1284761024,CVX,Chevron Corporation
2025-05-02,1284761024,DE,Deere & Company
2025-05-02,1284761024,DHR,Danaher Corporation
2025-05-02,1284761024,DIS,Walt Disney Company (The)
2025-05-02,1284761024,DUK,Duke Energy
2025-05-02,1284761024,EMR,Emerson Electric
2025-05-02,1284761024,FDX,FedEx
2025-05-02,1284761024,GD,General Dynamics
2025-05-02,1284761024,GE,GE Aerospace
2025-05-02,1284761024,GILD,Gilead Sciences
2025-05-02,1284761024,GM,General Motors
2025-05-02,1284761024,GOOG,Alphabet Inc.(Class C)
2025-05-02,1284761024,GOOGL,Alphabet Inc. (Class A)
2025-05-02,1284761024,GS,Goldman Sachs
2025-05-02,1284761024,HD,Home Depot
2025-05-02,1284761024,HON,Honeywell
2025-05-02,1284761024,IBM,IBM
2025-05-02,1284761024,INTC,Intel
2025-05-02,1284761024,INTU,Intuit
2025-05-02,1284761024,ISRG,Intuitive Surgical
2025-05-02,1284761024,JNJ,Johnson & Johnson
2025-05-02,1284761024,JPM,JPMorgan Chase
2025-05-02,1284761024,KO,Coca-Cola Company (The)
2025-05-02,1284761024,LIN,Linde plc
2025-05-02,1284761024,LLY,Eli Lilly and Company
2025-05-02,1284761024,LMT,Lockheed Martin
2025-05-02,1284761024,LOW,Lowe's
2025-05-02,1284761024,MA,Mastercard
2025-05-02,1284761024,MCD,McDonald's
2025-05-02,1284761024,MDLZ,Mondelēz International
2025-05-02,1284761024,MDT,Medtronic
2025-05-02,1284761024,MET,MetLife
2025-05-02,1284761024,META,Meta Platforms
2025-05-02,1284761024,MMM,3M
2025-05-02,1284761024,MO,Altria
2025-05-02,1284761024,MRK,Merck & Co.
2025-05-02,1284761024,MS,Morgan Stanley
2025-05-02,1284761024,MSFT,Microsoft
2025-05-02,1284761024,NEE,NextEra Energy
2025-05-02,1284761024,NFLX,"Netflix, Inc."
2025-05-02,1284761024,NKE,"Nike, Inc."
2025-05-02,1284761024,NOW,ServiceNow
2025-05-02,1284761024,NVDA,Nvidia
2025-05-02,1284761024,ORCL,Oracle Corporation
2025-05-02,1284761024,PEP,PepsiCo
2025-05-02,1284761024,PFE,Pfizer
2025-05-02,1284761024,PG,Procter & Gamble
2025-05-02,1284761024,PLTR,Palantir Technologies
2025-05-02,1284761024,PM,Philip Morris International
2025-05-02,1284761024,PYPL,PayPal
2025-05-02,1284761024,QCOM,Qualcomm
2025-05-02,1284761024,RTX,RTX Corporation
2025-05-02,1284761024,SBUX,Starbucks
2025-05-02,1284761024,SCHW,Charles Schwab Corporation
2025-05-02,1284761024,SO,Southern Company
2025-05-02,1284761024,SPG,Simon Property Group
2025-05-02,1284761024,T,AT&T
2025-05-02,1284761024,TGT,Target Corporation
2025-05-02,1284761024,TMO,Thermo Fisher Scientific
2025-05-02,1284761024,TMUS,T-Mobile US
2025-05-02,1284761024,TSLA,"Tesla, Inc."
2025-05-02,1284761024,TXN,Texas Instruments
2025-05-02,1284761024,UNH,UnitedHealth Group
2025-05-02,1284761024,UNP,Union Pacific Corporation
2025-05-02,1284761024,UPS,United Parcel Service
2025-05-02,1284761024,USB,U.S. Bancorp
2025-05-02,1284761024,V,Visa Inc.
2025-05-02,1284761024,VZ,Verizon
2025-05-02,1284761024,WFC,Wells Fargo
2025-05-02,1284761024,WMT,Walmart
2025-05-02,1284761024,XOM,ExxonMobil
2025-05-09,1284761024,AAPL,Apple Inc.
2025-05-09,1284761024,ABBV,AbbVie
2025-05-09,1284761024,ABT,Abbott Laboratories
2025-05-09,1284761024,ACN,Accenture
2025-05-09,1284761024,ADBE,Adobe Inc.
2025-05-09,1284761024,AIG,American International Group
2025-05-09,1284761024,AMD,Advanced Micro Devices
2025-05-09,1284761024,AMGN,Amgen
2025-05-09,1284761024,AMT,American Tower
2025-05-09,1284761024,AMZN,Amazon
2025-05-09,1284761024,AVGO,Broadcom
2025-05-09,1284761024,AXP,American Express
2025-05-09,1284761024,BA,Boeing
2025-05-09,1284761024,BAC,Bank of America
2025-05-09,1284761024,BK,BNY Mellon
2025-05-09,1284761024,BKNG,Booking Holdings
2025-05-09,1284761024,BLK,BlackRock
2025-05-09,1284761024,BMY,Bristol Myers Squibb
2025-05-09,1284761024,C,Citigroup
2025-05-09,1284761024,CAT,Caterpillar Inc.
2025-05-09,1284761024,CHTR,Charter Communications
2025-05-09,1284761024,CL,Colgate-Palmolive
2025-05-09,1284761024,CMCSA,Comcast
2025-05-09,1284761024,COF,Capital One
2025-05-09,1284761024,COP,ConocoPhillips
2025-05-09,1284761024,COST,Costco
2025-05-09,1284761024,CRM,Salesforce
2025-05-09,1284761024,CSCO,Cisco
2025-05-09,1284761024,CVS,CVS Health
2025-05-09,1284761024,CVX,Chevron Corporation
2025-05-09,1284761024,DE,Deere & Company
2025-05-09,1284761024,DHR,Danaher Corporation
2025-05-09,1284761024,DIS,Walt Disney Company (The)
2025-05-09,1284761024,DUK,Duke Energy
2025-05-09,1284761024,EMR,Emerson Electric
2025-05-09,1284761024,FDX,FedEx
2025-05-09,1284761024,GD,General Dynamics
2025-05-09,1284761024,GE,GE Aerospace
2025-05-09,1284761024,GILD,Gilead Sciences
2025-05-09,1284761024,GM,General Motors
2025-05-09,1284761024,GOOG,Alphabet Inc.(Class C)
2025-05-09,1284761024,GOOGL,Alphabet Inc. (Class A)
2025-05-09,1284761024,GS,Goldman Sachs
2025-05-09,1284761024,HD,Home Depot
2025-05-09,1284761024,HON,Honeywell
2025-05-09,1284761024,IBM,IBM
2025-05-09,1284761024,INTC,Intel
2025-05-09,1284761024,INTU,Intuit
2025-05-09,1284761024,ISRG,Intuitive Surgical
2025-05-09,1284761024,JNJ,Johnson & Johnson
2025-05-09,1284761024,JPM,JPMorgan Chase
2025-05-09,1284761024,KO,Coca-Cola Company (The)
2025-05-09,1284761024,LIN,Linde plc
2025-05-09,1284761024,LLY,Eli Lilly and Company
2025-05-09,1284761024,LMT,Lockheed Martin
2025-05-09,1284761024,LOW,Lowe's
2025-05-09,1284761024,MA,Mastercard
2025-05-09,1284761024,MCD,McDonald's
2025-05-09,1284761024,MDLZ,Mondelēz International
2025-05-09,1284761024,MDT,Medtronic
2025-05-09,1284761024,MET,MetLife
2025-05-09,1284761024,META,Meta Platforms
2025-05-09,1284761024,MMM,3M
2025-05-09,1284761024,MO,Altria
2025-05-09,1284761024,MRK,Merck & Co.
2025-05-09,1284761024,MS,Morgan Stanley
2025-05-09,1284761024,MSFT,Microsoft
2025-05-09,1284761024,NEE,NextEra Energy
2025-05-09,1284761024,NFLX,"Netflix, Inc."
2025-05-09,1284761024,NKE,"Nike, Inc."
2025-05-09,1284761024,NOW,ServiceNow
2025-05-09,1284761024,NVDA,Nvidia
2025-05-09,1284761024,ORCL,Oracle Corporation
2025-05-09,1284761024,PEP,PepsiCo
2025-05-09,1284761024,PFE,Pfizer
2025-05-09,1284761024,PG,Procter & Gamble
2025-05-09,1284761024,PLTR,Palantir Technologies
2025-05-09,1284761024,PM,Philip Morris International
2025-05-09,1284761024,PYPL,PayPal
2025-05-09,1284761024,QCOM,Qualcomm
2025-05-09,1284761024,RTX,RTX Corporation
2025-05-09,1284761024,SBUX,Starbucks
2025-05-09,1284761024,SCHW,Charles Schwab Corporation
2025-05-09,1284761024,SO,Southern Company
2025-05-09,1284761024,SPG,Simon Property Group
2025-05-09,1284761024,T,AT&T
2025-05-09,1284761024,TGT,Target Corporation
2025-05-09,1284761024,TMO,Thermo Fisher Scientific
2025-05-09,1284761024,TMUS,T-Mobile US
2025-05-09,1284761024,TSLA,"Tesla, Inc."
2025-05-09,1284761024,TXN,Texas Instruments
2025-05-09,1284761024,UNH,UnitedHealth Group
2025-05-09,1284761024,UNP,Union Pacific Corporation
2025-05-09,1284761024,UPS,United Parcel Service
2025-05-09,1284761024,USB,U.S. Bancorp
2025-05-09,1284761024,V,Visa Inc.
2025-05-09,1284761024,VZ,Verizon
2025-05-09,1284761024,WFC,Wells Fargo
2025-05-09,1284761024,WMT,Walmart
2025-05-09,1284761024,XOM,ExxonMobil
2025-05-16,1284761024,AAPL,Apple Inc.
2025-05-16,1284761024,ABBV,AbbVie
2025-05-16,1284761024,ABT,Abbott Laboratories
2025-05-16,1284761024,ACN,Accenture
2025-05-16,1284761024,ADBE,Adobe Inc.
2025-05-16,1284761024,AIG,American International Group
2025-05-16,1284761024,AMD,Advanced Micro Devices
2025-05-16,1284761024,AMGN,Amgen
2025-05-16,1284761024,AMT,American Tower
2025-05-16,1284761024,AMZN,Amazon
2025-05-16,1284761024,AVGO,Broadcom
2025-05-16,1284761024,AXP,American Express
2025-05-16,1284761024,BA,Boeing
2025-05-16,1284761024,BAC,Bank of America
2025-05-16,1284761024,BK,BNY Mellon
2025-05-16,1284761024,BKNG,Booking Holdings
2025-05-16,1284761024,BLK,BlackRock
2025-05-16,1284761024,BMY,Bristol Myers Squibb
2025-05-16,1284761024,C,Citigroup
2025-05-16,1284761024,CAT,Caterpillar Inc.
2025-05-16,1284761024,CHTR,Charter Communications
2025-05-16,1284761024,CL,Colgate-Palmolive
2025-05-16,1284761024,CMCSA,Comcast
2025-05-16,1284761024,COF,Capital One
2025-05-16,1284761024,COP,ConocoPhillips
2025-05-16,1284761024,COST,Costco
2025-05-16,1284761024,CRM,Salesforce
2025-05-16,1284761024,CSCO,Cisco
2025-05-16,1284761024,CVS,CVS Health
2025-05-16,1284761024,CVX,Chevron Corporation
2025-05-16,1284761024,DE,Deere & Company
2025-05-16,1284761024,DHR,Danaher Corporation
2025-05-16,1284761024,DIS,Walt Disney Company (The)
2025-05-16,1284761024,DUK,Duke Energy
2025-05-16,1284761024,EMR,Emerson Electric
2025-05-16,1284761024,FDX,FedEx
2025-05-16,1284761024,GD,General Dynamics
2025-05-16,1284761024,GE,GE Aerospace
2025-05-16,1284761024,GILD,Gilead Sciences
2025-05-16,1284761024,GM,General Motors
2025-05-16,1284761024,GOOG,Alphabet Inc.(Class C)
2025-05-16,1284761024,GOOGL,Alphabet Inc. (Class A)
2025-05-16,1284761024,GS,Goldman Sachs
2025-05-16,1284761024,HD,Home Depot
2025-05-16,1284761024,HON,Honeywell
2025-05-16,1284761024,IBM,IBM
2025-05-16,1284761024,INTC,Intel
2025-05-16,1284761024,INTU,Intuit
2025-05-16,1284761024,ISRG,Intuitive Surgical
2025-05-16,1284761024,JNJ,Johnson & Johnson
2025-05-16,1284761024,JPM,JPMorgan Chase
2025-05-16,1284761024,KO,Coca-Cola Company (The)
2025-05-16,1284761024,LIN,Linde plc
2025-05-16,1284761024,LLY,Eli Lilly and Company
2025-05-16,1284761024,LMT,Lockheed Martin
2025-05-16,1284761024,LOW,Lowe's
2025-05-16,1284761024,MA,Mastercard
2025-05-16,1284761024,MCD,McDonald's
2025-05-16,1284761024,MDLZ,Mondelēz International
2025-05-16,1284761024,MDT,Medtronic
2025-05-16,1284761024,MET,MetLife
2025-05-16,1284761024,META,Meta Platforms
2025-05-16,1284761024,MMM,3M
2025-05-16,1284761024,MO,Altria
2025-05-16,1284761024,MRK,Merck & Co.
2025-05-16,1284761024,MS,Morgan Stanley
2025-05-16,1284761024,MSFT,Microsoft
2025-05-16,1284761024,NEE,NextEra Energy
2025-05-16,1284761024,NFLX,"Netflix, Inc."
2025-05-16,1284761024,NKE,"Nike, Inc."
2025-05-16,1284761024,NOW,ServiceNow
2025-05-16,1284761024,NVDA,Nvidia
2025-05-16,1284761024,ORCL,Oracle Corporation
2025-05-16,1284761024,PEP,PepsiCo
2025-05-16,1284761024,PFE,Pfizer
2025-05-16,1284761024,PG,Procter & Gamble
2025-05-16,1284761024,PLTR,Palantir Technologies
2025-05-16,1284761024,PM,Philip Morris International
2025-05-16,1284761024,PYPL,PayPal
2025-05-16,1284761024,QCOM,Qualcomm
2025-05-16,1284761024,RTX,RTX Corporation
2025-05-16,1284761024,SBUX,Starbucks
2025-05-16,1284761024,SCHW,Charles Schwab Corporation
2025-05-16,1284761024,SO,Southern Company
2025-05-16,1284761024,SPG,Simon Property Group
2025-05-16,1284761024,T,AT&T
2025-05-16,1284761024,TGT,Target Corporation
2025-05-16,1284761024,TMO,Thermo Fisher Scientific
2025-05-16,1284761024,TMUS,T-Mobile US
2025-05-16,1284761024,TSLA,"Tesla, Inc."
2025-05-16,1284761024,TXN,Texas Instruments
2025-05-16,1284761024,UNH,UnitedHealth Group
2025-05-16,1284761024,UNP,Union Pacific Corporation
2025-05-16,1284761024,UPS,United Parcel Service
2025-05-16,1284761024,USB,U.S. Bancorp
2025-05-16,1284761024,V,Visa Inc.
2025-05-16,1284761024,VZ,Verizon
2025-05-16,1284761024,WFC,Wells Fargo
2025-05-16,1284761024,WMT,Walmart
2025-05-16,1284761024,XOM,ExxonMobil
2025-05-23,1284761024,AAPL,Apple Inc.
2025-05-23,1284761024,ABBV,AbbVie
2025-05-23,1284761024,ABT,Abbott Laboratories
2025-05-23,1284761024,ACN,Accenture
2025-05-23,1284761024,ADBE,Adobe Inc.
2025-05-23,1284761024,AIG,American International Group
2025-05-23,1284761024,AMD,Advanced Micro Devices
2025-05-23,1284761024,AMGN,Amgen
2025-05-23,1284761024,AMT,American Tower
2025-05-23,1284761024,AMZN,Amazon
2025-05-23,1284761024,AVGO,Broadcom
2025-05-23,1284761024,AXP,American Express
2025-05-23,1284761024,BA,Boeing
2025-05-23,1284761024,BAC,Bank of America
2025-05-23,1284761024,BK,BNY Mellon
2025-05-23,1284761024,BKNG,Booking Holdings
2025-05-23,1284761024,BLK,BlackRock
2025-05-23,1284761024,BMY,Bristol Myers Squibb
2025-05-23,1284761024,C,Citigroup
2025-05-23,1284761024,CAT,Caterpillar Inc.
2025-05-23,1284761024,CHTR,Charter Communications
2025-05-23,1284761024,CL,Colgate-Palmolive
2025-05-23,1284761024,CMCSA,Comcast
2025-05-23,1284761024,COF,Capital One
2025-05-23,1284761024,COP,ConocoPhillips
2025-05-23,1284761024,COST,Costco
2025-05-23,1284761024,CRM,Salesforce
2025-05-23,1284761024,CSCO,Cisco
2025-05-23,1284761024,CVS,CVS Health
2025-05-23,1284761024,CVX,Chevron Corporation
2025-05-23,1284761024,DE,Deere & Company
2025-05-23,1284761024,DHR,Danaher Corporation
2025-05-23,1284761024,DIS,Walt Disney Company (The)
2025-05-23,1284761024,DUK,Duke Energy
2025-05-23,1284761024,EMR,Emerson Electric
2025-05-23,1284761024,FDX,FedEx
2025-05-23,1284761024,GD,General Dynamics
2025-05-23,1284761024,GE,GE Aerospace
2025-05-23,1284761024,GILD,Gilead Sciences
2025-05-23,1284761024,GM,General Motors
2025-05-23,1284761024,GOOG,Alphabet Inc.(Class C)
2025-05-23,1284761024,GOOGL,Alphabet Inc. (Class A)
2025-05-23,1284761024,GS,Goldman Sachs
2025-05-23,1284761024,HD,Home Depot
2025-05-23,1284761024,HON,Honeywell
2025-05-23,1284761024,IBM,IBM
2025-05-23,1284761024,INTC,Intel
2025-05-23,1284761024,INTU,Intuit
2025-05-23,1284761024,ISRG,Intuitive Surgical
2025-05-23,1284761024,JNJ,Johnson & Johnson
2025-05-23,1284761024,JPM,JPMorgan Chase
2025-05-23,1284761024,KO,Coca-Cola Company (The)
2025-05-23,1284761024,LIN,Linde plc
2025-05-23,1284761024,LLY,Eli Lilly and Company
2025-05-23,1284761024,LMT,Lockheed Martin
2025-05-23,1284761024,LOW,Lowe's
2025-05-23,1284761024,MA,Mastercard
2025-05-23,1284761024,MCD,McDonald's
2025-05-23,1284761024,MDLZ,Mondelēz International
2025-05-23,1284761024,MDT,Medtronic
2025-05-23,1284761024,MET,MetLife
2025-05-23,1284761024,META,Meta Platforms
2025-05-23,1284761024,MMM,3M
2025-05-23,1284761024,MO,Altria
2025-05-23,1284761024,MRK,Merck & Co.
2025-05-23,1284761024,MS,Morgan Stanley
2025-05-23,1284761024,MSFT,Microsoft
2025-05-23,1284761024,NEE,NextEra Energy
2025-05-23,1284761024,NFLX,"Netflix, Inc."
2025-05-23,1284761024,NKE,"Nike, Inc."
2025-05-23,1284761024,NOW,ServiceNow
2025-05-23,1284761024,NVDA,Nvidia
2025-05-23,1284761024,ORCL,Oracle Corporation
2025-05-23,1284761024,PEP,PepsiCo
2025-05-23,1284761024,PFE,Pfizer
2025-05-23,1284761024,PG,Procter & Gamble
2025-05-23,1284761024,PLTR,Palantir Technologies
2025-05-23,1284761024,PM,Philip Morris International
2025-05-23,1284761024,PYPL,PayPal
2025-05-23,1284761024,QCOM,Qualcomm
2025-05-23,1284761024,RTX,RTX Corporation
2025-05-23,1284761024,SBUX,Starbucks
2025-05-23,1284761024,SCHW,Charles Schwab Corporation
2025-05-23,1284761024,SO,Southern Company
2025-05-23,1284761024,SPG,Simon Property Group
2025-05-23,1284761024,T,AT&T
2025-05-23,1284761024,TGT,Target Corporation
2025-05-23,1284761024,TMO,Thermo Fisher Scientific
2025-05-23,1284761024,TMUS,T-Mobile US
2025-05-23,1284761024,TSLA,"Tesla, Inc."
2025-05-23,1284761024,TXN,Texas Instruments
2025-05-23,1284761024,UNH,UnitedHealth Group
2025-05-23,1284761024,UNP,Union Pacific Corporation
2025-05-23,1284761024,UPS,United Parcel Service
2025-05-23,1284761024,USB,U.S. Bancorp
2025-05-23,1284761024,V,Visa Inc.
2025-05-23,1284761024,VZ,Verizon
2025-05-23,1284761024,WFC,Wells Fargo
2025-05-23,1284761024,WMT,Walmart
2025-05-23,1284761024,XOM,ExxonMobil
2025-05-30,1284761024,AAPL,Apple Inc.
2025-05-30,1284761024,ABBV,AbbVie
2025-05-30,1284761024,ABT,Abbott Laboratories
2025-05-30,1284761024,ACN,Accenture
2025-05-30,1284761024,ADBE,Adobe Inc.
2025-05-30,1284761024,AIG,American International Group
2025-05-30,1284761024,AMD,Advanced Micro Devices
2025-05-30,1284761024,AMGN,Amgen
2025-05-30,1284761024,AMT,American Tower
2025-05-30,1284761024,AMZN,Amazon
2025-05-30,1284761024,AVGO,Broadcom
2025-05-30,1284761024,AXP,American Express
2025-05-30,1284761024,BA,Boeing
2025-05-30,1284761024,BAC,Bank of America
2025-05-30,1284761024,BK,BNY Mellon
2025-05-30,1284761024,BKNG,Booking Holdings
2025-05-30,1284761024,BLK,BlackRock
2025-05-30,1284761024,BMY,Bristol Myers Squibb
2025-05-30,1284761024,C,Citigroup
2025-05-30,1284761024,CAT,Caterpillar Inc.
2025-05-30,1284761024,CHTR,Charter Communications
2025-05-30,1284761024,CL,Colgate-Palmolive
2025-05-30,1284761024,CMCSA,Comcast
2025-05-30,1284761024,COF,Capital One
2025-05-30,1284761024,COP,ConocoPhillips
2025-05-30,1284761024,COST,Costco
2025-05-30,1284761024,CRM,Salesforce
2025-05-30,1284761024,CSCO,Cisco
2025-05-30,1284761024,CVS,CVS Health
2025-05-30,1284761024,CVX,Chevron Corporation
2025-05-30,1284761024,DE,Deere & Company
2025-05-30,1284761024,DHR,Danaher Corporation
2025-05-30,1284761024,DIS,Walt Disney Company (The)
2025-05-30,1284761024,DUK,Duke Energy
2025-05-30,1284761024,EMR,Emerson Electric
2025-05-30,1284761024,FDX,FedEx
2025-05-30,1284761024,GD,General Dynamics
2025-05-30,1284761024,GE,GE Aerospace
2025-05-30,1284761024,GILD,Gilead Sciences
2025-05-30,1284761024,GM,General Motors
2025-05-30,1284761024,GOOG,Alphabet Inc.(Class C)
2025-05-30,1284761024,GOOGL,Alphabet Inc. (Class A)
2025-05-30,1284761024,GS,Goldman Sachs
2025-05-30,1284761024,HD,Home Depot
2025-05-30,1284761024,HON,Honeywell
2025-05-30,1284761024,IBM,IBM
2025-05-30,1284761024,INTC,Intel
2025-05-30,1284761024,INTU,Intuit
2025-05-30,1284761024,ISRG,Intuitive Surgical
2025-05-30,1284761024,JNJ,Johnson & Johnson
2025-05-30,1284761024,JPM,JPMorgan Chase
2025-05-30,1284761024,KO,Coca-Cola Company (The)
2025-05-30,1284761024,LIN,Linde plc
2025-05-30,1284761024,LLY,Eli Lilly and Company
2025-05-30,1284761024,LMT,Lockheed Martin
2025-05-30,1284761024,LOW,Lowe's
2025-05-30,1284761024,MA,Mastercard
2025-05-30,1284761024,MCD,McDonald's
2025-05-30,1284761024,MDLZ,Mondelēz International
2025-05-30,1284761024,MDT,Medtronic
2025-05-30,1284761024,MET,MetLife
2025-05-30,1284761024,META,Meta Platforms
2025-05-30,1284761024,MMM,3M
2025-05-30,1284761024,MO,Altria
2025-05-30,1284761024,MRK,Merck & Co.
2025-05-30,1284761024,MS,Morgan Stanley
2025-05-30,1284761024,MSFT,Microsoft
2025-05-30,1284761024,NEE,NextEra Energy
2025-05-30,1284761024,NFLX,"Netflix, Inc."
2025-05-30,1284761024,NKE,"Nike, Inc."
2025-05-30,1284761024,NOW,ServiceNow
2025-05-30,1284761024,NVDA,Nvidia
2025-05-30,1284761024,ORCL,Oracle Corporation
2025-05-30,1284761024,PEP,PepsiCo
2025-05-30,1284761024,PFE,Pfizer
2025-05-30,1284761024,PG,Procter & Gamble
2025-05-30,1284761024,PLTR,Palantir Technologies
2025-05-30,1284761024,PM,Philip Morris International
2025-05-30,1284761024,PYPL,PayPal
2025-05-30,1284761024,QCOM,Qualcomm
2025-05-30,1284761024,RTX,RTX Corporation
2025-05-30,1284761024,SBUX,Starbucks
2025-05-30,1284761024,SCHW,Charles Schwab Corporation
2025-05-30,1284761024,SO,Southern Company
2025-05-30,1284761024,SPG,Simon Property Group
2025-05-30,1284761024,T,AT&T
2025-05-30,1284761024,TGT,Target Corporation
2025-05-30,1284761024,TMO,Thermo Fisher Scientific
2025-05-30,1284761024,TMUS,T-Mobile US
2025-05-30,1284761024,TSLA,"Tesla, Inc."
2025-05-30,1284761024,TXN,Texas Instruments
2025-05-30,1284761024,UNH,UnitedHealth Group
2025-05-30,1284761024,UNP,Union Pacific Corporation
2025-05-30,1284761024,UPS,United Parcel Service
2025-05-30,1284761024,USB,U.S. Bancorp
2025-05-30,1284761024,V,Visa Inc.
2025-05-30,1284761024,VZ,Verizon
2025-05-30,1284761024,WFC,Wells Fargo
2025-05-30,1284761024,WMT,Walmart
2025-05-30,1284761024,XOM,ExxonMobil
2025-06-06,1284761024,AAPL,Apple Inc.
2025-06-06,1284761024,ABBV,AbbVie
2025-06-06,1284761024,ABT,Abbott Laboratories
2025-06-06,1284761024,ACN,Accenture
2025-06-06,1284761024,ADBE,Adobe Inc.
2025-06-06,1284761024,AIG,American International Group
2025-06-06,1284761024,AMD,Advanced Micro Devices
2025-06-06,1284761024,AMGN,Amgen
2025-06-06,1284761024,AMT,American Tower
2025-06-06,1284761024,AMZN,Amazon
2025-06-06,1284761024,AVGO,Broadcom
2025-06-06,1284761024,AXP,American Express
2025-06-06,1284761024,BA,Boeing
2025-06-06,1284761024,BAC,Bank of America
2025-06-06,1284761024,BK,BNY Mellon
2025-06-06,1284761024,BKNG,Booking Holdings
2025-06-06,1284761024,BLK,BlackRock
2025-06-06,1284761024,BMY,Bristol Myers Squibb
2025-06-06,1284761024,C,Citigroup
2025-06-06,1284761024,CAT,Caterpillar Inc.
2025-06-06,1284761024,CHTR,Charter Communications
2025-06-06,1284761024,CL,Colgate-Palmolive
2025-06-06,1284761024,CMCSA,Comcast
2025-06-06,1284761024,COF,Capital One
2025-06-06,1284761024,COP,ConocoPhillips
2025-06-06,1284761024,COST,Costco
2025-06-06,1284761024,CRM,Salesforce
2025-06-06,1284761024,CSCO,Cisco
2025-06-06,1284761024,CVS,CVS Health
2025-06-06,1284761024,CVX,Chevron Corporation
2025-06-06,1284761024,DE,Deere & Company
2025-06-06,1284761024,DHR,Danaher Corporation
2025-06-06,1284761024,DIS,Walt Disney Company (The)
2025-06-06,1284761024,DUK,Duke Energy
2025-06-06,1284761024,EMR,Emerson Electric
2025-06-06,1284761024,FDX,FedEx
2025-06-06,1284761024,GD,General Dynamics
2025-06-06,1284761024,GE,GE Aerospace
2025-06-06,1284761024,GILD,Gilead Sciences
2025-06-06,1284761024,GM,General Motors
2025-06-06,1284761024,GOOG,Alphabet Inc.(Class C)
2025-06-06,1284761024,GOOGL,Alphabet Inc. (Class A)
2025-06-06,1284761024,GS,Goldman Sachs
2025-06-06,1284761024,HD,Home Depot
2025-06-06,1284761024,HON,Honeywell
2025-06-06,1284761024,IBM,IBM
2025-06-06,1284761024,INTC,Intel
2025-06-06,1284761024,INTU,Intuit
2025-06-06,1284761024,ISRG,Intuitive Surgical
2025-06-06,1284761024,JNJ,Johnson & Johnson
2025-06-06,1284761024,JPM,JPMorgan Chase
2025-06-06,1284761024,KO,Coca-Cola Company (The)
2025-06-06,1284761024,LIN,Linde plc
2025-06-06,1284761024,LLY,Eli Lilly and Company
2025-06-06,1284761024,LMT,Lockheed Martin
2025-06-06,1284761024,LOW,Lowe's
2025-06-06,1284761024,MA,Mastercard
2025-06-06,1284761024,MCD,McDonald's
2025-06-06,1284761024,MDLZ,Mondelēz International
2025-06-06,1284761024,MDT,Medtronic
2025-06-06,1284761024,MET,MetLife
2025-06-06,1284761024,META,Meta Platforms
2025-06-06,1284761024,MMM,3M
2025-06-06,1284761024,MO,Altria
2025-06-06,1284761024,MRK,Merck & Co.
2025-06-06,1284761024,MS,Morgan Stanley
2025-06-06,1284761024,MSFT,Microsoft
2025-06-06,1284761024,NEE,NextEra Energy
2025-06-06,1284761024,NFLX,"Netflix, Inc."
2025-06-06,1284761024,NKE,"Nike, Inc."
2025-06-06,1284761024,NOW,ServiceNow
2025-06-06,1284761024,NVDA,Nvidia
2025-06-06,1284761024,ORCL,Oracle Corporation
2025-06-06,1284761024,PEP,PepsiCo
2025-06-06,1284761024,PFE,Pfizer
2025-06-06,1284761024,PG,Procter & Gamble
2025-06-06,1284761024,PLTR,Palantir Technologies
2025-06-06,1284761024,PM,Philip Morris International
2025-06-06,1284761024,PYPL,PayPal
2025-06-06,1284761024,QCOM,Qualcomm
2025-06-06,1284761024,RTX,RTX Corporation
2025-06-06,1284761024,SBUX,Starbucks
2025-06-06,1284761024,SCHW,Charles Schwab Corporation
2025-06-06,1284761024,SO,Southern Company
2025-06-06,1284761024,SPG,Simon Property Group
2025-06-06,1284761024,T,AT&T
2025-06-06,1284761024,TGT,Target Corporation
2025-06-06,1284761024,TMO,Thermo Fisher Scientific
2025-06-06,1284761024,TMUS,T-Mobile US
2025-06-06,1284761024,TSLA,"Tesla, Inc."
2025-06-06,1284761024,TXN,Texas Instruments
2025-06-06,1284761024,UNH,UnitedHealth Group
2025-06-06,1284761024,UNP,Union Pacific Corporation
2025-06-06,1284761024,UPS,United Parcel Service
2025-06-06,1284761024,USB,U.S. Bancorp
2025-06-06,1284761024,V,Visa Inc.
2025-06-06,1284761024,VZ,Verizon
2025-06-06,1284761024,WFC,Wells Fargo
2025-06-06,1284761024,WMT,Walmart
2025-06-06,1284761024,XOM,ExxonMobil
2025-06-13,1284761024,AAPL,Apple Inc.
2025-06-13,1284761024,ABBV,AbbVie
2025-06-13,1284761024,ABT,Abbott Laboratories
2025-06-13,1284761024,ACN,Accenture
2025-06-13,1284761024,ADBE,Adobe Inc.
2025-06-13,1284761024,AIG,American International Group
2025-06-13,1284761024,AMD,Advanced Micro Devices
2025-06-13,1284761024,AMGN,Amgen
2025-06-13,1284761024,AMT,American Tower
2025-06-13,1284761024,AMZN,Amazon
2025-06-13,1284761024,AVGO,Broadcom
2025-06-13,1284761024,AXP,American Express
2025-06-13,1284761024,BA,Boeing
2025-06-13,1284761024,BAC,Bank of America
2025-06-13,1284761024,BK,BNY Mellon
2025-06-13,1284761024,BKNG,Booking Holdings
2025-06-13,1284761024,BLK,BlackRock
2025-06-13,1284761024,BMY,Bristol Myers Squibb
2025-06-13,1284761024,C,Citigroup
2025-06-13,1284761024,CAT,Caterpillar Inc.
2025-06-13,1284761024,CHTR,Charter Communications
2025-06-13,1284761024,CL,Colgate-Palmolive
2025-06-13,1284761024,CMCSA,Comcast
2025-06-13,1284761024,COF,Capital One
2025-06-13,1284761024,COP,ConocoPhillips
2025-06-13,1284761024,COST,Costco
2025-06-13,1284761024,CRM,Salesforce
2025-06-13,1284761024,CSCO,Cisco
2025-06-13,1284761024,CVS,CVS Health
2025-06-13,1284761024,CVX,Chevron Corporation
2025-06-13,1284761024,DE,Deere & Company
2025-06-13,1284761024,DHR,Danaher Corporation
2025-06-13,1284761024,DIS,Walt Disney Company (The)
2025-06-13,1284761024,DUK,Duke Energy
2025-06-13,1284761024,EMR,Emerson Electric
2025-06-13,1284761024,FDX,FedEx
2025-06-13,1284761024,GD,General Dynamics
2025-06-13,1284761024,GE,GE Aerospace
2025-06-13,1284761024,GILD,Gilead Sciences
2025-06-13,1284761024,GM,General Motors
2025-06-13,1284761024,GOOG,Alphabet Inc.(Class C)
2025-06-13,1284761024,GOOGL,Alphabet Inc. (Class A)
2025-06-13,1284761024,GS,Goldman Sachs
2025-06-13,1284761024,HD,Home Depot
2025-06-13,1284761024,HON,Honeywell
2025-06-13,1284761024,IBM,IBM
2025-06-13,1284761024,INTC,Intel
2025-06-13,1284761024,INTU,Intuit
2025-06-13,1284761024,ISRG,Intuitive Surgical
2025-06-13,1284761024,JNJ,Johnson & Johnson
2025-06-13,1284761024,JPM,JPMorgan Chase
2025-06-13,1284761024,KO,Coca-Cola Company (The)
2025-06-13,1284761024,LIN,Linde plc
2025-06-13,1284761024,LLY,Eli Lilly and Company
2025-06-13,1284761024,LMT,Lockheed Martin
2025-06-13,1284761024,LOW,Lowe's
2025-06-13,1284761024,MA,Mastercard
2025-06-13,1284761024,MCD,McDonald's
2025-06-13,1284761024,MDLZ,Mondelēz International
2025-06-13,1284761024,MDT,Medtronic
2025-06-13,1284761024,MET,MetLife
2025-06-13,1284761024,META,Meta Platforms
2025-06-13,1284761024,MMM,3M
2025-06-13,1284761024,MO,Altria
2025-06-13,1284761024,MRK,Merck & Co.
2025-06-13,1284761024,MS,Morgan Stanley
2025-06-13,1284761024,MSFT,Microsoft
2025-06-13,1284761024,NEE,NextEra Energy
2025-06-13,1284761024,NFLX,"Netflix, Inc."
2025-06-13,1284761024,NKE,"Nike, Inc."
2025-06-13,1284761024,NOW,ServiceNow
2025-06-13,1284761024,NVDA,Nvidia
2025-06-13,1284761024,ORCL,Oracle Corporation
2025-06-13,1284761024,PEP,PepsiCo
2025-06-13,1284761024,PFE,Pfizer
2025-06-13,1284761024,PG,Procter & Gamble
2025-06-13,1284761024,PLTR,Palantir Technologies
2025-06-13,1284761024,PM,Philip Morris International
2025-06-13,1284761024,PYPL,PayPal
2025-06-13,1284761024,QCOM,Qualcomm
2025-06-13,1284761024,RTX,RTX Corporation
2025-06-13,1284761024,SBUX,Starbucks
2025-06-13,1284761024,SCHW,Charles Schwab Corporation
2025-06-13,1284761024,SO,Southern Company
2025-06-13,1284761024,SPG,Simon Property Group
2025-06-13,1284761024,T,AT&T
2025-06-13,1284761024,TGT,Target Corporation
2025-06-13,1284761024,TMO,Thermo Fisher Scientific
2025-06-13,1284761024,TMUS,T-Mobile US
2025-06-13,1284761024,TSLA,"Tesla, Inc."
2025-06-13,1284761024,TXN,Texas Instruments
2025-06-13,1284761024,UNH,UnitedHealth Group
2025-06-13,1284761024,UNP,Union Pacific Corporation
2025-06-13,1284761024,UPS,United Parcel Service
2025-06-13,1284761024,USB,U.S. Bancorp
2025-06-13,1284761024,V,Visa Inc.
2025-06-13,1284761024,VZ,Verizon
2025-06-13,1284761024,WFC,Wells Fargo
2025-06-13,1284761024,WMT,Walmart
2025-06-13,1284761024,XOM,ExxonMobil
2025-06-20,1284761024,AAPL,Apple Inc.
2025-06-20,1284761024,ABBV,AbbVie
2025-06-20,1284761024,ABT,Abbott Laboratories
2025-06-20,1284761024,ACN,Accenture
2025-06-20,1284761024,ADBE,Adobe Inc.
2025-06-20,1284761024,AIG,American International Group
2025-06-20,1284761024,AMD,Advanced Micro Devices
2025-06-20,1284761024,AMGN,Amgen
2025-06-20,1284761024,AMT,American Tower
2025-06-20,1284761024,AMZN,Amazon
2025-06-20,1284761024,AVGO,Broadcom
2025-06-20,1284761024,AXP,American Express
2025-06-20,1284761024,BA,Boeing
2025-06-20,1284761024,BAC,Bank of America
2025-06-20,1284761024,BK,BNY Mellon
2025-06-20,1284761024,BKNG,Booking Holdings
2025-06-20,1284761024,BLK,BlackRock
2025-06-20,1284761024,BMY,Bristol Myers Squibb
2025-06-20,1284761024,C,Citigroup
2025-06-20,1284761024,CAT,Caterpillar Inc.
2025-06-20,1284761024,CHTR,Charter Communications
2025-06-20,1284761024,CL,Colgate-Palmolive
2025-06-20,1284761024,CMCSA,Comcast
2025-06-20,1284761024,COF,Capital One
2025-06-20,1284761024,COP,ConocoPhillips
2025-06-20,1284761024,COST,Costco
2025-06-20,1284761024,CRM,Salesforce
2025-06-20,1284761024,CSCO,Cisco
2025-06-20,1284761024,CVS,CVS Health
2025-06-20,1284761024,CVX,Chevron Corporation
2025-06-20,1284761024,DE,Deere & Company
2025-06-20,1284761024,DHR,Danaher Corporation
2025-06-20,1284761024,DIS,Walt Disney Company (The)
2025-06-20,1284761024,DUK,Duke Energy
2025-06-20,1284761024,EMR,Emerson Electric
2025-06-20,1284761024,FDX,FedEx
2025-06-20,1284761024,GD,General Dynamics
2025-06-20,1284761024,GE,GE Aerospace
2025-06-20,1284761024,GILD,Gilead Sciences
2025-06-20,1284761024,GM,General Motors
2025-06-20,1284761024,GOOG,Alphabet Inc.(Class C)
2025-06-20,1284761024,GOOGL,Alphabet Inc. (Class A)
2025-06-20,1284761024,GS,Goldman Sachs
2025-06-20,1284761024,HD,Home Depot
2025-06-20,1284761024,HON,Honeywell
2025-06-20,1284761024,IBM,IBM
2025-06-20,1284761024,INTC,Intel
2025-06-20,1284761024,INTU,Intuit
2025-06-20,1284761024,ISRG,Intuitive Surgical
2025-06-20,1284761024,JNJ,Johnson & Johnson
2025-06-20,1284761024,JPM,JPMorgan Chase
2025-06-20,1284761024,KO,Coca-Cola Company (The)
2025-06-20,1284761024,LIN,Linde plc
2025-06-20,1284761024,LLY,Eli Lilly and Company
2025-06-20,1284761024,LMT,Lockheed Martin
2025-06-20,1284761024,LOW,Lowe's
2025-06-20,1284761024,MA,Mastercard
2025-06-20,1284761024,MCD,McDonald's
2025-06-20,1284761024,MDLZ,Mondelēz International
2025-06-20,1284761024,MDT,Medtronic
2025-06-20,1284761024,MET,MetLife
2025-06-20,1284761024,META,Meta Platforms
2025-06-20,1284761024,MMM,3M
2025-06-20,1284761024,MO,Altria
2025-06-20,1284761024,MRK,Merck & Co.
2025-06-20,1284761024,MS,Morgan Stanley
2025-06-20,1284761024,MSFT,Microsoft
2025-06-20,1284761024,NEE,NextEra Energy
2025-06-20,1284761024,NFLX,"Netflix, Inc."
2025-06-20,1284761024,NKE,"Nike, Inc."
2025-06-20,1284761024,NOW,ServiceNow
2025-06-20,1284761024,NVDA,Nvidia
2025-06-20,1284761024,ORCL,Oracle Corporation
2025-06-20,1284761024,PEP,PepsiCo
2025-06-20,1284761024,PFE,Pfizer
2025-06-20,1284761024,PG,Procter & Gamble
2025-06-20,1284761024,PLTR,Palantir Technologies
2025-06-20,1284761024,PM,Philip Morris International
2025-06-20,1284761024,PYPL,PayPal
2025-06-20,1284761024,QCOM,Qualcomm
2025-06-20,1284761024,RTX,RTX Corporation
2025-06-20,1284761024,SBUX,Starbucks
2025-06-20,1284761024,SCHW,Charles Schwab Corporation
2025-06-20,1284761024,SO,Southern Company
2025-06-20,1284761024,SPG,Simon Property Group
2025-06-20,1284761024,T,AT&T
2025-06-20,1284761024,TGT,Target Corporation
2025-06-20,1284761024,TMO,Thermo Fisher Scientific
2025-06-20,1284761024,TMUS,T-Mobile US
2025-06-20,1284761024,TSLA,"Tesla, Inc."
2025-06-20,1284761024,TXN,Texas Instruments
2025-06-20,1284761024,UNH,UnitedHealth Group
2025-06-20,1284761024,UNP,Union Pacific Corporation
2025-06-20,1284761024,UPS,United Parcel Service
2025-06-20,1284761024,USB,U.S. Bancorp
2025-06-20,1284761024,V,Visa Inc.
2025-06-20,1284761024,VZ,Verizon
2025-06-20,1284761024,WFC,Wells Fargo
2025-06-20,1284761024,WMT,Walmart
2025-06-20,1284761024,XOM,ExxonMobil
2025-06-27,1296805043,AAPL,Apple Inc.
2025-06-27,1296805043,ABBV,AbbVie
2025-06-27,1296805043,ABT,Abbott Laboratories
2025-06-27,1296805043,ACN,Accenture
2025-06-27,1296805043,ADBE,Adobe Inc.
2025-06-27,1296805043,AIG,American International Group
2025-06-27,1296805043,AMD,Advanced Micro Devices
2025-06-27,1296805043,AMGN,Amgen
2025-06-27,1296805043,AMT,American Tower
2025-06-27,1296805043,AMZN,Amazon
2025-06-27,1296805043,AVGO,Broadcom
2025-06-27,1296805043,AXP,American Express
2025-06-27,1296805043,BA,Boeing
2025-06-27,1296805043,BAC,Bank of America
2025-06-27,1296805043,BK,BNY Mellon
2025-06-27,1296805043,BKNG,Booking Holdings
2025-06-27,1296805043,BLK,BlackRock
2025-06-27,1296805043,BMY,Bristol Myers Squibb
2025-06-27,1296805043,C,Citigroup
2025-06-27,1296805043,CAT,Caterpillar Inc.
2025-06-27,1296805043,CHTR,Charter Communications
2025-06-27,1296805043,CL,Colgate-Palmolive
2025-06-27,1296805043,CMCSA,Comcast
2025-06-27,1296805043,COF,Capital One
2025-06-27,1296805043,COP,ConocoPhillips
2025-06-27,1296805043,COST,Costco
2025-06-27,1296805043,CRM,Salesforce
2025-06-27,1296805043,CSCO,Cisco
2025-06-27,1296805043,CVS,CVS Health
2025-06-27,1296805043,CVX,Chevron Corporation
2025-06-27,1296805043,DE,Deere & Company
2025-06-27,1296805043,DHR,Danaher Corporation
2025-06-27,1296805043,DIS,Walt Disney Company (The)
2025-06-27,1296805043,DUK,Duke Energy
2025-06-27,1296805043,EMR,Emerson Electric
2025-06-27,1296805043,FDX,FedEx
2025-06-27,1296805043,GD,General Dynamics
2025-06-27,1296805043,GE,GE Aerospace
2025-06-27,1296805043,GILD,Gilead Sciences
2025-06-27,1296805043,GM,General Motors
2025-06-27,1296805043,GOOG,Alphabet Inc.(Class C)
2025-06-27,1296805043,GOOGL,Alphabet Inc. (Class A)
2025-06-27,1296805043,GS,Goldman Sachs
2025-06-27,1296805043,HD,Home Depot
2025-06-27,1296805043,HON,Honeywell
2025-06-27,1296805043,IBM,IBM
2025-06-27,1296805043,INTC,Intel
2025-06-27,1296805043,INTU,Intuit
2025-06-27,1296805043,ISRG,Intuitive Surgical
2025-06-27,1296805043,JNJ,Johnson & Johnson
2025-06-27,1296805043,JPM,JPMorgan Chase
2025-06-27,1296805043,KO,Coca-Cola Company (The)
2025-06-27,1296805043,LIN,Linde plc
2025-06-27,1296805043,LLY,Eli Lilly and Company
2025-06-27,1296805043,LMT,Lockheed Martin
2025-06-27,1296805043,LOW,Lowe's
2025-06-27,1296805043,MA,Mastercard
2025-06-27,1296805043,MCD,McDonald's
2025-06-27,1296805043,MDLZ,Mondelēz International
2025-06-27,1296805043,MDT,Medtronic
2025-06-27,1296805043,MET,MetLife
2025-06-27,1296805043,META,Meta Platforms
2025-06-27,1296805043,MMM,3M
2025-06-27,1296805043,MO,Altria
2025-06-27,1296805043,MRK,Merck & Co.
2025-06-27,1296805043,MS,Morgan Stanley
2025-06-27,1296805043,MSFT,Microsoft
2025-06-27,1296805043,NEE,NextEra Energy
2025-06-27,1296805043,NFLX,"Netflix, Inc."
2025-06-27,1296805043,NKE,"Nike, Inc."
2025-06-27,1296805043,NOW,ServiceNow
2025-06-27,1296805043,NVDA,Nvidia
2025-06-27,1296805043,ORCL,Oracle Corporation
2025-06-27,1296805043,PEP,PepsiCo
2025-06-27,1296805043,PFE,Pfizer
2025-06-27,1296805043,PG,Procter & Gamble
2025-06-27,1296805043,PLTR,Palantir Technologies
2025-06-27,1296805043,PM,Philip Morris International
2025-06-27,1296805043,PYPL,PayPal
2025-06-27,1296805043,QCOM,Qualcomm
2025-06-27,1296805043,RTX,RTX Corporation
2025-06-27,1296805043,SBUX,Starbucks
2025-06-27,1296805043,SCHW,Charles Schwab Corporation
2025-06-27,1296805043,SO,Southern Company
2025-06-27,1296805043,SPG,Simon Property Group
2025-06-27,1296805043,T,AT&T
2025-06-27,1296805043,TGT,Target Corporation
2025-06-27,1296805043,TMO,Thermo Fisher Scientific
2025-06-27,1296805043,TMUS,T-Mobile US
2025-06-27,1296805043,TSLA,"Tesla, Inc."
2025-06-27,1296805043,TXN,Texas Instruments
2025-06-27,1296805043,UNH,UnitedHealth Group
2025-06-27,1296805043,UNP,Union Pacific Corporation
2025-06-27,1296805043,UPS,United Parcel Service
2025-06-27,1296805043,USB,U.S. Bancorp
2025-06-27,1296805043,V,Visa Inc.
2025-06-27,1296805043,VZ,Verizon
2025-06-27,1296805043,WFC,Wells Fargo
2025-06-27,1296805043,WMT,Walmart
2025-06-27,1296805043,XOM,ExxonMobil
2025-07-04,1296805043,AAPL,Apple Inc.
2025-07-04,1296805043,ABBV,AbbVie
2025-07-04,1296805043,ABT,Abbott Laboratories
2025-07-04,1296805043,ACN,Accenture
2025-07-04,1296805043,ADBE,Adobe Inc.
2025-07-04,1296805043,AIG,American International Group
2025-07-04,1296805043,AMD,Advanced Micro Devices
2025-07-04,1296805043,AMGN,Amgen
2025-07-04,1296805043,AMT,American Tower
2025-07-04,1296805043,AMZN,Amazon
2025-07-04,1296805043,AVGO,Broadcom
2025-07-04,1296805043,AXP,American Express
2025-07-04,1296805043,BA,Boeing
2025-07-04,1296805043,BAC,Bank of America
2025-07-04,1296805043,BK,BNY Mellon
2025-07-04,1296805043,BKNG,Booking Holdings
2025-07-04,1296805043,BLK,BlackRock
2025-07-04,1296805043,BMY,Bristol Myers Squibb
2025-07-04,1296805043,C,Citigroup
2025-07-04,1296805043,CAT,Caterpillar Inc.
2025-07-04,1296805043,CHTR,Charter Communications
2025-07-04,1296805043,CL,Colgate-Palmolive
2025-07-04,1296805043,CMCSA,Comcast
2025-07-04,1296805043,COF,Capital One
2025-07-04,1296805043,COP,ConocoPhillips
2025-07-04,1296805043,COST,Costco
2025-07-04,1296805043,CRM,Salesforce
2025-07-04,1296805043,CSCO,Cisco
2025-07-04,1296805043,CVS,CVS Health
2025-07-04,1296805043,CVX,Chevron Corporation
2025-07-04,1296805043,DE,Deere & Company
2025-07-04,1296805043,DHR,Danaher Corporation
2025-07-04,1296805043,DIS,Walt Disney Company (The)
2025-07-04,1296805043,DUK,Duke Energy
2025-07-04,1296805043,EMR,Emerson Electric
2025-07-04,1296805043,FDX,FedEx
2025-07-04,1296805043,GD,General Dynamics
2025-07-04,1296805043,GE,GE Aerospace
2025-07-04,1296805043,GILD,Gilead Sciences
2025-07-04,1296805043,GM,General Motors
2025-07-04,1296805043,GOOG,Alphabet Inc.(Class C)
2025-07-04,1296805043,GOOGL,Alphabet Inc. (Class A)
2025-07-04,1296805043,GS,Goldman Sachs
2025-07-04,1296805043,HD,Home Depot
2025-07-04,1296805043,HON,Honeywell
2025-07-04,1296805043,IBM,IBM
2025-07-04,1296805043,INTC,Intel
2025-07-04,1296805043,INTU,Intuit
2025-07-04,1296805043,ISRG,Intuitive Surgical
2025-07-04,1296805043,JNJ,Johnson & Johnson
2025-07-04,1296805043,JPM,JPMorgan Chase
2025-07-04,1296805043,KO,Coca-Cola Company (The)
2025-07-04,1296805043,LIN,Linde plc
2025-07-04,1296805043,LLY,Eli Lilly and Company
2025-07-04,1296805043,LMT,Lockheed Martin
2025-07-04,1296805043,LOW,Lowe's
2025-07-04,1296805043,MA,Mastercard
2025-07-04,1296805043,MCD,McDonald's
2025-07-04,1296805043,MDLZ,Mondelēz International
2025-07-04,1296805043,MDT,Medtronic
2025-07-04,1296805043,MET,MetLife
2025-07-04,1296805043,META,Meta Platforms
2025-07-04,1296805043,MMM,3M
2025-07-04,1296805043,MO,Altria
2025-07-04,1296805043,MRK,Merck & Co.
2025-07-04,1296805043,MS,Morgan Stanley
2025-07-04,1296805043,MSFT,Microsoft
2025-07-04,1296805043,NEE,NextEra Energy
2025-07-04,1296805043,NFLX,"Netflix, Inc."
2025-07-04,1296805043,NKE,"Nike, Inc."
2025-07-04,1296805043,NOW,ServiceNow
2025-07-04,1296805043,NVDA,Nvidia
2025-07-04,1296805043,ORCL,Oracle Corporation
2025-07-04,1296805043,PEP,PepsiCo
2025-07-04,1296805043,PFE,Pfizer
2025-07-04,1296805043,PG,Procter & Gamble
2025-07-04,1296805043,PLTR,Palantir Technologies
2025-07-04,1296805043,PM,Philip Morris International
2025-07-04,1296805043,PYPL,PayPal
2025-07-04,1296805043,QCOM,Qualcomm
2025-07-04,1296805043,RTX,RTX Corporation
2025-07-04,1296805043,SBUX,Starbucks
2025-07-04,1296805043,SCHW,Charles Schwab Corporation
2025-07-04,1296805043,SO,Southern Company
2025-07-04,1296805043,SPG,Simon Property Group
2025-07-04,1296805043,T,AT&T
2025-07-04,1296805043,TGT,Target Corporation
2025-07-04,1296805043,TMO,Thermo Fisher Scientific
2025-07-04,1296805043,TMUS,T-Mobile US
2025-07-04,1296805043,TSLA,"Tesla, Inc."
2025-07-04,1296805043,TXN,Texas Instruments
2025-07-04,1296805043,UNH,UnitedHealth Group
2025-07-04,1296805043,UNP,Union Pacific Corporation
2025-07-04,1296805043,UPS,United Parcel Service
2025-07-04,1296805043,USB,U.S. Bancorp
2025-07-04,1296805043,V,Visa Inc.
2025-07-04,1296805043,VZ,Verizon
2025-07-04,1296805043,WFC,Wells Fargo
2025-07-04,1296805043,WMT,Walmart
2025-07-04,1296805043,XOM,ExxonMobil
2025-07-11,1296805043,AAPL,Apple Inc.
2025-07-11,1296805043,ABBV,AbbVie
2025-07-11,1296805043,ABT,Abbott Laboratories
2025-07-11,1296805043,ACN,Accenture
2025-07-11,1296805043,ADBE,Adobe Inc.
2025-07-11,1296805043,AIG,American International Group
2025-07-11,1296805043,AMD,Advanced Micro Devices
2025-07-11,1296805043,AMGN,Amgen
2025-07-11,1296805043,AMT,American Tower
2025-07-11,1296805043,AMZN,Amazon
2025-07-11,1296805043,AVGO,Broadcom
2025-07-11,1296805043,AXP,American Express
2025-07-11,1296805043,BA,Boeing
2025-07-11,1296805043,BAC,Bank of America
2025-07-11,1296805043,BK,BNY Mellon
2025-07-11,1296805043,BKNG,Booking Holdings
2025-07-11,1296805043,BLK,BlackRock
2025-07-11,1296805043,BMY,Bristol Myers Squibb
2025-07-11,1296805043,C,Citigroup
2025-07-11,1296805043,CAT,Caterpillar Inc.
2025-07-11,1296805043,CHTR,Charter Communications
2025-07-11,1296805043,CL,Colgate-Palmolive
2025-07-11,1296805043,CMCSA,Comcast
2025-07-11,1296805043,COF,Capital One
2025-07-11,1296805043,COP,ConocoPhillips
2025-07-11,1296805043,COST,Costco
2025-07-11,1296805043,CRM,Salesforce
2025-07-11,1296805043,CSCO,Cisco
2025-07-11,1296805043,CVS,CVS Health
2025-07-11,1296805043,CVX,Chevron Corporation
2025-07-11,1296805043,DE,Deere & Company
2025-07-11,1296805043,DHR,Danaher Corporation
2025-07-11,1296805043,DIS,Walt Disney Company (The)
2025-07-11,1296805043,DUK,Duke Energy
2025-07-11,1296805043,EMR,Emerson Electric
2025-07-11,1296805043,FDX,FedEx
2025-07-11,1296805043,GD,General Dynamics
2025-07-11,1296805043,GE,GE Aerospace
2025-07-11,1296805043,GILD,Gilead Sciences
2025-07-11,1296805043,GM,General Motors
2025-07-11,1296805043,GOOG,Alphabet Inc.(Class C)
2025-07-11,1296805043,GOOGL,Alphabet Inc. (Class A)
2025-07-11,1296805043,GS,Goldman Sachs
2025-07-11,1296805043,HD,Home Depot
2025-07-11,1296805043,HON,Honeywell
2025-07-11,1296805043,IBM,IBM
2025-07-11,1296805043,INTC,Intel
2025-07-11,1296805043,INTU,Intuit
2025-07-11,1296805043,ISRG,Intuitive Surgical
2025-07-11,1296805043,JNJ,Johnson & Johnson
2025-07-11,1296805043,JPM,JPMorgan Chase
2025-07-11,1296805043,KO,Coca-Cola Company (The)
2025-07-11,1296805043,LIN,Linde plc
2025-07-11,1296805043,LLY,Eli Lilly and Company
2025-07-11,1296805043,LMT,Lockheed Martin
2025-07-11,1296805043,LOW,Lowe's
2025-07-11,1296805043,MA,Mastercard
2025-07-11,1296805043,MCD,McDonald's
2025-07-11,1296805043,MDLZ,Mondelēz International
2025-07-11,1296805043,MDT,Medtronic
2025-07-11,1296805043,MET,MetLife
2025-07-11,1296805043,META,Meta Platforms
2025-07-11,1296805043,MMM,3M
2025-07-11,1296805043,MO,Altria
2025-07-11,1296805043,MRK,Merck & Co.
2025-07-11,1296805043,MS,Morgan Stanley
2025-07-11,1296805043,MSFT,Microsoft
2025-07-11,1296805043,NEE,NextEra Energy
2025-07-11,1296805043,NFLX,"Netflix, Inc."
2025-07-11,1296805043,NKE,"Nike, Inc."
2025-07-11,1296805043,NOW,ServiceNow
2025-07-11,1296805043,NVDA,Nvidia
2025-07-11,1296805043,ORCL,Oracle Corporation
2025-07-11,1296805043,PEP,PepsiCo
2025-07-11,1296805043,PFE,Pfizer
2025-07-11,1296805043,PG,Procter & Gamble
2025-07-11,1296805043,PLTR,Palantir Technologies
2025-07-11,1296805043,PM,Philip Morris International
2025-07-11,1296805043,PYPL,PayPal
2025-07-11,1296805043,QCOM,Qualcomm
2025-07-11,1296805043,RTX,RTX Corporation
2025-07-11,1296805043,SBUX,Starbucks
2025-07-11,1296805043,SCHW,Charles Schwab Corporation
2025-07-11,1296805043,SO,Southern Company
2025-07-11,1296805043,SPG,Simon Property Group
2025-07-11,1296805043,T,AT&T
2025-07-11,1296805043,TGT,Target Corporation
2025-07-11,1296805043,TMO,Thermo Fisher Scientific
2025-07-11,1296805043,TMUS,T-Mobile US
2025-07-11,1296805043,TSLA,"Tesla, Inc."
2025-07-11,1296805043,TXN,Texas Instruments
2025-07-11,1296805043,UNH,UnitedHealth Group
2025-07-11,1296805043,UNP,Union Pacific Corporation
2025-07-11,1296805043,UPS,United Parcel Service
2025-07-11,1296805043,USB,U.S. Bancorp
2025-07-11,1296805043,V,Visa Inc.
2025-07-11,1296805043,VZ,Verizon
2025-07-11,1296805043,WFC,Wells Fargo
2025-07-11,1296805043,WMT,Walmart
2025-07-11,1296805043,XOM,ExxonMobil
2025-07-18,1296805043,AAPL,Apple Inc.
2025-07-18,1296805043,ABBV,AbbVie
2025-07-18,1296805043,ABT,Abbott Laboratories
2025-07-18,1296805043,ACN,Accenture
2025-07-18,1296805043,ADBE,Adobe Inc.
2025-07-18,1296805043,AIG,American International Group
2025-07-18,1296805043,AMD,Advanced Micro Devices
2025-07-18,1296805043,AMGN,Amgen
2025-07-18,1296805043,AMT,American Tower
2025-07-18,1296805043,AMZN,Amazon
2025-07-18,1296805043,AVGO,Broadcom
2025-07-18,1296805043,AXP,American Express
2025-07-18,1296805043,BA,Boeing
2025-07-18,1296805043,BAC,Bank of America
2025-07-18,1296805043,BK,BNY Mellon
2025-07-18,1296805043,BKNG,Booking Holdings
2025-07-18,1296805043,BLK,BlackRock
2025-07-18,1296805043,BMY,Bristol Myers Squibb
2025-07-18,1296805043,C,Citigroup
2025-07-18,1296805043,CAT,Caterpillar Inc.
2025-07-18,1296805043,CHTR,Charter Communications
2025-07-18,1296805043,CL,Colgate-Palmolive
2025-07-18,1296805043,CMCSA,Comcast
2025-07-18,1296805043,COF,Capital One
2025-07-18,1296805043,COP,ConocoPhillips
2025-07-18,1296805043,COST,Costco
2025-07-18,1296805043,CRM,Salesforce
2025-07-18,1296805043,CSCO,Cisco
2025-07-18,1296805043,CVS,CVS Health
2025-07-18,1296805043,CVX,Chevron Corporation
2025-07-18,1296805043,DE,Deere & Company
2025-07-18,1296805043,DHR,Danaher Corporation
2025-07-18,1296805043,DIS,Walt Disney Company (The)
2025-07-18,1296805043,DUK,Duke Energy
2025-07-18,1296805043,EMR,Emerson Electric
2025-07-18,1296805043,FDX,FedEx
2025-07-18,1296805043,GD,General Dynamics
2025-07-18,1296805043,GE,GE Aerospace
2025-07-18,1296805043,GILD,Gilead Sciences
2025-07-18,1296805043,GM,General Motors
2025-07-18,1296805043,GOOG,Alphabet Inc.(Class C)
2025-07-18,1296805043,GOOGL,Alphabet Inc. (Class A)
2025-07-18,1296805043,GS,Goldman Sachs
2025-07-18,1296805043,HD,Home Depot
2025-07-18,1296805043,HON,Honeywell
2025-07-18,1296805043,IBM,IBM
2025-07-18,1296805043,INTC,Intel
2025-07-18,1296805043,INTU,Intuit
2025-07-18,1296805043,ISRG,Intuitive Surgical
2025-07-18,1296805043,JNJ,Johnson & Johnson
2025-07-18,1296805043,JPM,JPMorgan Chase
2025-07-18,1296805043,KO,Coca-Cola Company (The)
2025-07-18,1296805043,LIN,Linde plc
2025-07-18,1296805043,LLY,Eli Lilly and Company
2025-07-18,1296805043,LMT,Lockheed Martin
2025-07-18,1296805043,LOW,Lowe's
2025-07-18,1296805043,MA,Mastercard
2025-07-18,1296805043,MCD,McDonald's
2025-07-18,1296805043,MDLZ,Mondelēz International
2025-07-18,1296805043,MDT,Medtronic
2025-07-18,1296805043,MET,MetLife
2025-07-18,1296805043,META,Meta Platforms
2025-07-18,1296805043,MMM,3M
2025-07-18,1296805043,MO,Altria
2025-07-18,1296805043,MRK,Merck & Co.
2025-07-18,1296805043,MS,Morgan Stanley
2025-07-18,1296805043,MSFT,Microsoft
2025-07-18,1296805043,NEE,NextEra Energy
2025-07-18,1296805043,NFLX,"Netflix, Inc."
2025-07-18,1296805043,NKE,"Nike, Inc."
2025-07-18,1296805043,NOW,ServiceNow
2025-07-18,1296805043,NVDA,Nvidia
2025-07-18,1296805043,ORCL,Oracle Corporation
2025-07-18,1296805043,PEP,PepsiCo
2025-07-18,1296805043,PFE,Pfizer
2025-07-18,1296805043,PG,Procter & Gamble
2025-07-18,1296805043,PLTR,Palantir Technologies
2025-07-18,1296805043,PM,Philip Morris International
2025-07-18,1296805043,PYPL,PayPal
2025-07-18,1296805043,QCOM,Qualcomm
2025-07-18,1296805043,RTX,RTX Corporation
2025-07-18,1296805043,SBUX,Starbucks
2025-07-18,1296805043,SCHW,Charles Schwab Corporation
2025-07-18,1296805043,SO,Southern Company
2025-07-18,1296805043,SPG,Simon Property Group
2025-07-18,1296805043,T,AT&T
2025-07-18,1296805043,TGT,Target Corporation
2025-07-18,1296805043,TMO,Thermo Fisher Scientific
2025-07-18,1296805043,TMUS,T-Mobile US
2025-07-18,1296805043,TSLA,"Tesla, Inc."
2025-07-18,1296805043,TXN,Texas Instruments
2025-07-18,1296805043,UNH,UnitedHealth Group
2025-07-18,1296805043,UNP,Union Pacific Corporation
2025-07-18,1296805043,UPS,United Parcel Service
2025-07-18,1296805043,USB,U.S. Bancorp
2025-07-18,1296805043,V,Visa Inc.
2025-07-18,1296805043,VZ,Verizon
2025-07-18,1296805043,WFC,Wells Fargo
2025-07-18,1296805043,WMT,Walmart
2025-07-18,1296805043,XOM,ExxonMobil
2025-07-25,1296805043,AAPL,Apple Inc.
2025-07-25,1296805043,ABBV,AbbVie
2025-07-25,1296805043,ABT,Abbott Laboratories
2025-07-25,1296805043,ACN,Accenture
2025-07-25,1296805043,ADBE,Adobe Inc.
2025-07-25,1296805043,AIG,American International Group
2025-07-25,1296805043,AMD,Advanced Micro Devices
2025-07-25,1296805043,AMGN,Amgen
2025-07-25,1296805043,AMT,American Tower
2025-07-25,1296805043,AMZN,Amazon
2025-07-25,1296805043,AVGO,Broadcom
2025-07-25,1296805043,AXP,American Express
2025-07-25,1296805043,BA,Boeing
2025-07-25,1296805043,BAC,Bank of America
2025-07-25,1296805043,BK,BNY Mellon
2025-07-25,1296805043,BKNG,Booking Holdings
2025-07-25,1296805043,BLK,BlackRock
2025-07-25,1296805043,BMY,Bristol Myers Squibb
2025-07-25,1296805043,C,Citigroup
2025-07-25,1296805043,CAT,Caterpillar Inc.
2025-07-25,1296805043,CHTR,Charter Communications
2025-07-25,1296805043,CL,Colgate-Palmolive
2025-07-25,1296805043,CMCSA,Comcast
2025-07-25,1296805043,COF,Capital One
2025-07-25,1296805043,COP,ConocoPhillips
2025-07-25,1296805043,COST,Costco
2025-07-25,1296805043,CRM,Salesforce
2025-07-25,1296805043,CSCO,Cisco
2025-07-25,1296805043,CVS,CVS Health
2025-07-25,1296805043,CVX,Chevron Corporation
2025-07-25,1296805043,DE,Deere & Company
2025-07-25,1296805043,DHR,Danaher Corporation
2025-07-25,1296805043,DIS,Walt Disney Company (The)
2025-07-25,1296805043,DUK,Duke Energy
2025-07-25,1296805043,EMR,Emerson Electric
2025-07-25,1296805043,FDX,FedEx
2025-07-25,1296805043,GD,General Dynamics
2025-07-25,1296805043,GE,GE Aerospace
2025-07-25,1296805043,GILD,Gilead Sciences
2025-07-25,1296805043,GM,General Motors
2025-07-25,1296805043,GOOG,Alphabet Inc.(Class C)
2025-07-25,1296805043,GOOGL,Alphabet Inc. (Class A)
2025-07-25,1296805043,GS,Goldman Sachs
2025-07-25,1296805043,HD,Home Depot
2025-07-25,1296805043,HON,Honeywell
2025-07-25,1296805043,IBM,IBM
2025-07-25,1296805043,INTC,Intel
2025-07-25,1296805043,INTU,Intuit
2025-07-25,1296805043,ISRG,Intuitive Surgical
2025-07-25,1296805043,JNJ,Johnson & Johnson
2025-07-25,1296805043,JPM,JPMorgan Chase
2025-07-25,1296805043,KO,Coca-Cola Company (The)
2025-07-25,1296805043,LIN,Linde plc
2025-07-25,1296805043,LLY,Eli Lilly and Company
2025-07-25,1296805043,LMT,Lockheed Martin
2025-07-25,1296805043,LOW,Lowe's
2025-07-25,1296805043,MA,Mastercard
2025-07-25,1296805043,MCD,McDonald's
2025-07-25,1296805043,MDLZ,Mondelēz International
2025-07-25,1296805043,MDT,Medtronic
2025-07-25,1296805043,MET,MetLife
2025-07-25,1296805043,META,Meta Platforms
2025-07-25,1296805043,MMM,3M
2025-07-25,1296805043,MO,Altria
2025-07-25,1296805043,MRK,Merck & Co.
2025-07-25,1296805043,MS,Morgan Stanley
2025-07-25,1296805043,MSFT,Microsoft
2025-07-25,1296805043,NEE,NextEra Energy
2025-07-25,1296805043,NFLX,"Netflix, Inc."
2025-07-25,1296805043,NKE,"Nike, Inc."
2025-07-25,1296805043,NOW,ServiceNow
2025-07-25,1296805043,NVDA,Nvidia
2025-07-25,1296805043,ORCL,Oracle Corporation
2025-07-25,1296805043,PEP,PepsiCo
2025-07-25,1296805043,PFE,Pfizer
2025-07-25,1296805043,PG,Procter & Gamble
2025-07-25,1296805043,PLTR,Palantir Technologies
2025-07-25,1296805043,PM,Philip Morris International
2025-07-25,1296805043,PYPL,PayPal
2025-07-25,1296805043,QCOM,Qualcomm
2025-07-25,1296805043,RTX,RTX Corporation
2025-07-25,1296805043,SBUX,Starbucks
2025-07-25,1296805043,SCHW,Charles Schwab Corporation
2025-07-25,1296805043,SO,Southern Company
2025-07-25,1296805043,SPG,Simon Property Group
2025-07-25,1296805043,T,AT&T
2025-07-25,1296805043,TGT,Target Corporation
2025-07-25,1296805043,TMO,Thermo Fisher Scientific
2025-07-25,1296805043,TMUS,T-Mobile US
2025-07-25,1296805043,TSLA,"Tesla, Inc."
2025-07-25,1296805043,TXN,Texas Instruments
2025-07-25,1296805043,UNH,UnitedHealth Group
2025-07-25,1296805043,UNP,Union Pacific Corporation
2025-07-25,1296805043,UPS,United Parcel Service
2025-07-25,1296805043,USB,U.S. Bancorp
2025-07-25,1296805043,V,Visa Inc.
2025-07-25,1296805043,VZ,Verizon
2025-07-25,1296805043,WFC,Wells Fargo
2025-07-25,1296805043,WMT,Walmart
2025-07-25,1296805043,XOM,ExxonMobil
2025-08-01,1296805043,AAPL,Apple Inc.
2025-08-01,1296805043,ABBV,AbbVie
2025-08-01,1296805043,ABT,Abbott Laboratories
2025-08-01,1296805043,ACN,Accenture
2025-08-01,1296805043,ADBE,Adobe Inc.
2025-08-01,1296805043,AIG,American International Group
2025-08-01,1296805043,AMD,Advanced Micro Devices
2025-08-01,1296805043,AMGN,Amgen
2025-08-01,1296805043,AMT,American Tower
2025-08-01,1296805043,AMZN,Amazon
2025-08-01,1296805043,AVGO,Broadcom
2025-08-01,1296805043,AXP,American Express
2025-08-01,1296805043,BA,Boeing
2025-08-01,1296805043,BAC,Bank of America
2025-08-01,1296805043,BK,BNY Mellon
2025-08-01,1296805043,BKNG,Booking Holdings
2025-08-01,1296805043,BLK,BlackRock
2025-08-01,1296805043,BMY,Bristol Myers Squibb
2025-08-01,1296805043,C,Citigroup
2025-08-01,1296805043,CAT,Caterpillar Inc.
2025-08-01,1296805043,CHTR,Charter Communications
2025-08-01,1296805043,CL,Colgate-Palmolive
2025-08-01,1296805043,CMCSA,Comcast
2025-08-01,1296805043,COF,Capital One
2025-08-01,1296805043,COP,ConocoPhillips
2025-08-01,1296805043,COST,Costco
2025-08-01,1296805043,CRM,Salesforce
2025-08-01,1296805043,CSCO,Cisco
2025-08-01,1296805043,CVS,CVS Health
2025-08-01,1296805043,CVX,Chevron Corporation
2025-08-01,1296805043,DE,Deere & Company
2025-08-01,1296805043,DHR,Danaher Corporation
2025-08-01,1296805043,DIS,Walt Disney Company (The)
2025-08-01,1296805043,DUK,Duke Energy
2025-08-01,1296805043,EMR,Emerson Electric
2025-08-01,1296805043,FDX,FedEx
2025-08-01,1296805043,GD,General Dynamics
2025-08-01,1296805043,GE,GE Aerospace
2025-08-01,1296805043,GILD,Gilead Sciences
2025-08-01,1296805043,GM,General Motors
2025-08-01,1296805043,GOOG,Alphabet Inc.(Class C)
2025-08-01,1296805043,GOOGL,Alphabet Inc. (Class A)
2025-08-01,1296805043,GS,Goldman Sachs
2025-08-01,1296805043,HD,Home Depot
2025-08-01,1296805043,HON,Honeywell
2025-08-01,1296805043,IBM,IBM
2025-08-01,1296805043,INTC,Intel
2025-08-01,1296805043,INTU,Intuit
2025-08-01,1296805043,ISRG,Intuitive Surgical
2025-08-01,1296805043,JNJ,Johnson & Johnson
2025-08-01,1296805043,JPM,JPMorgan Chase
2025-08-01,1296805043,KO,Coca-Cola Company (The)
2025-08-01,1296805043,LIN,Linde plc
2025-08-01,1296805043,LLY,Eli Lilly and Company
2025-08-01,1296805043,LMT,Lockheed Martin
2025-08-01,1296805043,LOW,Lowe's
2025-08-01,1296805043,MA,Mastercard
2025-08-01,1296805043,MCD,McDonald's
2025-08-01,1296805043,MDLZ,Mondelēz International
2025-08-01,1296805043,MDT,Medtronic
2025-08-01,1296805043,MET,MetLife
2025-08-01,1296805043,META,Meta Platforms
2025-08-01,1296805043,MMM,3M
2025-08-01,1296805043,MO,Altria
2025-08-01,1296805043,MRK,Merck & Co.
2025-08-01,1296805043,MS,Morgan Stanley
2025-08-01,1296805043,MSFT,Microsoft
2025-08-01,1296805043,NEE,NextEra Energy
2025-08-01,1296805043,NFLX,"Netflix, Inc."
2025-08-01,1296805043,NKE,"Nike, Inc."
2025-08-01,1296805043,NOW,ServiceNow
2025-08-01,1296805043,NVDA,Nvidia
2025-08-01,1296805043,ORCL,Oracle Corporation
2025-08-01,1296805043,PEP,PepsiCo
2025-08-01,1296805043,PFE,Pfizer
2025-08-01,1296805043,PG,Procter & Gamble
2025-08-01,1296805043,PLTR,Palantir Technologies
2025-08-01,1296805043,PM,Philip Morris International
2025-08-01,1296805043,PYPL,PayPal
2025-08-01,1296805043,QCOM,Qualcomm
2025-08-01,1296805043,RTX,RTX Corporation
2025-08-01,1296805043,SBUX,Starbucks
2025-08-01,1296805043,SCHW,Charles Schwab Corporation
2025-08-01,1296805043,SO,Southern Company
2025-08-01,1296805043,SPG,Simon Property Group
2025-08-01,1296805043,T,AT&T
2025-08-01,1296805043,TGT,Target Corporation
2025-08-01,1296805043,TMO,Thermo Fisher Scientific
2025-08-01,1296805043,TMUS,T-Mobile US
2025-08-01,1296805043,TSLA,"Tesla, Inc."
2025-08-01,1296805043,TXN,Texas Instruments
2025-08-01,1296805043,UNH,UnitedHealth Group
2025-08-01,1296805043,UNP,Union Pacific Corporation
2025-08-01,1296805043,UPS,United Parcel Service
2025-08-01,1296805043,USB,U.S. Bancorp
2025-08-01,1296805043,V,Visa Inc.
2025-08-01,1296805043,VZ,Verizon
2025-08-01,1296805043,WFC,Wells Fargo
2025-08-01,1296805043,WMT,Walmart
2025-08-01,1296805043,XOM,ExxonMobil
2025-08-08,1296805043,AAPL,Apple Inc.
2025-08-08,1296805043,ABBV,AbbVie
2025-08-08,1296805043,ABT,Abbott Laboratories
2025-08-08,1296805043,ACN,Accenture
2025-08-08,1296805043,ADBE,Adobe Inc.
2025-08-08,1296805043,AIG,American International Group
2025-08-08,1296805043,AMD,Advanced Micro Devices
2025-08-08,1296805043,AMGN,Amgen
2025-08-08,1296805043,AMT,American Tower
2025-08-08,1296805043,AMZN,Amazon
2025-08-08,1296805043,AVGO,Broadcom
2025-08-08,1296805043,AXP,American Express
2025-08-08,1296805043,BA,Boeing
2025-08-08,1296805043,BAC,Bank of America
2025-08-08,1296805043,BK,BNY Mellon
2025-08-08,1296805043,BKNG,Booking Holdings
2025-08-08,1296805043,BLK,BlackRock
2025-08-08,1296805043,BMY,Bristol Myers Squibb
2025-08-08,1296805043,C,Citigroup
2025-08-08,1296805043,CAT,Caterpillar Inc.
2025-08-08,1296805043,CHTR,Charter Communications
2025-08-08,1296805043,CL,Colgate-Palmolive
2025-08-08,1296805043,CMCSA,Comcast
2025-08-08,1296805043,COF,Capital One
2025-08-08,1296805043,COP,ConocoPhillips
2025-08-08,1296805043,COST,Costco
2025-08-08,1296805043,CRM,Salesforce
2025-08-08,1296805043,CSCO,Cisco
2025-08-08,1296805043,CVS,CVS Health
2025-08-08,1296805043,CVX,Chevron Corporation
2025-08-08,1296805043,DE,Deere & Company
2025-08-08,1296805043,DHR,Danaher Corporation
2025-08-08,1296805043,DIS,Walt Disney Company (The)
2025-08-08,1296805043,DUK,Duke Energy
2025-08-08,1296805043,EMR,Emerson Electric
2025-08-08,1296805043,FDX,FedEx
2025-08-08,1296805043,GD,General Dynamics
2025-08-08,1296805043,GE,GE Aerospace
2025-08-08,1296805043,GILD,Gilead Sciences
2025-08-08,1296805043,GM,General Motors
2025-08-08,1296805043,GOOG,Alphabet Inc.(Class C)
2025-08-08,1296805043,GOOGL,Alphabet Inc. (Class A)
2025-08-08,1296805043,GS,Goldman Sachs
2025-08-08,1296805043,HD,Home Depot
2025-08-08,1296805043,HON,Honeywell
2025-08-08,1296805043,IBM,IBM
2025-08-08,1296805043,INTC,Intel
2025-08-08,1296805043,INTU,Intuit
2025-08-08,1296805043,ISRG,Intuitive Surgical
2025-08-08,1296805043,JNJ,Johnson & Johnson
2025-08-08,1296805043,JPM,JPMorgan Chase
2025-08-08,1296805043,KO,Coca-Cola Company (The)
2025-08-08,1296805043,LIN,Linde plc
2025-08-08,1296805043,LLY,Eli Lilly and Company
2025-08-08,1296805043,LMT,Lockheed Martin
2025-08-08,1296805043,LOW,Lowe's
2025-08-08,1296805043,MA,Mastercard
2025-08-08,1296805043,MCD,McDonald's
2025-08-08,1296805043,MDLZ,Mondelēz International
2025-08-08,1296805043,MDT,Medtronic
2025-08-08,1296805043,MET,MetLife
2025-08-08,1296805043,META,Meta Platforms
2025-08-08,1296805043,MMM,3M
2025-08-08,1296805043,MO,Altria
2025-08-08,1296805043,MRK,Merck & Co.
2025-08-08,1296805043,MS,Morgan Stanley
2025-08-08,1296805043,MSFT,Microsoft
2025-08-08,1296805043,NEE,NextEra Energy
2025-08-08,1296805043,NFLX,"Netflix, Inc."
2025-08-08,1296805043,NKE,"Nike, Inc."
2025-08-08,1296805043,NOW,ServiceNow
2025-08-08,1296805043,NVDA,Nvidia
2025-08-08,1296805043,ORCL,Oracle Corporation
2025-08-08,1296805043,PEP,PepsiCo
2025-08-08,1296805043,PFE,Pfizer
2025-08-08,1296805043,PG,Procter & Gamble
2025-08-08,1296805043,PLTR,Palantir Technologies
2025-08-08,1296805043,PM,Philip Morris International
2025-08-08,1296805043,PYPL,PayPal
2025-08-08,1296805043,QCOM,Qualcomm
2025-08-08,1296805043,RTX,RTX Corporation
2025-08-08,1296805043,SBUX,Starbucks
2025-08-08,1296805043,SCHW,Charles Schwab Corporation
2025-08-08,1296805043,SO,Southern Company
2025-08-08,1296805043,SPG,Simon Property Group
2025-08-08,1296805043,T,AT&T
2025-08-08,1296805043,TGT,Target Corporation
2025-08-08,1296805043,TMO,Thermo Fisher Scientific
2025-08-08,1296805043,TMUS,T-Mobile US
2025-08-08,1296805043,TSLA,"Tesla, Inc."
2025-08-08,1296805043,TXN,Texas Instruments
2025-08-08,1296805043,UNH,UnitedHealth Group
2025-08-08,1296805043,UNP,Union Pacific Corporation
2025-08-08,1296805043,UPS,United Parcel Service
2025-08-08,1296805043,USB,U.S. Bancorp
2025-08-08,1296805043,V,Visa Inc.
2025-08-08,1296805043,VZ,Verizon
2025-08-08,1296805043,WFC,Wells Fargo
2025-08-08,1296805043,WMT,Walmart
2025-08-08,1296805043,XOM,ExxonMobil
2025-08-15,1296805043,AAPL,Apple Inc.
2025-08-15,1296805043,ABBV,AbbVie
2025-08-15,1296805043,ABT,Abbott Laboratories
2025-08-15,1296805043,ACN,Accenture
2025-08-15,1296805043,ADBE,Adobe Inc.
2025-08-15,1296805043,AIG,American International Group
2025-08-15,1296805043,AMD,Advanced Micro Devices
2025-08-15,1296805043,AMGN,Amgen
2025-08-15,1296805043,AMT,American Tower
2025-08-15,1296805043,AMZN,Amazon
2025-08-15,1296805043,AVGO,Broadcom
2025-08-15,1296805043,AXP,American Express
2025-08-15,1296805043,BA,Boeing
2025-08-15,1296805043,BAC,Bank of America
2025-08-15,1296805043,BK,BNY Mellon
2025-08-15,1296805043,BKNG,Booking Holdings
2025-08-15,1296805043,BLK,BlackRock
2025-08-15,1296805043,BMY,Bristol Myers Squibb
2025-08-15,1296805043,C,Citigroup
2025-08-15,1296805043,CAT,Caterpillar Inc.
2025-08-15,1296805043,CHTR,Charter Communications
2025-08-15,1296805043,CL,Colgate-Palmolive
2025-08-15,1296805043,CMCSA,Comcast
2025-08-15,1296805043,COF,Capital One
2025-08-15,1296805043,COP,ConocoPhillips
2025-08-15,1296805043,COST,Costco
2025-08-15,1296805043,CRM,Salesforce
2025-08-15,1296805043,CSCO,Cisco
2025-08-15,1296805043,CVS,CVS Health
2025-08-15,1296805043,CVX,Chevron Corporation
2025-08-15,1296805043,DE,Deere & Company
2025-08-15,1296805043,DHR,Danaher Corporation
2025-08-15,1296805043,DIS,Walt Disney Company (The)
2025-08-15,1296805043,DUK,Duke Energy
2025-08-15,1296805043,EMR,Emerson Electric
2025-08-15,1296805043,FDX,FedEx
2025-08-15,1296805043,GD,General Dynamics
2025-08-15,1296805043,GE,GE Aerospace
2025-08-15,1296805043,GILD,Gilead Sciences
2025-08-15,1296805043,GM,General Motors
2025-08-15,1296805043,GOOG,Alphabet Inc.(Class C)
2025-08-15,1296805043,GOOGL,Alphabet Inc. (Class A)
2025-08-15,1296805043,GS,Goldman Sachs
2025-08-15,1296805043,HD,Home Depot
2025-08-15,1296805043,HON,Honeywell
2025-08-15,1296805043,IBM,IBM
2025-08-15,1296805043,INTC,Intel
2025-08-15,1296805043,INTU,Intuit
2025-08-15,1296805043,ISRG,Intuitive Surgical
2025-08-15,1296805043,JNJ,Johnson & Johnson
2025-08-15,1296805043,JPM,JPMorgan Chase
2025-08-15,1296805043,KO,Coca-Cola Company (The)
2025-08-15,1296805043,LIN,Linde plc
2025-08-15,1296805043,LLY,Eli Lilly and Company
2025-08-15,1296805043,LMT,Lockheed Martin
2025-08-15,1296805043,LOW,Lowe's
2025-08-15,1296805043,MA,Mastercard
2025-08-15,1296805043,MCD,McDonald's
2025-08-15,1296805043,MDLZ,Mondelēz International
2025-08-15,1296805043,MDT,Medtronic
2025-08-15,1296805043,MET,MetLife
2025-08-15,1296805043,META,Meta Platforms
2025-08-15,1296805043,MMM,3M
2025-08-15,1296805043,MO,Altria
2025-08-15,1296805043,MRK,Merck & Co.
2025-08-15,1296805043,MS,Morgan Stanley
2025-08-15,1296805043,MSFT,Microsoft
2025-08-15,1296805043,NEE,NextEra Energy
2025-08-15,1296805043,NFLX,"Netflix, Inc."
2025-08-15,1296805043,NKE,"Nike, Inc."
2025-08-15,1296805043,NOW,ServiceNow
2025-08-15,1296805043,NVDA,Nvidia
2025-08-15,1296805043,ORCL,Oracle Corporation
2025-08-15,1296805043,PEP,PepsiCo
2025-08-15,1296805043,PFE,Pfizer
2025-08-15,1296805043,PG,Procter & Gamble
2025-08-15,1296805043,PLTR,Palantir Technologies
2025-08-15,1296805043,PM,Philip Morris International
2025-08-15,1296805043,PYPL,PayPal
2025-08-15,1296805043,QCOM,Qualcomm
2025-08-15,1296805043,RTX,RTX Corporation
2025-08-15,1296805043,SBUX,Starbucks
2025-08-15,1296805043,SCHW,Charles Schwab Corporation
2025-08-15,1296805043,SO,Southern Company
2025-08-15,1296805043,SPG,Simon Property Group
2025-08-15,1296805043,T,AT&T
2025-08-15,1296805043,TGT,Target Corporation
2025-08-15,1296805043,TMO,Thermo Fisher Scientific
2025-08-15,1296805043,TMUS,T-Mobile US
2025-08-15,1296805043,TSLA,"Tesla, Inc."
2025-08-15,1296805043,TXN,Texas Instruments
2025-08-15,1296805043,UNH,UnitedHealth Group
2025-08-15,1296805043,UNP,Union Pacific Corporation
2025-08-15,1296805043,UPS,United Parcel Service
2025-08-15,1296805043,USB,U.S. Bancorp
2025-08-15,1296805043,V,Visa Inc.
2025-08-15,1296805043,VZ,Verizon
2025-08-15,1296805043,WFC,Wells Fargo
2025-08-15,1296805043,WMT,Walmart
2025-08-15,1296805043,XOM,ExxonMobil
2025-08-22,1296805043,AAPL,Apple Inc.
2025-08-22,1296805043,ABBV,AbbVie
2025-08-22,1296805043,ABT,Abbott Laboratories
2025-08-22,1296805043,ACN,Accenture
2025-08-22,1296805043,ADBE,Adobe Inc.
2025-08-22,1296805043,AIG,American International Group
2025-08-22,1296805043,AMD,Advanced Micro Devices
2025-08-22,1296805043,AMGN,Amgen
2025-08-22,1296805043,AMT,American Tower
2025-08-22,1296805043,AMZN,Amazon
2025-08-22,1296805043,AVGO,Broadcom
2025-08-22,1296805043,AXP,American Express
2025-08-22,1296805043,BA,Boeing
2025-08-22,1296805043,BAC,Bank of America
2025-08-22,1296805043,BK,BNY Mellon
2025-08-22,1296805043,BKNG,Booking Holdings
2025-08-22,1296805043,BLK,BlackRock
2025-08-22,1296805043,BMY,Bristol Myers Squibb
2025-08-22,1296805043,C,Citigroup
2025-08-22,1296805043,CAT,Caterpillar Inc.
2025-08-22,1296805043,CHTR,Charter Communications
2025-08-22,1296805043,CL,Colgate-Palmolive
2025-08-22,1296805043,CMCSA,Comcast
2025-08-22,1296805043,COF,Capital One
2025-08-22,1296805043,COP,ConocoPhillips
2025-08-22,1296805043,COST,Costco
2025-08-22,1296805043,CRM,Salesforce
2025-08-22,1296805043,CSCO,Cisco
2025-08-22,1296805043,CVS,CVS Health
2025-08-22,1296805043,CVX,Chevron Corporation
2025-08-22,1296805043,DE,Deere & Company
2025-08-22,1296805043,DHR,Danaher Corporation
2025-08-22,1296805043,DIS,Walt Disney Company (The)
2025-08-22,1296805043,DUK,Duke Energy
2025-08-22,1296805043,EMR,Emerson Electric
2025-08-22,1296805043,FDX,FedEx
2025-08-22,1296805043,GD,General Dynamics
2025-08-22,1296805043,GE,GE Aerospace
2025-08-22,1296805043,GILD,Gilead Sciences
2025-08-22,1296805043,GM,General Motors
2025-08-22,1296805043,GOOG,Alphabet Inc.(Class C)
2025-08-22,1296805043,GOOGL,Alphabet Inc. (Class A)
2025-08-22,1296805043,GS,Goldman Sachs
2025-08-22,1296805043,HD,Home Depot
2025-08-22,1296805043,HON,Honeywell
2025-08-22,1296805043,IBM,IBM
2025-08-22,1296805043,INTC,Intel
2025-08-22,1296805043,INTU,Intuit
2025-08-22,1296805043,ISRG,Intuitive Surgical
2025-08-22,1296805043,JNJ,Johnson & Johnson
2025-08-22,1296805043,JPM,JPMorgan Chase
2025-08-22,1296805043,KO,Coca-Cola Company (The)
2025-08-22,1296805043,LIN,Linde plc
2025-08-22,1296805043,LLY,Eli Lilly and Company
2025-08-22,1296805043,LMT,Lockheed Martin
2025-08-22,1296805043,LOW,Lowe's
2025-08-22,1296805043,MA,Mastercard
2025-08-22,1296805043,MCD,McDonald's
2025-08-22,1296805043,MDLZ,Mondelēz International
2025-08-22,1296805043,MDT,Medtronic
2025-08-22,1296805043,MET,MetLife
2025-08-22,1296805043,META,Meta Platforms
2025-08-22,1296805043,MMM,3M
2025-08-22,1296805043,MO,Altria
2025-08-22,1296805043,MRK,Merck & Co.
2025-08-22,1296805043,MS,Morgan Stanley
2025-08-22,1296805043,MSFT,Microsoft
2025-08-22,1296805043,NEE,NextEra Energy
2025-08-22,1296805043,NFLX,"Netflix, Inc."
2025-08-22,1296805043,NKE,"Nike, Inc."
2025-08-22,1296805043,NOW,ServiceNow
2025-08-22,1296805043,NVDA,Nvidia
2025-08-22,1296805043,ORCL,Oracle Corporation
2025-08-22,1296805043,PEP,PepsiCo
2025-08-22,1296805043,PFE,Pfizer
2025-08-22,1296805043,PG,Procter & Gamble
2025-08-22,1296805043,PLTR,Palantir Technologies
2025-08-22,1296805043,PM,Philip Morris International
2025-08-22,1296805043,PYPL,PayPal
2025-08-22,1296805043,QCOM,Qualcomm
2025-08-22,1296805043,RTX,RTX Corporation
2025-08-22,1296805043,SBUX,Starbucks
2025-08-22,1296805043,SCHW,Charles Schwab Corporation
2025-08-22,1296805043,SO,Southern Company
2025-08-22,1296805043,SPG,Simon Property Group
2025-08-22,1296805043,T,AT&T
2025-08-22,1296805043,TGT,Target Corporation
2025-08-22,1296805043,TMO,Thermo Fisher Scientific
2025-08-22,1296805043,TMUS,T-Mobile US
2025-08-22,1296805043,TSLA,"Tesla, Inc."
2025-08-22,1296805043,TXN,Texas Instruments
2025-08-22,1296805043,UNH,UnitedHealth Group
2025-08-22,1296805043,UNP,Union Pacific Corporation
2025-08-22,1296805043,UPS,United Parcel Service
2025-08-22,1296805043,USB,U.S. Bancorp
2025-08-22,1296805043,V,Visa Inc.
2025-08-22,1296805043,VZ,Verizon
2025-08-22,1296805043,WFC,Wells Fargo
2025-08-22,1296805043,WMT,Walmart
2025-08-22,1296805043,XOM,ExxonMobil
2025-08-29,1296805043,AAPL,Apple Inc.
2025-08-29,1296805043,ABBV,AbbVie
2025-08-29,1296805043,ABT,Abbott Laboratories
2025-08-29,1296805043,ACN,Accenture
2025-08-29,1296805043,ADBE,Adobe Inc.
2025-08-29,1296805043,AIG,American International Group
2025-08-29,1296805043,AMD,Advanced Micro Devices
2025-08-29,1296805043,AMGN,Amgen
2025-08-29,1296805043,AMT,American Tower
2025-08-29,1296805043,AMZN,Amazon
2025-08-29,1296805043,AVGO,Broadcom
2025-08-29,1296805043,AXP,American Express
2025-08-29,1296805043,BA,Boeing
2025-08-29,1296805043,BAC,Bank of America
2025-08-29,1296805043,BK,BNY Mellon
2025-08-29,1296805043,BKNG,Booking Holdings
2025-08-29,1296805043,BLK,BlackRock
2025-08-29,1296805043,BMY,Bristol Myers Squibb
2025-08-29,1296805043,C,Citigroup
2025-08-29,1296805043,CAT,Caterpillar Inc.
2025-08-29,1296805043,CHTR,Charter Communications
2025-08-29,1296805043,CL,Colgate-Palmolive
2025-08-29,1296805043,CMCSA,Comcast
2025-08-29,1296805043,COF,Capital One
2025-08-29,1296805043,COP,ConocoPhillips
2025-08-29,1296805043,COST,Costco
2025-08-29,1296805043,CRM,Salesforce
2025-08-29,1296805043,CSCO,Cisco
2025-08-29,1296805043,CVS,CVS Health
2025-08-29,1296805043,CVX,Chevron Corporation
2025-08-29,1296805043,DE,Deere & Company
2025-08-29,1296805043,DHR,Danaher Corporation
2025-08-29,1296805043,DIS,Walt Disney Company (The)
2025-08-29,1296805043,DUK,Duke Energy
2025-08-29,1296805043,EMR,Emerson Electric
2025-08-29,1296805043,FDX,FedEx
2025-08-29,1296805043,GD,General Dynamics
2025-08-29,1296805043,GE,GE Aerospace
2025-08-29,1296805043,GILD,Gilead Sciences
2025-08-29,1296805043,GM,General Motors
2025-08-29,1296805043,GOOG,Alphabet Inc.(Class C)
2025-08-29,1296805043,GOOGL,Alphabet Inc. (Class A)
2025-08-29,1296805043,GS,Goldman Sachs
2025-08-29,1296805043,HD,Home Depot
2025-08-29,1296805043,HON,Honeywell
2025-08-29,1296805043,IBM,IBM
2025-08-29,1296805043,INTC,Intel
2025-08-29,1296805043,INTU,Intuit
2025-08-29,1296805043,ISRG,Intuitive Surgical
2025-08-29,1296805043,JNJ,Johnson & Johnson
2025-08-29,1296805043,JPM,JPMorgan Chase
2025-08-29,1296805043,KO,Coca-Cola Company (The)
2025-08-29,1296805043,LIN,Linde plc
2025-08-29,1296805043,LLY,Eli Lilly and Company
2025-08-29,1296805043,LMT,Lockheed Martin
2025-08-29,1296805043,LOW,Lowe's
2025-08-29,1296805043,MA,Mastercard
2025-08-29,1296805043,MCD,McDonald's
2025-08-29,1296805043,MDLZ,Mondelēz International
2025-08-29,1296805043,MDT,Medtronic
2025-08-29,1296805043,MET,MetLife
2025-08-29,1296805043,META,Meta Platforms
2025-08-29,1296805043,MMM,3M
2025-08-29,1296805043,MO,Altria
2025-08-29,1296805043,MRK,Merck & Co.
2025-08-29,1296805043,MS,Morgan Stanley
2025-08-29,1296805043,MSFT,Microsoft
2025-08-29,1296805043,NEE,NextEra Energy
2025-08-29,1296805043,NFLX,"Netflix, Inc."
2025-08-29,1296805043,NKE,"Nike, Inc."
2025-08-29,1296805043,NOW,ServiceNow
2025-08-29,1296805043,NVDA,Nvidia
2025-08-29,1296805043,ORCL,Oracle Corporation
2025-08-29,1296805043,PEP,PepsiCo
2025-08-29,1296805043,PFE,Pfizer
2025-08-29,1296805043,PG,Procter & Gamble
2025-08-29,1296805043,PLTR,Palantir Technologies
2025-08-29,1296805043,PM,Philip Morris International
2025-08-29,1296805043,PYPL,PayPal
2025-08-29,1296805043,QCOM,Qualcomm
2025-08-29,1296805043,RTX,RTX Corporation
2025-08-29,1296805043,SBUX,Starbucks
2025-08-29,1296805043,SCHW,Charles Schwab Corporation
2025-08-29,1296805043,SO,Southern Company
2025-08-29,1296805043,SPG,Simon Property Group
2025-08-29,1296805043,T,AT&T
2025-08-29,1296805043,TGT,Target Corporation
2025-08-29,1296805043,TMO,Thermo Fisher Scientific
2025-08-29,1296805043,TMUS,T-Mobile US
2025-08-29,1296805043,TSLA,"Tesla, Inc."
2025-08-29,1296805043,TXN,Texas Instruments
2025-08-29,1296805043,UNH,UnitedHealth Group
2025-08-29,1296805043,UNP,Union Pacific Corporation
2025-08-29,1296805043,UPS,United Parcel Service
2025-08-29,1296805043,USB,U.S. Bancorp
2025-08-29,1296805043,V,Visa Inc.
2025-08-29,1296805043,VZ,Verizon
2025-08-29,1296805043,WFC,Wells Fargo
2025-08-29,1296805043,WMT,Walmart
2025-08-29,1296805043,XOM,ExxonMobil
2025-09-05,1309763269,AAPL,Apple Inc.
2025-09-05,1309763269,ABBV,AbbVie
2025-09-05,1309763269,ABT,Abbott Laboratories
2025-09-05,1309763269,ACN,Accenture
2025-09-05,1309763269,ADBE,Adobe Inc.
2025-09-05,1309763269,AIG,American International Group
2025-09-05,1309763269,AMD,Advanced Micro Devices
2025-09-05,1309763269,AMGN,Amgen
2025-09-05,1309763269,AMT,American Tower
2025-09-05,1309763269,AMZN,Amazon
2025-09-05,1309763269,AVGO,Broadcom
2025-09-05,1309763269,AXP,American Express
2025-09-05,1309763269,BA,Boeing
2025-09-05,1309763269,BAC,Bank of America
2025-09-05,1309763269,BK,BNY Mellon
2025-09-05,1309763269,BKNG,Booking Holdings
2025-09-05,1309763269,BLK,BlackRock
2025-09-05,1309763269,BMY,Bristol Myers Squibb
2025-09-05,1309763269,C,Citigroup
2025-09-05,1309763269,CAT,Caterpillar Inc.
2025-09-05,1309763269,CL,Colgate-Palmolive
2025-09-05,1309763269,CMCSA,Comcast
2025-09-05,1309763269,COF,Capital One
2025-09-05,1309763269,COP,ConocoPhillips
2025-09-05,1309763269,COST,Costco
2025-09-05,1309763269,CRM,Salesforce
2025-09-05,1309763269,CSCO,Cisco
2025-09-05,1309763269,CVS,CVS Health
2025-09-05,1309763269,CVX,Chevron Corporation
2025-09-05,1309763269,DE,Deere & Company
2025-09-05,1309763269,DHR,Danaher Corporation
2025-09-05,1309763269,DIS,Walt Disney Company (The)
2025-09-05,1309763269,DUK,Duke Energy
2025-09-05,1309763269,EMR,Emerson Electric
2025-09-05,1309763269,FDX,FedEx
2025-09-05,1309763269,GD,General Dynamics
2025-09-05,1309763269,GE,GE Aerospace
2025-09-05,1309763269,GILD,Gilead Sciences
2025-09-05,1309763269,GM,General Motors
2025-09-05,1309763269,GOOG,Alphabet Inc.(Class C)
2025-09-05,1309763269,GOOGL,Alphabet Inc. (Class A)
2025-09-05,1309763269,GS,Goldman Sachs
2025-09-05,1309763269,HD,Home Depot
2025-09-05,1309763269,HON,Honeywell
2025-09-05,1309763269,IBM,IBM
2025-09-05,1309763269,INTC,Intel
2025-09-05,1309763269,INTU,Intuit
2025-09-05,1309763269,ISRG,Intuitive Surgical
2025-09-05,1309763269,JNJ,Johnson & Johnson
2025-09-05,1309763269,JPM,JPMorgan Chase
2025-09-05,1309763269,KO,Coca-Cola Company (The)
2025-09-05,1309763269,LIN,Linde plc
2025-09-05,1309763269,LLY,Eli Lilly and Company
2025-09-05,1309763269,LMT,Lockheed Martin
2025-09-05,1309763269,LOW,Lowe's
2025-09-05,1309763269,MA,Mastercard
2025-09-05,1309763269,MCD,McDonald's
2025-09-05,1309763269,MDLZ,Mondelēz International
2025-09-05,1309763269,MDT,Medtronic
2025-09-05,1309763269,MET,MetLife
2025-09-05,1309763269,META,Meta Platforms
2025-09-05,1309763269,MMM,3M
2025-09-05,1309763269,MO,Altria
2025-09-05,1309763269,MRK,Merck & Co.
2025-09-05,1309763269,MS,Morgan Stanley
2025-09-05,1309763269,MSFT,Microsoft
2025-09-05,1309763269,NEE,NextEra Energy
2025-09-05,1309763269,NFLX,"Netflix, Inc."
2025-09-05,1309763269,NKE,"Nike, Inc."
2025-09-05,1309763269,NOW,ServiceNow
2025-09-05,1309763269,NVDA,Nvidia
2025-09-05,1309763269,ORCL,Oracle Corporation
2025-09-05,1309763269,PEP,PepsiCo
2025-09-05,1309763269,PFE,Pfizer
2025-09-05,1309763269,PG,Procter & Gamble
2025-09-05,1309763269,PLTR,Palantir Technologies
2025-09-05,1309763269,PM,Philip Morris International
2025-09-05,1309763269,PYPL,PayPal
2025-09-05,1309763269,QCOM,Qualcomm
2025-09-05,1309763269,RTX,RTX Corporation
2025-09-05,1309763269,SBUX,Starbucks
2025-09-05,1309763269,SCHW,Charles Schwab Corporation
2025-09-05,1309763269,SO,Southern Company
2025-09-05,1309763269,SPG,Simon Property Group
2025-09-05,1309763269,T,AT&T
2025-09-05,1309763269,TGT,Target Corporation
2025-09-05,1309763269,TMO,Thermo Fisher Scientific
2025-09-05,1309763269,TMUS,T-Mobile US
2025-09-05,1309763269,TSLA,"Tesla, Inc."
2025-09-05,1309763269,TXN,Texas Instruments
2025-09-05,1309763269,UBER,Uber
2025-09-05,1309763269,UNH,UnitedHealth Group
2025-09-05,1309763269,UNP,Union Pacific Corporation
2025-09-05,1309763269,UPS,United Parcel Service
2025-09-05,1309763269,USB,U.S. Bancorp
2025-09-05,1309763269,V,Visa Inc.
2025-09-05,1309763269,VZ,Verizon
2025-09-05,1309763269,WFC,Wells Fargo
2025-09-05,1309763269,WMT,Walmart
2025-09-05,1309763269,XOM,ExxonMobil
2025-09-12,1310113765,AAPL,Apple Inc.
2025-09-12,1310113765,ABBV,AbbVie
2025-09-12,1310113765,ABT,Abbott Laboratories
2025-09-12,1310113765,ACN,Accenture
2025-09-12,1310113765,ADBE,Adobe Inc.
2025-09-12,1310113765,AIG,American International Group
2025-09-12,1310113765,AMD,Advanced Micro Devices
2025-09-12,1310113765,AMGN,Amgen
2025-09-12,1310113765,AMT,American Tower
2025-09-12,1310113765,AMZN,Amazon
2025-09-12,1310113765,AVGO,Broadcom
2025-09-12,1310113765,AXP,American Express
2025-09-12,1310113765,BA,Boeing
2025-09-12,1310113765,BAC,Bank of America
2025-09-12,1310113765,BK,BNY Mellon
2025-09-12,1310113765,BKNG,Booking Holdings
2025-09-12,1310113765,BLK,BlackRock
2025-09-12,1310113765,BMY,Bristol Myers Squibb
2025-09-12,1310113765,C,Citigroup
2025-09-12,1310113765,CAT,Caterpillar Inc.
2025-09-12,1310113765,CHTR,Charter Communications
2025-09-12,1310113765,CL,Colgate-Palmolive
2025-09-12,1310113765,CMCSA,Comcast
2025-09-12,1310113765,COF,Capital One
2025-09-12,1310113765,COP,ConocoPhillips
2025-09-12,1310113765,COST,Costco
2025-09-12,1310113765,CRM,Salesforce
2025-09-12,1310113765,CSCO,Cisco
2025-09-12,1310113765,CVS,CVS Health
2025-09-12,1310113765,CVX,Chevron Corporation
2025-09-12,1310113765,DE,Deere & Company
2025-09-12,1310113765,DHR,Danaher Corporation
2025-09-12,1310113765,DIS,Walt Disney Company (The)
2025-09-12,1310113765,DUK,Duke Energy
2025-09-12,1310113765,EMR,Emerson Electric
2025-09-12,1310113765,FDX,FedEx
2025-09-12,1310113765,GD,General Dynamics
2025-09-12,1310113765,GE,GE Aerospace
2025-09-12,1310113765,GILD,Gilead Sciences
2025-09-12,1310113765,GM,General Motors
2025-09-12,1310113765,GOOG,Alphabet Inc.(Class C)
2025-09-12,1310113765,GOOGL,Alphabet Inc. (Class A)
2025-09-12,1310113765,GS,Goldman Sachs
2025-09-12,1310113765,HD,Home Depot
2025-09-12,1310113765,HON,Honeywell
2025-09-12,1310113765,IBM,IBM
2025-09-12,1310113765,INTC,Intel
2025-09-12,1310113765,INTU,Intuit
2025-09-12,1310113765,ISRG,Intuitive Surgical
2025-09-12,1310113765,JNJ,Johnson & Johnson
2025-09-12,1310113765,JPM,JPMorgan Chase
2025-09-12,1310113765,KO,Coca-Cola Company (The)
2025-09-12,1310113765,LIN,Linde plc
2025-09-12,1310113765,LLY,Eli Lilly and Company
2025-09-12,1310113765,LMT,Lockheed Martin
2025-09-12,1310113765,LOW,Lowe's
2025-09-12,1310113765,MA,Mastercard
2025-09-12,1310113765,MCD,McDonald's
2025-09-12,1310113765,MDLZ,Mondelēz International
2025-09-12,1310113765,MDT,Medtronic
2025-09-12,1310113765,MET,MetLife
2025-09-12,1310113765,META,Meta Platforms
2025-09-12,1310113765,MMM,3M
2025-09-12,1310113765,MO,Altria
2025-09-12,1310113765,MRK,Merck & Co.
2025-09-12,1310113765,MS,Morgan Stanley
2025-09-12,1310113765,MSFT,Microsoft
2025-09-12,1310113765,NEE,NextEra Energy
2025-09-12,1310113765,NFLX,"Netflix, Inc."
2025-09-12,1310113765,NKE,"Nike, Inc."
2025-09-12,1310113765,NOW,ServiceNow
2025-09-12,1310113765,NVDA,Nvidia
2025-09-12,1310113765,ORCL,Oracle Corporation
2025-09-12,1310113765,PEP,PepsiCo
2025-09-12,1310113765,PFE,Pfizer
2025-09-12,1310113765,PG,Procter & Gamble
2025-09-12,1310113765,PLTR,Palantir Technologies
2025-09-12,1310113765,PM,Philip Morris International
2025-09-12,1310113765,PYPL,PayPal
2025-09-12,1310113765,QCOM,Qualcomm
2025-09-12,1310113765,RTX,RTX Corporation
2025-09-12,1310113765,SBUX,Starbucks
2025-09-12,1310113765,SCHW,Charles Schwab Corporation
2025-09-12,1310113765,SO,Southern Company
2025-09-12,1310113765,SPG,Simon Property Group
2025-09-12,1310113765,T,AT&T
2025-09-12,1310113765,TGT,Target Corporation
2025-09-12,1310113765,TMO,Thermo Fisher Scientific
2025-09-12,1310113765,TMUS,T-Mobile US
2025-09-12,1310113765,TSLA,"Tesla, Inc."
2025-09-12,1310113765,TXN,Texas Instruments
2025-09-12,1310113765,UNH,UnitedHealth Group
2025-09-12,1310113765,UNP,Union Pacific Corporation
2025-09-12,1310113765,UPS,United Parcel Service
2025-09-12,1310113765,USB,U.S. Bancorp
2025-09-12,1310113765,V,Visa Inc.
2025-09-12,1310113765,VZ,Verizon
2025-09-12,1310113765,WFC,Wells Fargo
2025-09-12,1310113765,WMT,Walmart
2025-09-12,1310113765,XOM,ExxonMobil
2025-09-19,1310113765,AAPL,Apple Inc.
2025-09-19,1310113765,ABBV,AbbVie
2025-09-19,1310113765,ABT,Abbott Laboratories
2025-09-19,1310113765,ACN,Accenture
2025-09-19,1310113765,ADBE,Adobe Inc.
2025-09-19,1310113765,AIG,American International Group
2025-09-19,1310113765,AMD,Advanced Micro Devices
2025-09-19,1310113765,AMGN,Amgen
2025-09-19,1310113765,AMT,American Tower
2025-09-19,1310113765,AMZN,Amazon
2025-09-19,1310113765,AVGO,Broadcom
2025-09-19,1310113765,AXP,American Express
2025-09-19,1310113765,BA,Boeing
2025-09-19,1310113765,BAC,Bank of America
2025-09-19,1310113765,BK,BNY Mellon
2025-09-19,1310113765,BKNG,Booking Holdings
2025-09-19,1310113765,BLK,BlackRock
2025-09-19,1310113765,BMY,Bristol Myers Squibb
2025-09-19,1310113765,C,Citigroup
2025-09-19,1310113765,CAT,Caterpillar Inc.
2025-09-19,1310113765,CHTR,Charter Communications
2025-09-19,1310113765,CL,Colgate-Palmolive
2025-09-19,1310113765,CMCSA,Comcast
2025-09-19,1310113765,COF,Capital One
2025-09-19,1310113765,COP,ConocoPhillips
2025-09-19,1310113765,COST,Costco
2025-09-19,1310113765,CRM,Salesforce
2025-09-19,1310113765,CSCO,Cisco
2025-09-19,1310113765,CVS,CVS Health
2025-09-19,1310113765,CVX,Chevron Corporation
2025-09-19,1310113765,DE,Deere & Company
2025-09-19,1310113765,DHR,Danaher Corporation
2025-09-19,1310113765,DIS,Walt Disney Company (The)
2025-09-19,1310113765,DUK,Duke Energy
2025-09-19,1310113765,EMR,Emerson Electric
2025-09-19,1310113765,FDX,FedEx
2025-09-19,1310113765,GD,General Dynamics
2025-09-19,1310113765,GE,GE Aerospace
2025-09-19,1310113765,GILD,Gilead Sciences
2025-09-19,1310113765,GM,General Motors
2025-09-19,1310113765,GOOG,Alphabet Inc.(Class C)
2025-09-19,1310113765,GOOGL,Alphabet Inc. (Class A)
2025-09-19,1310113765,GS,Goldman Sachs
2025-09-19,1310113765,HD,Home Depot
2025-09-19,1310113765,HON,Honeywell
2025-09-19,1310113765,IBM,IBM
2025-09-19,1310113765,INTC,Intel
2025-09-19,1310113765,INTU,Intuit
2025-09-19,1310113765,ISRG,Intuitive Surgical
2025-09-19,1310113765,JNJ,Johnson & Johnson
2025-09-19,1310113765,JPM,JPMorgan Chase
2025-09-19,1310113765,KO,Coca-Cola Company (The)
2025-09-19,1310113765,LIN,Linde plc
2025-09-19,1310113765,LLY,Eli Lilly and Company
2025-09-19,1310113765,LMT,Lockheed Martin
2025-09-19,1310113765,LOW,Lowe's
2025-09-19,1310113765,MA,Mastercard
2025-09-19,1310113765,MCD,McDonald's
2025-09-19,1310113765,MDLZ,Mondelēz International
2025-09-19,1310113765,MDT,Medtronic
2025-09-19,1310113765,MET,MetLife
2025-09-19,1310113765,META,Meta Platforms
2025-09-19,1310113765,MMM,3M
2025-09-19,1310113765,MO,Altria
2025-09-19,1310113765,MRK,Merck & Co.
2025-09-19,1310113765,MS,Morgan Stanley
2025-09-19,1310113765,MSFT,Microsoft
2025-09-19,1310113765,NEE,NextEra Energy
2025-09-19,1310113765,NFLX,"Netflix, Inc."
2025-09-19,1310113765,NKE,"Nike, Inc."
2025-09-19,1310113765,NOW,ServiceNow
2025-09-19,1310113765,NVDA,Nvidia
2025-09-19,1310113765,ORCL,Oracle Corporation
2025-09-19,1310113765,PEP,PepsiCo
2025-09-19,1310113765,PFE,Pfizer
2025-09-19,1310113765,PG,Procter & Gamble
2025-09-19,1310113765,PLTR,Palantir Technologies
2025-09-19,1310113765,PM,Philip Morris International
2025-09-19,1310113765,PYPL,PayPal
2025-09-19,1310113765,QCOM,Qualcomm
2025-09-19,1310113765,RTX,RTX Corporation
2025-09-19,1310113765,SBUX,Starbucks
2025-09-19,1310113765,SCHW,Charles Schwab Corporation
2025-09-19,1310113765,SO,Southern Company
2025-09-19,1310113765,SPG,Simon Property Group
2025-09-19,1310113765,T,AT&T
2025-09-19,1310113765,TGT,Target Corporation
2025-09-19,1310113765,TMO,Thermo Fisher Scientific
2025-09-19,1310113765,TMUS,T-Mobile US
2025-09-19,1310113765,TSLA,"Tesla, Inc."
2025-09-19,1310113765,TXN,Texas Instruments
2025-09-19,1310113765,UNH,UnitedHealth Group
2025-09-19,1310113765,UNP,Union Pacific Corporation
2025-09-19,1310113765,UPS,United Parcel Service
2025-09-19,1310113765,USB,U.S. Bancorp
2025-09-19,1310113765,V,Visa Inc.
2025-09-19,1310113765,VZ,Verizon
2025-09-19,1310113765,WFC,Wells Fargo
2025-09-19,1310113765,WMT,Walmart
2025-09-19,1310113765,XOM,ExxonMobil
2025-09-26,1312509018,AAPL,Apple Inc.
2025-09-26,1312509018,ABBV,AbbVie
2025-09-26,1312509018,ABT,Abbott Laboratories
2025-09-26,1312509018,ACN,Accenture
2025-09-26,1312509018,ADBE,Adobe Inc.
2025-09-26,1312509018,AIG,American International Group
2025-09-26,1312509018,AMD,Advanced Micro Devices
2025-09-26,1312509018,AMGN,Amgen
2025-09-26,1312509018,AMT,American Tower
2025-09-26,1312509018,AMZN,Amazon
2025-09-26,1312509018,AVGO,Broadcom
2025-09-26,1312509018,AXP,American Express
2025-09-26,1312509018,BA,Boeing
2025-09-26,1312509018,BAC,Bank of America
2025-09-26,1312509018,BK,BNY Mellon
2025-09-26,1312509018,BKNG,Booking Holdings
2025-09-26,1312509018,BLK,BlackRock
2025-09-26,1312509018,BMY,Bristol Myers Squibb
2025-09-26,1312509018,C,Citigroup
2025-09-26,1312509018,CAT,Caterpillar Inc.
2025-09-26,1312509018,CL,Colgate-Palmolive
2025-09-26,1312509018,CMCSA,Comcast
2025-09-26,1312509018,COF,Capital One
2025-09-26,1312509018,COP,ConocoPhillips
2025-09-26,1312509018,COST,Costco
2025-09-26,1312509018,CRM,Salesforce
2025-09-26,1312509018,CSCO,Cisco
2025-09-26,1312509018,CVS,CVS Health
2025-09-26,1312509018,CVX,Chevron Corporation
2025-09-26,1312509018,DE,Deere & Company
2025-09-26,1312509018,DHR,Danaher Corporation
2025-09-26,1312509018,DIS,Walt Disney Company (The)
2025-09-26,1312509018,DUK,Duke Energy
2025-09-26,1312509018,EMR,Emerson Electric
2025-09-26,1312509018,FDX,FedEx
2025-09-26,1312509018,GD,General Dynamics
2025-09-26,1312509018,GE,GE Aerospace
2025-09-26,1312509018,GILD,Gilead Sciences
2025-09-26,1312509018,GM,General Motors
2025-09-26,1312509018,GOOG,Alphabet Inc.(Class C)
2025-09-26,1312509018,GOOGL,Alphabet Inc. (Class A)
2025-09-26,1312509018,GS,Goldman Sachs
2025-09-26,1312509018,HD,Home Depot
2025-09-26,1312509018,HON,Honeywell
2025-09-26,1312509018,IBM,IBM
2025-09-26,1312509018,INTC,Intel
2025-09-26,1312509018,INTU,Intuit
2025-09-26,1312509018,ISRG,Intuitive Surgical
2025-09-26,1312509018,JNJ,Johnson & Johnson
2025-09-26,1312509018,JPM,JPMorgan Chase
2025-09-26,1312509018,KO,Coca-Cola Company (The)
2025-09-26,1312509018,LIN,Linde plc
2025-09-26,1312509018,LLY,Eli Lilly and Company
2025-09-26,1312509018,LMT,Lockheed Martin
2025-09-26,1312509018,LOW,Lowe's
2025-09-26,1312509018,MA,Mastercard
2025-09-26,1312509018,MCD,McDonald's
2025-09-26,1312509018,MDLZ,Mondelēz International
2025-09-26,1312509018,MDT,Medtronic
2025-09-26,1312509018,MET,MetLife
2025-09-26,1312509018,META,Meta Platforms
2025-09-26,1312509018,MMM,3M
2025-09-26,1312509018,MO,Altria
2025-09-26,1312509018,MRK,Merck & Co.
2025-09-26,1312509018,MS,Morgan Stanley
2025-09-26,1312509018,MSFT,Microsoft
2025-09-26,1312509018,NEE,NextEra Energy
2025-09-26,1312509018,NFLX,"Netflix, Inc."
2025-09-26,1312509018,NKE,"Nike, Inc."
2025-09-26,1312509018,NOW,ServiceNow
2025-09-26,1312509018,NVDA,Nvidia
2025-09-26,1312509018,ORCL,Oracle Corporation
2025-09-26,1312509018,PEP,PepsiCo
2025-09-26,1312509018,PFE,Pfizer
2025-09-26,1312509018,PG,Procter & Gamble
2025-09-26,1312509018,PLTR,Palantir Technologies
2025-09-26,1312509018,PM,Philip Morris International
2025-09-26,1312509018,PYPL,PayPal
2025-09-26,1312509018,QCOM,Qualcomm
2025-09-26,1312509018,RTX,RTX Corporation
2025-09-26,1312509018,SBUX,Starbucks
2025-09-26,1312509018,SCHW,Charles Schwab Corporation
2025-09-26,1312509018,SO,Southern Company
2025-09-26,1312509018,SPG,Simon Property Group
2025-09-26,1312509018,T,AT&T
2025-09-26,1312509018,TGT,Target Corporation
2025-09-26,1312509018,TMO,Thermo Fisher Scientific
2025-09-26,1312509018,TMUS,T-Mobile US
2025-09-26,1312509018,TSLA,"Tesla, Inc."
2025-09-26,1312509018,TXN,Texas Instruments
2025-09-26,1312509018,UBER,Uber
2025-09-26,1312509018,UNH,UnitedHealth Group
2025-09-26,1312509018,UNP,Union Pacific Corporation
2025-09-26,1312509018,UPS,United Parcel Service
2025-09-26,1312509018,USB,U.S. Bancorp
2025-09-26,1312509018,V,Visa Inc.
2025-09-26,1312509018,VZ,Verizon
2025-09-26,1312509018,WFC,Wells Fargo
2025-09-26,1312509018,WMT,Walmart
2025-09-26,1312509018,XOM,ExxonMobil
2025-10-03,1312509018,AAPL,Apple Inc.
2025-10-03,1312509018,ABBV,AbbVie
2025-10-03,1312509018,ABT,Abbott Laboratories
2025-10-03,1312509018,ACN,Accenture
2025-10-03,1312509018,ADBE,Adobe Inc.
2025-10-03,1312509018,AIG,American International Group
2025-10-03,1312509018,AMD,Advanced Micro Devices
2025-10-03,1312509018,AMGN,Amgen
2025-10-03,1312509018,AMT,American Tower
2025-10-03,1312509018,AMZN,Amazon
2025-10-03,1312509018,AVGO,Broadcom
2025-10-03,1312509018,AXP,American Express
2025-10-03,1312509018,BA,Boeing
2025-10-03,1312509018,BAC,Bank of America
2025-10-03,1312509018,BK,BNY Mellon
2025-10-03,1312509018,BKNG,Booking Holdings
2025-10-03,1312509018,BLK,BlackRock
2025-10-03,1312509018,BMY,Bristol Myers Squibb
2025-10-03,1312509018,C,Citigroup
2025-10-03,1312509018,CAT,Caterpillar Inc.
2025-10-03,1312509018,CL,Colgate-Palmolive
2025-10-03,1312509018,CMCSA,Comcast
2025-10-03,1312509018,COF,Capital One
2025-10-03,1312509018,COP,ConocoPhillips
2025-10-03,1312509018,COST,Costco
2025-10-03,1312509018,CRM,Salesforce
2025-10-03,1312509018,CSCO,Cisco
2025-10-03,1312509018,CVS,CVS Health
2025-10-03,1312509018,CVX,Chevron Corporation
2025-10-03,1312509018,DE,Deere & Company
2025-10-03,1312509018,DHR,Danaher Corporation
2025-10-03,1312509018,DIS,Walt Disney Company (The)
2025-10-03,1312509018,DUK,Duke Energy
2025-10-03,1312509018,EMR,Emerson Electric
2025-10-03,1312509018,FDX,FedEx
2025-10-03,1312509018,GD,General Dynamics
2025-10-03,1312509018,GE,GE Aerospace
2025-10-03,1312509018,GILD,Gilead Sciences
2025-10-03,1312509018,GM,General Motors
2025-10-03,1312509018,GOOG,Alphabet Inc.(Class C)
2025-10-03,1312509018,GOOGL,Alphabet Inc. (Class A)
2025-10-03,1312509018,GS,Goldman Sachs
2025-10-03,1312509018,HD,Home Depot
2025-10-03,1312509018,HON,Honeywell
2025-10-03,1312509018,IBM,IBM
2025-10-03,1312509018,INTC,Intel
2025-10-03,1312509018,INTU,Intuit
2025-10-03,1312509018,ISRG,Intuitive Surgical
2025-10-03,1312509018,JNJ,Johnson & Johnson
2025-10-03,1312509018,JPM,JPMorgan Chase
2025-10-03,1312509018,KO,Coca-Cola Company (The)
2025-10-03,1312509018,LIN,Linde plc
2025-10-03,1312509018,LLY,Eli Lilly and Company
2025-10-03,1312509018,LMT,Lockheed Martin
2025-10-03,1312509018,LOW,Lowe's
2025-10-03,1312509018,MA,Mastercard
2025-10-03,1312509018,MCD,McDonald's
2025-10-03,1312509018,MDLZ,Mondelēz International
2025-10-03,1312509018,MDT,Medtronic
2025-10-03,1312509018,MET,MetLife
2025-10-03,1312509018,META,Meta Platforms
2025-10-03,1312509018,MMM,3M
2025-10-03,1312509018,MO,Altria
2025-10-03,1312509018,MRK,Merck & Co.
2025-10-03,1312509018,MS,Morgan Stanley
2025-10-03,1312509018,MSFT,Microsoft
2025-10-03,1312509018,NEE,NextEra Energy
2025-10-03,1312509018,NFLX,"Netflix, Inc."
2025-10-03,1312509018,NKE,"Nike, Inc."
2025-10-03,1312509018,NOW,ServiceNow
2025-10-03,1312509018,NVDA,Nvidia
2025-10-03,1312509018,ORCL,Oracle Corporation
2025-10-03,1312509018,PEP,PepsiCo
2025-10-03,1312509018,PFE,Pfizer
2025-10-03,1312509018,PG,Procter & Gamble
2025-10-03,1312509018,PLTR,Palantir Technologies
2025-10-03,1312509018,PM,Philip Morris International
2025-10-03,1312509018,PYPL,PayPal
2025-10-03,1312509018,QCOM,Qualcomm
2025-10-03,1312509018,RTX,RTX Corporation
2025-10-03,1312509018,SBUX,Starbucks
2025-10-03,1312509018,SCHW,Charles Schwab Corporation
2025-10-03,1312509018,SO,Southern Company
2025-10-03,1312509018,SPG,Simon Property Group
2025-10-03,1312509018,T,AT&T
2025-10-03,1312509018,TGT,Target Corporation
2025-10-03,1312509018,TMO,Thermo Fisher Scientific
2025-10-03,1312509018,TMUS,T-Mobile US
2025-10-03,1312509018,TSLA,"Tesla, Inc."
2025-10-03,1312509018,TXN,Texas Instruments
2025-10-03,1312509018,UBER,Uber
2025-10-03,1312509018,UNH,UnitedHealth Group
2025-10-03,1312509018,UNP,Union Pacific Corporation
2025-10-03,1312509018,UPS,United Parcel Service
2025-10-03,1312509018,USB,U.S. Bancorp
2025-10-03,1312509018,V,Visa Inc.
2025-10-03,1312509018,VZ,Verizon
2025-10-03,1312509018,WFC,Wells Fargo
2025-10-03,1312509018,WMT,Walmart
2025-10-03,1312509018,XOM,ExxonMobil
2025-10-10,1315309322,AAPL,Apple Inc.
2025-10-10,1315309322,ABBV,AbbVie
2025-10-10,1315309322,ABT,Abbott Laboratories
2025-10-10,1315309322,ACN,Accenture
2025-10-10,1315309322,ADBE,Adobe Inc.
2025-10-10,1315309322,AIG,American International Group
2025-10-10,1315309322,AMD,Advanced Micro Devices
2025-10-10,1315309322,AMGN,Amgen
2025-10-10,1315309322,AMT,American Tower
2025-10-10,1315309322,AMZN,Amazon
2025-10-10,1315309322,AVGO,Broadcom
2025-10-10,1315309322,AXP,American Express
2025-10-10,1315309322,BA,Boeing
2025-10-10,1315309322,BAC,Bank of America
2025-10-10,1315309322,BK,BNY Mellon
2025-10-10,1315309322,BKNG,Booking Holdings
2025-10-10,1315309322,BLK,BlackRock
2025-10-10,1315309322,BMY,Bristol Myers Squibb
2025-10-10,1315309322,C,Citigroup
2025-10-10,1315309322,CAT,Caterpillar Inc.
2025-10-10,1315309322,CL,Colgate-Palmolive
2025-10-10,1315309322,CMCSA,Comcast
2025-10-10,1315309322,COF,Capital One
2025-10-10,1315309322,COP,ConocoPhillips
2025-10-10,1315309322,COST,Costco
2025-10-10,1315309322,CRM,Salesforce
2025-10-10,1315309322,CSCO,Cisco
2025-10-10,1315309322,CVS,CVS Health
2025-10-10,1315309322,CVX,Chevron Corporation
2025-10-10,1315309322,DE,Deere & Company
2025-10-10,1315309322,DHR,Danaher Corporation
2025-10-10,1315309322,DIS,Walt Disney Company (The)
2025-10-10,1315309322,DUK,Duke Energy
2025-10-10,1315309322,EMR,Emerson Electric
2025-10-10,1315309322,FDX,FedEx
2025-10-10,1315309322,GD,General Dynamics
2025-10-10,1315309322,GE,GE Aerospace
2025-10-10,1315309322,GILD,Gilead Sciences
2025-10-10,1315309322,GM,General Motors
2025-10-10,1315309322,GOOG,Alphabet Inc.(Class C)
2025-10-10,1315309322,GOOGL,Alphabet Inc. (Class A)
2025-10-10,1315309322,GS,Goldman Sachs
2025-10-10,1315309322,HD,Home Depot
2025-10-10,1315309322,HON,Honeywell
2025-10-10,1315309322,IBM,IBM
2025-10-10,1315309322,INTC,Intel
2025-10-10,1315309322,INTU,Intuit
2025-10-10,1315309322,ISRG,Intuitive Surgical
2025-10-10,1315309322,JNJ,Johnson & Johnson
2025-10-10,1315309322,JPM,JPMorgan Chase
2025-10-10,1315309322,KO,Coca-Cola Company (The)
2025-10-10,1315309322,LIN,Linde plc
2025-10-10,1315309322,LLY,Eli Lilly and Company
2025-10-10,1315309322,LMT,Lockheed Martin
2025-10-10,1315309322,LOW,Lowe's
2025-10-10,1315309322,MA,Mastercard
2025-10-10,1315309322,MCD,McDonald's
2025-10-10,1315309322,MDLZ,Mondelēz International
2025-10-10,1315309322,MDT,Medtronic
2025-10-10,1315309322,MET,MetLife
2025-10-10,1315309322,META,Meta Platforms
2025-10-10,1315309322,MMM,3M
2025-10-10,1315309322,MO,Altria
2025-10-10,1315309322,MRK,Merck & Co.
2025-10-10,1315309322,MS,Morgan Stanley
2025-10-10,1315309322,MSFT,Microsoft
2025-10-10,1315309322,NEE,NextEra Energy
2025-10-10,1315309322,NFLX,"Netflix, Inc."
2025-10-10,1315309322,NKE,"Nike, Inc."
2025-10-10,1315309322,NOW,ServiceNow
2025-10-10,1315309322,NVDA,Nvidia
2025-10-10,1315309322,ORCL,Oracle Corporation
2025-10-10,1315309322,PEP,PepsiCo
2025-10-10,1315309322,PFE,Pfizer
2025-10-10,1315309322,PG,Procter & Gamble
2025-10-10,1315309322,PLTR,Palantir Technologies
2025-10-10,1315309322,PM,Philip Morris International
2025-10-10,1315309322,PYPL,PayPal
2025-10-10,1315309322,QCOM,Qualcomm
2025-10-10,1315309322,RTX,RTX Corporation
2025-10-10,1315309322,SBUX,Starbucks
2025-10-10,1315309322,SCHW,Charles Schwab Corporation
2025-10-10,1315309322,SO,Southern Company
2025-10-10,1315309322,SPG,Simon Property Group
2025-10-10,1315309322,T,AT&T
2025-10-10,1315309322,TGT,Target Corporation
2025-10-10,1315309322,TMO,Thermo Fisher Scientific
2025-10-10,1315309322,TMUS,T-Mobile US
2025-10-10,1315309322,TSLA,"Tesla, Inc."
2025-10-10,1315309322,TXN,Texas Instruments
2025-10-10,1315309322,UBER,Uber
2025-10-10,1315309322,UNH,UnitedHealth Group
2025-10-10,1315309322,UNP,Union Pacific Corporation
2025-10-10,1315309322,UPS,United Parcel Service
2025-10-10,1315309322,USB,U.S. Bancorp
2025-10-10,1315309322,V,Visa Inc.
2025-10-10,1315309322,VZ,Verizon
2025-10-10,1315309322,WFC,Wells Fargo
2025-10-10,1315309322,WMT,Walmart
2025-10-10,1315309322,XOM,ExxonMobil
2025-10-17,1315309322,AAPL,Apple Inc.
2025-10-17,1315309322,ABBV,AbbVie
2025-10-17,1315309322,ABT,Abbott Laboratories
2025-10-17,1315309322,ACN,Accenture
2025-10-17,1315309322,ADBE,Adobe Inc.
2025-10-17,1315309322,AIG,American International Group
2025-10-17,1315309322,AMD,Advanced Micro Devices
2025-10-17,1315309322,AMGN,Amgen
2025-10-17,1315309322,AMT,American Tower
2025-10-17,1315309322,AMZN,Amazon
2025-10-17,1315309322,AVGO,Broadcom
2025-10-17,1315309322,AXP,American Express
2025-10-17,1315309322,BA,Boeing
2025-10-17,1315309322,BAC,Bank of America
2025-10-17,1315309322,BK,BNY Mellon
2025-10-17,1315309322,BKNG,Booking Holdings
2025-10-17,1315309322,BLK,BlackRock
2025-10-17,1315309322,BMY,Bristol Myers Squibb
2025-10-17,1315309322,C,Citigroup
2025-10-17,1315309322,CAT,Caterpillar Inc.
2025-10-17,1315309322,CL,Colgate-Palmolive
2025-10-17,1315309322,CMCSA,Comcast
2025-10-17,1315309322,COF,Capital One
2025-10-17,1315309322,COP,ConocoPhillips
2025-10-17,1315309322,COST,Costco
2025-10-17,1315309322,CRM,Salesforce
2025-10-17,1315309322,CSCO,Cisco
2025-10-17,1315309322,CVS,CVS Health
2025-10-17,1315309322,CVX,Chevron Corporation
2025-10-17,1315309322,DE,Deere & Company
2025-10-17,1315309322,DHR,Danaher Corporation
2025-10-17,1315309322,DIS,Walt Disney Company (The)
2025-10-17,1315309322,DUK,Duke Energy
2025-10-17,1315309322,EMR,Emerson Electric
2025-10-17,1315309322,FDX,FedEx
2025-10-17,1315309322,GD,General Dynamics
2025-10-17,1315309322,GE,GE Aerospace
2025-10-17,1315309322,GILD,Gilead Sciences
2025-10-17,1315309322,GM,General Motors
2025-10-17,1315309322,GOOG,Alphabet Inc.(Class C)
2025-10-17,1315309322,GOOGL,Alphabet Inc. (Class A)
2025-10-17,1315309322,GS,Goldman Sachs
2025-10-17,1315309322,HD,Home Depot
2025-10-17,1315309322,HON,Honeywell
2025-10-17,1315309322,IBM,IBM
2025-10-17,1315309322,INTC,Intel
2025-10-17,1315309322,INTU,Intuit
2025-10-17,1315309322,ISRG,Intuitive Surgical
2025-10-17,1315309322,JNJ,Johnson & Johnson
2025-10-17,1315309322,JPM,JPMorgan Chase
2025-10-17,1315309322,KO,Coca-Cola Company (The)
2025-10-17,1315309322,LIN,Linde plc
2025-10-17,1315309322,LLY,Eli Lilly and Company
2025-10-17,1315309322,LMT,Lockheed Martin
2025-10-17,1315309322,LOW,Lowe's
2025-10-17,1315309322,MA,Mastercard
2025-10-17,1315309322,MCD,McDonald's
2025-10-17,1315309322,MDLZ,Mondelēz International
2025-10-17,1315309322,MDT,Medtronic
2025-10-17,1315309322,MET,MetLife
2025-10-17,1315309322,META,Meta Platforms
2025-10-17,1315309322,MMM,3M
2025-10-17,1315309322,MO,Altria
2025-10-17,1315309322,MRK,Merck & Co.
2025-10-17,1315309322,MS,Morgan Stanley
2025-10-17,1315309322,MSFT,Microsoft
2025-10-17,1315309322,NEE,NextEra Energy
2025-10-17,1315309322,NFLX,"Netflix, Inc."
2025-10-17,1315309322,NKE,"Nike, Inc."
2025-10-17,1315309322,NOW,ServiceNow
2025-10-17,1315309322,NVDA,Nvidia
2025-10-17,1315309322,ORCL,Oracle Corporation
2025-10-17,1315309322,PEP,PepsiCo
2025-10-17,1315309322,PFE,Pfizer
2025-10-17,1315309322,PG,Procter & Gamble
2025-10-17,1315309322,PLTR,Palantir Technologies
2025-10-17,1315309322,PM,Philip Morris International
2025-10-17,1315309322,PYPL,PayPal
2025-10-17,1315309322,QCOM,Qualcomm
2025-10-17,1315309322,RTX,RTX Corporation
2025-10-17,1315309322,SBUX,Starbucks
2025-10-17,1315309322,SCHW,Charles Schwab Corporation
2025-10-17,1315309322,SO,Southern Company
2025-10-17,1315309322,SPG,Simon Property Group
2025-10-17,1315309322,T,AT&T
2025-10-17,1315309322,TGT,Target Corporation
2025-10-17,1315309322,TMO,Thermo Fisher Scientific
2025-10-17,1315309322,TMUS,T-Mobile US
2025-10-17,1315309322,TSLA,"Tesla, Inc."
2025-10-17,1315309322,TXN,Texas Instruments
2025-10-17,1315309322,UBER,Uber
2025-10-17,1315309322,UNH,UnitedHealth Group
2025-10-17,1315309322,UNP,Union Pacific Corporation
2025-10-17,1315309322,UPS,United Parcel Service
2025-10-17,1315309322,USB,U.S. Bancorp
2025-10-17,1315309322,V,Visa Inc.
2025-10-17,1315309322,VZ,Verizon
2025-10-17,1315309322,WFC,Wells Fargo
2025-10-17,1315309322,WMT,Walmart
2025-10-17,1315309322,XOM,ExxonMobil
2025-10-24,1315309322,AAPL,Apple Inc.
2025-10-24,1315309322,ABBV,AbbVie
2025-10-24,1315309322,ABT,Abbott Laboratories
2025-10-24,1315309322,ACN,Accenture
2025-10-24,1315309322,ADBE,Adobe Inc.
2025-10-24,1315309322,AIG,American International Group
2025-10-24,1315309322,AMD,Advanced Micro Devices
2025-10-24,1315309322,AMGN,Amgen
2025-10-24,1315309322,AMT,American Tower
2025-10-24,1315309322,AMZN,Amazon
2025-10-24,1315309322,AVGO,Broadcom
2025-10-24,1315309322,AXP,American Express
2025-10-24,1315309322,BA,Boeing
2025-10-24,1315309322,BAC,Bank of America
2025-10-24,1315309322,BK,BNY Mellon
2025-10-24,1315309322,BKNG,Booking Holdings
2025-10-24,1315309322,BLK,BlackRock
2025-10-24,1315309322,BMY,Bristol Myers Squibb
2025-10-24,1315309322,C,Citigroup
2025-10-24,1315309322,CAT,Caterpillar Inc.
2025-10-24,1315309322,CL,Colgate-Palmolive
2025-10-24,1315309322,CMCSA,Comcast
2025-10-24,1315309322,COF,Capital One
2025-10-24,1315309322,COP,ConocoPhillips
2025-10-24,1315309322,COST,Costco
2025-10-24,1315309322,CRM,Salesforce
2025-10-24,1315309322,CSCO,Cisco
2025-10-24,1315309322,CVS,CVS Health
2025-10-24,1315309322,CVX,Chevron Corporation
2025-10-24,1315309322,DE,Deere & Company
2025-10-24,1315309322,DHR,Danaher Corporation
2025-10-24,1315309322,DIS,Walt Disney Company (The)
2025-10-24,1315309322,DUK,Duke Energy
2025-10-24,1315309322,EMR,Emerson Electric
2025-10-24,1315309322,FDX,FedEx
2025-10-24,1315309322,GD,General Dynamics
2025-10-24,1315309322,GE,GE Aerospace
2025-10-24,1315309322,GILD,Gilead Sciences
2025-10-24,1315309322,GM,General Motors
2025-10-24,1315309322,GOOG,Alphabet Inc.(Class C)
2025-10-24,1315309322,GOOGL,Alphabet Inc. (Class A)
2025-10-24,1315309322,GS,Goldman Sachs
2025-10-24,1315309322,HD,Home Depot
2025-10-24,1315309322,HON,Honeywell
2025-10-24,1315309322,IBM,IBM
2025-10-24,1315309322,INTC,Intel
2025-10-24,1315309322,INTU,Intuit
2025-10-24,1315309322,ISRG,Intuitive Surgical
2025-10-24,1315309322,JNJ,Johnson & Johnson
2025-10-24,1315309322,JPM,JPMorgan Chase
2025-10-24,1315309322,KO,Coca-Cola Company (The)
2025-10-24,1315309322,LIN,Linde plc
2025-10-24,1315309322,LLY,Eli Lilly and Company
2025-10-24,1315309322,LMT,Lockheed Martin
2025-10-24,1315309322,LOW,Lowe's
2025-10-24,1315309322,MA,Mastercard
2025-10-24,1315309322,MCD,McDonald's
2025-10-24,1315309322,MDLZ,Mondelēz International
2025-10-24,1315309322,MDT,Medtronic
2025-10-24,1315309322,MET,MetLife
2025-10-24,1315309322,META,Meta Platforms
2025-10-24,1315309322,MMM,3M
2025-10-24,1315309322,MO,Altria
2025-10-24,1315309322,MRK,Merck & Co.
2025-10-24,1315309322,MS,Morgan Stanley
2025-10-24,1315309322,MSFT,Microsoft
2025-10-24,1315309322,NEE,NextEra Energy
2025-10-24,1315309322,NFLX,"Netflix, Inc."
2025-10-24,1315309322,NKE,"Nike, Inc."
2025-10-24,1315309322,NOW,ServiceNow
2025-10-24,1315309322,NVDA,Nvidia
2025-10-24,1315309322,ORCL,Oracle Corporation
2025-10-24,1315309322,PEP,PepsiCo
2025-10-24,1315309322,PFE,Pfizer
2025-10-24,1315309322,PG,Procter & Gamble
2025-10-24,1315309322,PLTR,Palantir Technologies
2025-10-24,1315309322,PM,Philip Morris International
2025-10-24,1315309322,PYPL,PayPal
2025-10-24,1315309322,QCOM,Qualcomm
2025-10-24,1315309322,RTX,RTX Corporation
2025-10-24,1315309322,SBUX,Starbucks
2025-10-24,1315309322,SCHW,Charles Schwab Corporation
2025-10-24,1315309322,SO,Southern Company
2025-10-24,1315309322,SPG,Simon Property Group
2025-10-24,1315309322,T,AT&T
2025-10-24,1315309322,TGT,Target Corporation
2025-10-24,1315309322,TMO,Thermo Fisher Scientific
2025-10-24,1315309322,TMUS,T-Mobile US
2025-10-24,1315309322,TSLA,"Tesla, Inc."
2025-10-24,1315309322,TXN,Texas Instruments
2025-10-24,1315309322,UBER,Uber
2025-10-24,1315309322,UNH,UnitedHealth Group
2025-10-24,1315309322,UNP,Union Pacific Corporation
2025-10-24,1315309322,UPS,United Parcel Service
2025-10-24,1315309322,USB,U.S. Bancorp
2025-10-24,1315309322,V,Visa Inc.
2025-10-24,1315309322,VZ,Verizon
2025-10-24,1315309322,WFC,Wells Fargo
2025-10-24,1315309322,WMT,Walmart
2025-10-24,1315309322,XOM,ExxonMobil
2025-10-31,1315309322,AAPL,Apple Inc.
2025-10-31,1315309322,ABBV,AbbVie
2025-10-31,1315309322,ABT,Abbott Laboratories
2025-10-31,1315309322,ACN,Accenture
2025-10-31,1315309322,ADBE,Adobe Inc.
2025-10-31,1315309322,AIG,American International Group
2025-10-31,1315309322,AMD,Advanced Micro Devices
2025-10-31,1315309322,AMGN,Amgen
2025-10-31,1315309322,AMT,American Tower
2025-10-31,1315309322,AMZN,Amazon
2025-10-31,1315309322,AVGO,Broadcom
2025-10-31,1315309322,AXP,American Express
2025-10-31,1315309322,BA,Boeing
2025-10-31,1315309322,BAC,Bank of America
2025-10-31,1315309322,BK,BNY Mellon
2025-10-31,1315309322,BKNG,Booking Holdings
2025-10-31,1315309322,BLK,BlackRock
2025-10-31,1315309322,BMY,Bristol Myers Squibb
2025-10-31,1315309322,C,Citigroup
2025-10-31,1315309322,CAT,Caterpillar Inc.
2025-10-31,1315309322,CL,Colgate-Palmolive
2025-10-31,1315309322,CMCSA,Comcast
2025-10-31,1315309322,COF,Capital One
2025-10-31,1315309322,COP,ConocoPhillips
2025-10-31,1315309322,COST,Costco
2025-10-31,1315309322,CRM,Salesforce
2025-10-31,1315309322,CSCO,Cisco
2025-10-31,1315309322,CVS,CVS Health
2025-10-31,1315309322,CVX,Chevron Corporation
2025-10-31,1315309322,DE,Deere & Company
2025-10-31,1315309322,DHR,Danaher Corporation
2025-10-31,1315309322,DIS,Walt Disney Company (The)
2025-10-31,1315309322,DUK,Duke Energy
2025-10-31,1315309322,EMR,Emerson Electric
2025-10-31,1315309322,FDX,FedEx
2025-10-31,1315309322,GD,General Dynamics
2025-10-31,1315309322,GE,GE Aerospace
2025-10-31,1315309322,GILD,Gilead Sciences
2025-10-31,1315309322,GM,General Motors
2025-10-31,1315309322,GOOG,Alphabet Inc.(Class C)
2025-10-31,1315309322,GOOGL,Alphabet Inc. (Class A)
2025-10-31,1315309322,GS,Goldman Sachs
2025-10-31,1315309322,HD,Home Depot
2025-10-31,1315309322,HON,Honeywell
2025-10-31,1315309322,IBM,IBM
2025-10-31,1315309322,INTC,Intel
2025-10-31,1315309322,INTU,Intuit
2025-10-31,1315309322,ISRG,Intuitive Surgical
2025-10-31,1315309322,JNJ,Johnson & Johnson
2025-10-31,1315309322,JPM,JPMorgan Chase
2025-10-31,1315309322,KO,Coca-Cola Company (The)
2025-10-31,1315309322,LIN,Linde plc
2025-10-31,1315309322,LLY,Eli Lilly and Company
2025-10-31,1315309322,LMT,Lockheed Martin
2025-10-31,1315309322,LOW,Lowe's
2025-10-31,1315309322,MA,Mastercard
2025-10-31,1315309322,MCD,McDonald's
2025-10-31,1315309322,MDLZ,Mondelēz International
2025-10-31,1315309322,MDT,Medtronic
2025-10-31,1315309322,MET,MetLife
2025-10-31,1315309322,META,Meta Platforms
2025-10-31,1315309322,MMM,3M
2025-10-31,1315309322,MO,Altria
2025-10-31,1315309322,MRK,Merck & Co.
2025-10-31,1315309322,MS,Morgan Stanley
2025-10-31,1315309322,MSFT,Microsoft
2025-10-31,1315309322,NEE,NextEra Energy
2025-10-31,1315309322,NFLX,"Netflix, Inc."
2025-10-31,1315309322,NKE,"Nike, Inc."
2025-10-31,1315309322,NOW,ServiceNow
2025-10-31,1315309322,NVDA,Nvidia
2025-10-31,1315309322,ORCL,Oracle Corporation
2025-10-31,1315309322,PEP,PepsiCo
2025-10-31,1315309322,PFE,Pfizer
2025-10-31,1315309322,PG,Procter & Gamble
2025-10-31,1315309322,PLTR,Palantir Technologies
2025-10-31,1315309322,PM,Philip Morris International
2025-10-31,1315309322,PYPL,PayPal
2025-10-31,1315309322,QCOM,Qualcomm
2025-10-31,1315309322,RTX,RTX Corporation
2025-10-31,1315309322,SBUX,Starbucks
2025-10-31,1315309322,SCHW,Charles Schwab Corporation
2025-10-31,1315309322,SO,Southern Company
2025-10-31,1315309322,SPG,Simon Property Group
2025-10-31,1315309322,T,AT&T
2025-10-31,1315309322,TGT,Target Corporation
2025-10-31,1315309322,TMO,Thermo Fisher Scientific
2025-10-31,1315309322,TMUS,T-Mobile US
2025-10-31,1315309322,TSLA,"Tesla, Inc."
2025-10-31,1315309322,TXN,Texas Instruments
2025-10-31,1315309322,UBER,Uber
2025-10-31,1315309322,UNH,UnitedHealth Group
2025-10-31,1315309322,UNP,Union Pacific Corporation
2025-10-31,1315309322,UPS,United Parcel Service
2025-10-31,1315309322,USB,U.S. Bancorp
2025-10-31,1315309322,V,Visa Inc.
2025-10-31,1315309322,VZ,Verizon
2025-10-31,1315309322,WFC,Wells Fargo
2025-10-31,1315309322,WMT,Walmart
2025-10-31,1315309322,XOM,ExxonMobil
2025-11-07,1315309322,AAPL,Apple Inc.
2025-11-07,1315309322,ABBV,AbbVie
2025-11-07,1315309322,ABT,Abbott Laboratories
2025-11-07,1315309322,ACN,Accenture
2025-11-07,1315309322,ADBE,Adobe Inc.
2025-11-07,1315309322,AIG,American International Group
2025-11-07,1315309322,AMD,Advanced Micro Devices
2025-11-07,1315309322,AMGN,Amgen
2025-11-07,1315309322,AMT,American Tower
2025-11-07,1315309322,AMZN,Amazon
2025-11-07,1315309322,AVGO,Broadcom
2025-11-07,1315309322,AXP,American Express
2025-11-07,1315309322,BA,Boeing
2025-11-07,1315309322,BAC,Bank of America
2025-11-07,1315309322,BK,BNY Mellon
2025-11-07,1315309322,BKNG,Booking Holdings
2025-11-07,1315309322,BLK,BlackRock
2025-11-07,1315309322,BMY,Bristol Myers Squibb
2025-11-07,1315309322,C,Citigroup
2025-11-07,1315309322,CAT,Caterpillar Inc.
2025-11-07,1315309322,CL,Colgate-Palmolive
2025-11-07,1315309322,CMCSA,Comcast
2025-11-07,1315309322,COF,Capital One
2025-11-07,1315309322,COP,ConocoPhillips
2025-11-07,1315309322,COST,Costco
2025-11-07,1315309322,CRM,Salesforce
2025-11-07,1315309322,CSCO,Cisco
2025-11-07,1315309322,CVS,CVS Health
2025-11-07,1315309322,CVX,Chevron Corporation
2025-11-07,1315309322,DE,Deere & Company
2025-11-07,1315309322,DHR,Danaher Corporation
2025-11-07,1315309322,DIS,Walt Disney Company (The)
2025-11-07,1315309322,DUK,Duke Energy
2025-11-07,1315309322,EMR,Emerson Electric
2025-11-07,1315309322,FDX,FedEx
2025-11-07,1315309322,GD,General Dynamics
2025-11-07,1315309322,GE,GE Aerospace
2025-11-07,1315309322,GILD,Gilead Sciences
2025-11-07,1315309322,GM,General Motors
2025-11-07,1315309322,GOOG,Alphabet Inc.(Class C)
2025-11-07,1315309322,GOOGL,Alphabet Inc. (Class A)
2025-11-07,1315309322,GS,Goldman Sachs
2025-11-07,1315309322,HD,Home Depot
2025-11-07,1315309322,HON,Honeywell
2025-11-07,1315309322,IBM,IBM
2025-11-07,1315309322,INTC,Intel
2025-11-07,1315309322,INTU,Intuit
2025-11-07,1315309322,ISRG,Intuitive Surgical
2025-11-07,1315309322,JNJ,Johnson & Johnson
2025-11-07,1315309322,JPM,JPMorgan Chase
2025-11-07,1315309322,KO,Coca-Cola Company (The)
2025-11-07,1315309322,LIN,Linde plc
2025-11-07,1315309322,LLY,Eli Lilly and Company
2025-11-07,1315309322,LMT,Lockheed Martin
2025-11-07,1315309322,LOW,Lowe's
2025-11-07,1315309322,MA,Mastercard
2025-11-07,1315309322,MCD,McDonald's
2025-11-07,1315309322,MDLZ,Mondelēz International
2025-11-07,1315309322,MDT,Medtronic
2025-11-07,1315309322,MET,MetLife
2025-11-07,1315309322,META,Meta Platforms
2025-11-07,1315309322,MMM,3M
2025-11-07,1315309322,MO,Altria
2025-11-07,1315309322,MRK,Merck & Co.
2025-11-07,1315309322,MS,Morgan Stanley
2025-11-07,1315309322,MSFT,Microsoft
2025-11-07,1315309322,NEE,NextEra Energy
2025-11-07,1315309322,NFLX,"Netflix, Inc."
2025-11-07,1315309322,NKE,"Nike, Inc."
2025-11-07,1315309322,NOW,ServiceNow
2025-11-07,1315309322,NVDA,Nvidia
2025-11-07,1315309322,ORCL,Oracle Corporation
2025-11-07,1315309322,PEP,PepsiCo
2025-11-07,1315309322,PFE,Pfizer
2025-11-07,1315309322,PG,Procter & Gamble
2025-11-07,1315309322,PLTR,Palantir Technologies
2025-11-07,1315309322,PM,Philip Morris International
2025-11-07,1315309322,PYPL,PayPal
2025-11-07,1315309322,QCOM,Qualcomm
2025-11-07,1315309322,RTX,RTX Corporation
2025-11-07,1315309322,SBUX,Starbucks
2025-11-07,1315309322,SCHW,Charles Schwab Corporation
2025-11-07,1315309322,SO,Southern Company
2025-11-07,1315309322,SPG,Simon Property Group
2025-11-07,1315309322,T,AT&T
2025-11-07,1315309322,TGT,Target Corporation
2025-11-07,1315309322,TMO,Thermo Fisher Scientific
2025-11-07,1315309322,TMUS,T-Mobile US
2025-11-07,1315309322,TSLA,"Tesla, Inc."
2025-11-07,1315309322,TXN,Texas Instruments
2025-11-07,1315309322,UBER,Uber
2025-11-07,1315309322,UNH,UnitedHealth Group
2025-11-07,1315309322,UNP,Union Pacific Corporation
2025-11-07,1315309322,UPS,United Parcel Service
2025-11-07,1315309322,USB,U.S. Bancorp
2025-11-07,1315309322,V,Visa Inc.
2025-11-07,1315309322,VZ,Verizon
2025-11-07,1315309322,WFC,Wells Fargo
2025-11-07,1315309322,WMT,Walmart
2025-11-07,1315309322,XOM,ExxonMobil
2025-11-14,1315309322,AAPL,Apple Inc.
2025-11-14,1315309322,ABBV,AbbVie
2025-11-14,1315309322,ABT,Abbott Laboratories
2025-11-14,1315309322,ACN,Accenture
2025-11-14,1315309322,ADBE,Adobe Inc.
2025-11-14,1315309322,AIG,American International Group
2025-11-14,1315309322,AMD,Advanced Micro Devices
2025-11-14,1315309322,AMGN,Amgen
2025-11-14,1315309322,AMT,American Tower
2025-11-14,1315309322,AMZN,Amazon
2025-11-14,1315309322,AVGO,Broadcom
2025-11-14,1315309322,AXP,American Express
2025-11-14,1315309322,BA,Boeing
2025-11-14,1315309322,BAC,Bank of America
2025-11-14,1315309322,BK,BNY Mellon
2025-11-14,1315309322,BKNG,Booking Holdings
2025-11-14,1315309322,BLK,BlackRock
2025-11-14,1315309322,BMY,Bristol Myers Squibb
2025-11-14,1315309322,C,Citigroup
2025-11-14,1315309322,CAT,Caterpillar Inc.
2025-11-14,1315309322,CL,Colgate-Palmolive
2025-11-14,1315309322,CMCSA,Comcast
2025-11-14,1315309322,COF,Capital One
2025-11-14,1315309322,COP,ConocoPhillips
2025-11-14,1315309322,COST,Costco
2025-11-14,1315309322,CRM,Salesforce
2025-11-14,1315309322,CSCO,Cisco
2025-11-14,1315309322,CVS,CVS Health
2025-11-14,1315309322,CVX,Chevron Corporation
2025-11-14,1315309322,DE,Deere & Company
2025-11-14,1315309322,DHR,Danaher Corporation
2025-11-14,1315309322,DIS,Walt Disney Company (The)
2025-11-14,1315309322,DUK,Duke Energy
2025-11-14,1315309322,EMR,Emerson Electric
2025-11-14,1315309322,FDX,FedEx
2025-11-14,1315309322,GD,General Dynamics
2025-11-14,1315309322,GE,GE Aerospace
2025-11-14,1315309322,GILD,Gilead Sciences
2025-11-14,1315309322,GM,General Motors
2025-11-14,1315309322,GOOG,Alphabet Inc.(Class C)
2025-11-14,1315309322,GOOGL,Alphabet Inc. (Class A)
2025-11-14,1315309322,GS,Goldman Sachs
2025-11-14,1315309322,HD,Home Depot
2025-11-14,1315309322,HON,Honeywell
2025-11-14,1315309322,IBM,IBM
2025-11-14,1315309322,INTC,Intel
2025-11-14,1315309322,INTU,Intuit
2025-11-14,1315309322,ISRG,Intuitive Surgical
2025-11-14,1315309322,JNJ,Johnson & Johnson
2025-11-14,1315309322,JPM,JPMorgan Chase
2025-11-14,1315309322,KO,Coca-Cola Company (The)
2025-11-14,1315309322,LIN,Linde plc
2025-11-14,1315309322,LLY,Eli Lilly and Company
2025-11-14,1315309322,LMT,Lockheed Martin
2025-11-14,1315309322,LOW,Lowe's
2025-11-14,1315309322,MA,Mastercard
2025-11-14,1315309322,MCD,McDonald's
2025-11-14,1315309322,MDLZ,Mondelēz International
2025-11-14,1315309322,MDT,Medtronic
2025-11-14,1315309322,MET,MetLife
2025-11-14,1315309322,META,Meta Platforms
2025-11-14,1315309322,MMM,3M
2025-11-14,1315309322,MO,Altria
2025-11-14,1315309322,MRK,Merck & Co.
2025-11-14,1315309322,MS,Morgan Stanley
2025-11-14,1315309322,MSFT,Microsoft
2025-11-14,1315309322,NEE,NextEra Energy
2025-11-14,1315309322,NFLX,"Netflix, Inc."
2025-11-14,1315309322,NKE,"Nike, Inc."
2025-11-14,1315309322,NOW,ServiceNow
2025-11-14,1315309322,NVDA,Nvidia
2025-11-14,1315309322,ORCL,Oracle Corporation
2025-11-14,1315309322,PEP,PepsiCo
2025-11-14,1315309322,PFE,Pfizer
2025-11-14,1315309322,PG,Procter & Gamble
2025-11-14,1315309322,PLTR,Palantir Technologies
2025-11-14,1315309322,PM,Philip Morris International
2025-11-14,1315309322,PYPL,PayPal
2025-11-14,1315309322,QCOM,Qualcomm
2025-11-14,1315309322,RTX,RTX Corporation
2025-11-14,1315309322,SBUX,Starbucks
2025-11-14,1315309322,SCHW,Charles Schwab Corporation
2025-11-14,1315309322,SO,Southern Company
2025-11-14,1315309322,SPG,Simon Property Group
2025-11-14,1315309322,T,AT&T
2025-11-14,1315309322,TGT,Target Corporation
2025-11-14,1315309322,TMO,Thermo Fisher Scientific
2025-11-14,1315309322,TMUS,T-Mobile US
2025-11-14,1315309322,TSLA,"Tesla, Inc."
2025-11-14,1315309322,TXN,Texas Instruments
2025-11-14,1315309322,UBER,Uber
2025-11-14,1315309322,UNH,UnitedHealth Group
2025-11-14,1315309322,UNP,Union Pacific Corporation
2025-11-14,1315309322,UPS,United Parcel Service
2025-11-14,1315309322,USB,U.S. Bancorp
2025-11-14,1315309322,V,Visa Inc.
2025-11-14,1315309322,VZ,Verizon
2025-11-14,1315309322,WFC,Wells Fargo
2025-11-14,1315309322,WMT,Walmart
2025-11-14,1315309322,XOM,ExxonMobil
2025-11-21,1315309322,AAPL,Apple Inc.
2025-11-21,1315309322,ABBV,AbbVie
2025-11-21,1315309322,ABT,Abbott Laboratories
2025-11-21,1315309322,ACN,Accenture
2025-11-21,1315309322,ADBE,Adobe Inc.
2025-11-21,1315309322,AIG,American International Group
2025-11-21,1315309322,AMD,Advanced Micro Devices
2025-11-21,1315309322,AMGN,Amgen
2025-11-21,1315309322,AMT,American Tower
2025-11-21,1315309322,AMZN,Amazon
2025-11-21,1315309322,AVGO,Broadcom
2025-11-21,1315309322,AXP,American Express
2025-11-21,1315309322,BA,Boeing
2025-11-21,1315309322,BAC,Bank of America
2025-11-21,1315309322,BK,BNY Mellon
2025-11-21,1315309322,BKNG,Booking Holdings
2025-11-21,1315309322,BLK,BlackRock
2025-11-21,1315309322,BMY,Bristol Myers Squibb
2025-11-21,1315309322,C,Citigroup
2025-11-21,1315309322,CAT,Caterpillar Inc.
2025-11-21,1315309322,CL,Colgate-Palmolive
2025-11-21,1315309322,CMCSA,Comcast
2025-11-21,1315309322,COF,Capital One
2025-11-21,1315309322,COP,ConocoPhillips
2025-11-21,1315309322,COST,Costco
2025-11-21,1315309322,CRM,Salesforce
2025-11-21,1315309322,CSCO,Cisco
2025-11-21,1315309322,CVS,CVS Health
2025-11-21,1315309322,CVX,Chevron Corporation
2025-11-21,1315309322,DE,Deere & Company
2025-11-21,1315309322,DHR,Danaher Corporation
2025-11-21,1315309322,DIS,Walt Disney Company (The)
2025-11-21,1315309322,DUK,Duke Energy
2025-11-21,1315309322,EMR,Emerson Electric
2025-11-21,1315309322,FDX,FedEx
2025-11-21,1315309322,GD,General Dynamics
2025-11-21,1315309322,GE,GE Aerospace
2025-11-21,1315309322,GILD,Gilead Sciences
2025-11-21,1315309322,GM,General Motors
2025-11-21,1315309322,GOOG,Alphabet Inc.(Class C)
2025-11-21,1315309322,GOOGL,Alphabet Inc. (Class A)
2025-11-21,1315309322,GS,Goldman Sachs
2025-11-21,1315309322,HD,Home Depot
2025-11-21,1315309322,HON,Honeywell
2025-11-21,1315309322,IBM,IBM
2025-11-21,1315309322,INTC,Intel
2025-11-21,1315309322,INTU,Intuit
2025-11-21,1315309322,ISRG,Intuitive Surgical
2025-11-21,1315309322,JNJ,Johnson & Johnson
2025-11-21,1315309322,JPM,JPMorgan Chase
2025-11-21,1315309322,KO,Coca-Cola Company (The)
2025-11-21,1315309322,LIN,Linde plc
2025-11-21,1315309322,LLY,Eli Lilly and Company
2025-11-21,1315309322,LMT,Lockheed Martin
2025-11-21,1315309322,LOW,Lowe's
2025-11-21,1315309322,MA,Mastercard
2025-11-21,1315309322,MCD,McDonald's
2025-11-21,1315309322,MDLZ,Mondelēz International
2025-11-21,1315309322,MDT,Medtronic
2025-11-21,1315309322,MET,MetLife
2025-11-21,1315309322,META,Meta Platforms
2025-11-21,1315309322,MMM,3M
2025-11-21,1315309322,MO,Altria
2025-11-21,1315309322,MRK,Merck & Co.
2025-11-21,1315309322,MS,Morgan Stanley
2025-11-21,1315309322,MSFT,Microsoft
2025-11-21,1315309322,NEE,NextEra Energy
2025-11-21,1315309322,NFLX,"Netflix, Inc."
2025-11-21,1315309322,NKE,"Nike, Inc."
2025-11-21,1315309322,NOW,ServiceNow
2025-11-21,1315309322,NVDA,Nvidia
2025-11-21,1315309322,ORCL,Oracle Corporation
2025-11-21,1315309322,PEP,PepsiCo
2025-11-21,1315309322,PFE,Pfizer
2025-11-21,1315309322,PG,Procter & Gamble
2025-11-21,1315309322,PLTR,Palantir Technologies
2025-11-21,1315309322,PM,Philip Morris International
2025-11-21,1315309322,PYPL,PayPal
2025-11-21,1315309322,QCOM,Qualcomm
2025-11-21,1315309322,RTX,RTX Corporation
2025-11-21,1315309322,SBUX,Starbucks
2025-11-21,1315309322,SCHW,Charles Schwab Corporation
2025-11-21,1315309322,SO,Southern Company
2025-11-21,1315309322,SPG,Simon Property Group
2025-11-21,1315309322,T,AT&T
2025-11-21,1315309322,TGT,Target Corporation
2025-11-21,1315309322,TMO,Thermo Fisher Scientific
2025-11-21,1315309322,TMUS,T-Mobile US
2025-11-21,1315309322,TSLA,"Tesla, Inc."
2025-11-21,1315309322,TXN,Texas Instruments
2025-11-21,1315309322,UBER,Uber
2025-11-21,1315309322,UNH,UnitedHealth Group
2025-11-21,1315309322,UNP,Union Pacific Corporation
2025-11-21,1315309322,UPS,United Parcel Service
2025-11-21,1315309322,USB,U.S. Bancorp
2025-11-21,1315309322,V,Visa Inc.
2025-11-21,1315309322,VZ,Verizon
2025-11-21,1315309322,WFC,Wells Fargo
2025-11-21,1315309322,WMT,Walmart
2025-11-21,1315309322,XOM,ExxonMobil
2025-11-28,1315309322,AAPL,Apple Inc.
2025-11-28,1315309322,ABBV,AbbVie
2025-11-28,1315309322,ABT,Abbott Laboratories
2025-11-28,1315309322,ACN,Accenture
2025-11-28,1315309322,ADBE,Adobe Inc.
2025-11-28,1315309322,AIG,American International Group
2025-11-28,1315309322,AMD,Advanced Micro Devices
2025-11-28,1315309322,AMGN,Amgen
2025-11-28,1315309322,AMT,American Tower
2025-11-28,1315309322,AMZN,Amazon
2025-11-28,1315309322,AVGO,Broadcom
2025-11-28,1315309322,AXP,American Express
2025-11-28,1315309322,BA,Boeing
2025-11-28,1315309322,BAC,Bank of America
2025-11-28,1315309322,BK,BNY Mellon
2025-11-28,1315309322,BKNG,Booking Holdings
2025-11-28,1315309322,BLK,BlackRock
2025-11-28,1315309322,BMY,Bristol Myers Squibb
2025-11-28,1315309322,C,Citigroup
2025-11-28,1315309322,CAT,Caterpillar Inc.
2025-11-28,1315309322,CL,Colgate-Palmolive
2025-11-28,1315309322,CMCSA,Comcast
2025-11-28,1315309322,COF,Capital One
2025-11-28,1315309322,COP,ConocoPhillips
2025-11-28,1315309322,COST,Costco
2025-11-28,1315309322,CRM,Salesforce
2025-11-28,1315309322,CSCO,Cisco
2025-11-28,1315309322,CVS,CVS Health
2025-11-28,1315309322,CVX,Chevron Corporation
2025-11-28,1315309322,DE,Deere & Company
2025-11-28,1315309322,DHR,Danaher Corporation
2025-11-28,1315309322,DIS,Walt Disney Company (The)
2025-11-28,1315309322,DUK,Duke Energy
2025-11-28,1315309322,EMR,Emerson Electric
2025-11-28,1315309322,FDX,FedEx
2025-11-28,1315309322,GD,General Dynamics
2025-11-28,1315309322,GE,GE Aerospace
2025-11-28,1315309322,GILD,Gilead Sciences
2025-11-28,1315309322,GM,General Motors
2025-11-28,1315309322,GOOG,Alphabet Inc.(Class C)
2025-11-28,1315309322,GOOGL,Alphabet Inc. (Class A)
2025-11-28,1315309322,GS,Goldman Sachs
2025-11-28,1315309322,HD,Home Depot
2025-11-28,1315309322,HON,Honeywell
2025-11-28,1315309322,IBM,IBM
2025-11-28,1315309322,INTC,Intel
2025-11-28,1315309322,INTU,Intuit
2025-11-28,1315309322,ISRG,Intuitive Surgical
2025-11-28,1315309322,JNJ,Johnson & Johnson
2025-11-28,1315309322,JPM,JPMorgan Chase
2025-11-28,1315309322,KO,Coca-Cola Company (The)
2025-11-28,1315309322,LIN,Linde plc
2025-11-28,1315309322,LLY,Eli Lilly and Company
2025-11-28,1315309322,LMT,Lockheed Martin
2025-11-28,1315309322,LOW,Lowe's
2025-11-28,1315309322,MA,Mastercard
2025-11-28,1315309322,MCD,McDonald's
2025-11-28,1315309322,MDLZ,Mondelēz International
2025-11-28,1315309322,MDT,Medtronic
2025-11-28,1315309322,MET,MetLife
2025-11-28,1315309322,META,Meta Platforms
2025-11-28,1315309322,MMM,3M
2025-11-28,1315309322,MO,Altria
2025-11-28,1315309322,MRK,Merck & Co.
2025-11-28,1315309322,MS,Morgan Stanley
2025-11-28,1315309322,MSFT,Microsoft
2025-11-28,1315309322,NEE,NextEra Energy
2025-11-28,1315309322,NFLX,"Netflix, Inc."
2025-11-28,1315309322,NKE,"Nike, Inc."
2025-11-28,1315309322,NOW,ServiceNow
2025-11-28,1315309322,NVDA,Nvidia
2025-11-28,1315309322,ORCL,Oracle Corporation
2025-11-28,1315309322,PEP,PepsiCo
2025-11-28,1315309322,PFE,Pfizer
2025-11-28,1315309322,PG,Procter & Gamble
2025-11-28,1315309322,PLTR,Palantir Technologies
2025-11-28,1315309322,PM,Philip Morris International
2025-11-28,1315309322,PYPL,PayPal
2025-11-28,1315309322,QCOM,Qualcomm
2025-11-28,1315309322,RTX,RTX Corporation
2025-11-28,1315309322,SBUX,Starbucks
2025-11-28,1315309322,SCHW,Charles Schwab Corporation
2025-11-28,1315309322,SO,Southern Company
2025-11-28,1315309322,SPG,Simon Property Group
2025-11-28,1315309322,T,AT&T
2025-11-28,1315309322,TGT,Target Corporation
2025-11-28,1315309322,TMO,Thermo Fisher Scientific
2025-11-28,1315309322,TMUS,T-Mobile US
2025-11-28,1315309322,TSLA,"Tesla, Inc."
2025-11-28,1315309322,TXN,Texas Instruments
2025-11-28,1315309322,UBER,Uber
2025-11-28,1315309322,UNH,UnitedHealth Group
2025-11-28,1315309322,UNP,Union Pacific Corporation
2025-11-28,1315309322,UPS,United Parcel Service
2025-11-28,1315309322,USB,U.S. Bancorp
2025-11-28,1315309322,V,Visa Inc.
2025-11-28,1315309322,VZ,Verizon
2025-11-28,1315309322,WFC,Wells Fargo
2025-11-28,1315309322,WMT,Walmart
2025-11-28,1315309322,XOM,ExxonMobil
2025-12-05,1315309322,AAPL,Apple Inc.
2025-12-05,1315309322,ABBV,AbbVie
2025-12-05,1315309322,ABT,Abbott Laboratories
2025-12-05,1315309322,ACN,Accenture
2025-12-05,1315309322,ADBE,Adobe Inc.
2025-12-05,1315309322,AIG,American International Group
2025-12-05,1315309322,AMD,Advanced Micro Devices
2025-12-05,1315309322,AMGN,Amgen
2025-12-05,1315309322,AMT,American Tower
2025-12-05,1315309322,AMZN,Amazon
2025-12-05,1315309322,AVGO,Broadcom
2025-12-05,1315309322,AXP,American Express
2025-12-05,1315309322,BA,Boeing
2025-12-05,1315309322,BAC,Bank of America
2025-12-05,1315309322,BK,BNY Mellon
2025-12-05,1315309322,BKNG,Booking Holdings
2025-12-05,1315309322,BLK,BlackRock
2025-12-05,1315309322,BMY,Bristol Myers Squibb
2025-12-05,1315309322,C,Citigroup
2025-12-05,1315309322,CAT,Caterpillar Inc.
2025-12-05,1315309322,CL,Colgate-Palmolive
2025-12-05,1315309322,CMCSA,Comcast
2025-12-05,1315309322,COF,Capital One
2025-12-05,1315309322,COP,ConocoPhillips
2025-12-05,1315309322,COST,Costco
2025-12-05,1315309322,CRM,Salesforce
2025-12-05,1315309322,CSCO,Cisco
2025-12-05,1315309322,CVS,CVS Health
2025-12-05,1315309322,CVX,Chevron Corporation
2025-12-05,1315309322,DE,Deere & Company
2025-12-05,1315309322,DHR,Danaher Corporation
2025-12-05,1315309322,DIS,Walt Disney Company (The)
2025-12-05,1315309322,DUK,Duke Energy
2025-12-05,1315309322,EMR,Emerson Electric
2025-12-05,1315309322,FDX,FedEx
2025-12-05,1315309322,GD,General Dynamics
2025-12-05,1315309322,GE,GE Aerospace
2025-12-05,1315309322,GILD,Gilead Sciences
2025-12-05,1315309322,GM,General Motors
2025-12-05,1315309322,GOOG,Alphabet Inc.(Class C)
2025-12-05,1315309322,GOOGL,Alphabet Inc. (Class A)
2025-12-05,1315309322,GS,Goldman Sachs
2025-12-05,1315309322,HD,Home Depot
2025-12-05,1315309322,HON,Honeywell
2025-12-05,1315309322,IBM,IBM
2025-12-05,1315309322,INTC,Intel
2025-12-05,1315309322,INTU,Intuit
2025-12-05,1315309322,ISRG,Intuitive Surgical
2025-12-05,1315309322,JNJ,Johnson & Johnson
2025-12-05,1315309322,JPM,JPMorgan Chase
2025-12-05,1315309322,KO,Coca-Cola Company (The)
2025-12-05,1315309322,LIN,Linde plc
2025-12-05,1315309322,LLY,Eli Lilly and Company
2025-12-05,1315309322,LMT,Lockheed Martin
2025-12-05,1315309322,LOW,Lowe's
2025-12-05,1315309322,MA,Mastercard
2025-12-05,1315309322,MCD,McDonald's
2025-12-05,1315309322,MDLZ,Mondelēz International
2025-12-05,1315309322,MDT,Medtronic
2025-12-05,1315309322,MET,MetLife
2025-12-05,1315309322,META,Meta Platforms
2025-12-05,1315309322,MMM,3M
2025-12-05,1315309322,MO,Altria
2025-12-05,1315309322,MRK,Merck & Co.
2025-12-05,1315309322,MS,Morgan Stanley
2025-12-05,1315309322,MSFT,Microsoft
2025-12-05,1315309322,NEE,NextEra Energy
2025-12-05,1315309322,NFLX,"Netflix, Inc."
2025-12-05,1315309322,NKE,"Nike, Inc."
2025-12-05,1315309322,NOW,ServiceNow
2025-12-05,1315309322,NVDA,Nvidia
2025-12-05,1315309322,ORCL,Oracle Corporation
2025-12-05,1315309322,PEP,PepsiCo
2025-12-05,1315309322,PFE,Pfizer
2025-12-05,1315309322,PG,Procter & Gamble
2025-12-05,1315309322,PLTR,Palantir Technologies
2025-12-05,1315309322,PM,Philip Morris International
2025-12-05,1315309322,PYPL,PayPal
2025-12-05,1315309322,QCOM,Qualcomm
2025-12-05,1315309322,RTX,RTX Corporation
2025-12-05,1315309322,SBUX,Starbucks
2025-12-05,1315309322,SCHW,Charles Schwab Corporation
2025-12-05,1315309322,SO,Southern Company
2025-12-05,1315309322,SPG,Simon Property Group
2025-12-05,1315309322,T,AT&T
2025-12-05,1315309322,TGT,Target Corporation
2025-12-05,1315309322,TMO,Thermo Fisher Scientific
2025-12-05,1315309322,TMUS,T-Mobile US
2025-12-05,1315309322,TSLA,"Tesla, Inc."
2025-12-05,1315309322,TXN,Texas Instruments
2025-12-05,1315309322,UBER,Uber
2025-12-05,1315309322,UNH,UnitedHealth Group
2025-12-05,1315309322,UNP,Union Pacific Corporation
2025-12-05,1315309322,UPS,United Parcel Service
2025-12-05,1315309322,USB,U.S. Bancorp
2025-12-05,1315309322,V,Visa Inc.
2025-12-05,1315309322,VZ,Verizon
2025-12-05,1315309322,WFC,Wells Fargo
2025-12-05,1315309322,WMT,Walmart
2025-12-05,1315309322,XOM,ExxonMobil
2025-12-12,1315309322,AAPL,Apple Inc.
2025-12-12,1315309322,ABBV,AbbVie
2025-12-12,1315309322,ABT,Abbott Laboratories
2025-12-12,1315309322,ACN,Accenture
2025-12-12,1315309322,ADBE,Adobe Inc.
2025-12-12,1315309322,AIG,American International Group
2025-12-12,1315309322,AMD,Advanced Micro Devices
2025-12-12,1315309322,AMGN,Amgen
2025-12-12,1315309322,AMT,American Tower
2025-12-12,1315309322,AMZN,Amazon
2025-12-12,1315309322,AVGO,Broadcom
2025-12-12,1315309322,AXP,American Express
2025-12-12,1315309322,BA,Boeing
2025-12-12,1315309322,BAC,Bank of America
2025-12-12,1315309322,BK,BNY Mellon
2025-12-12,1315309322,BKNG,Booking Holdings
2025-12-12,1315309322,BLK,BlackRock
2025-12-12,1315309322,BMY,Bristol Myers Squibb
2025-12-12,1315309322,C,Citigroup
2025-12-12,1315309322,CAT,Caterpillar Inc.
2025-12-12,1315309322,CL,Colgate-Palmolive
2025-12-12,1315309322,CMCSA,Comcast
2025-12-12,1315309322,COF,Capital One
2025-12-12,1315309322,COP,ConocoPhillips
2025-12-12,1315309322,COST,Costco
2025-12-12,1315309322,CRM,Salesforce
2025-12-12,1315309322,CSCO,Cisco
2025-12-12,1315309322,CVS,CVS Health
2025-12-12,1315309322,CVX,Chevron Corporation
2025-12-12,1315309322,DE,Deere & Company
2025-12-12,1315309322,DHR,Danaher Corporation
2025-12-12,1315309322,DIS,Walt Disney Company (The)
2025-12-12,1315309322,DUK,Duke Energy
2025-12-12,1315309322,EMR,Emerson Electric
2025-12-12,1315309322,FDX,FedEx
2025-12-12,1315309322,GD,General Dynamics
2025-12-12,1315309322,GE,GE Aerospace
2025-12-12,1315309322,GILD,Gilead Sciences
2025-12-12,1315309322,GM,General Motors
2025-12-12,1315309322,GOOG,Alphabet Inc.(Class C)
2025-12-12,1315309322,GOOGL,Alphabet Inc. (Class A)
2025-12-12,1315309322,GS,Goldman Sachs
2025-12-12,1315309322,HD,Home Depot
2025-12-12,1315309322,HON,Honeywell
2025-12-12,1315309322,IBM,IBM
2025-12-12,1315309322,INTC,Intel
2025-12-12,1315309322,INTU,Intuit
2025-12-12,1315309322,ISRG,Intuitive Surgical
2025-12-12,1315309322,JNJ,Johnson & Johnson
2025-12-12,1315309322,JPM,JPMorgan Chase
2025-12-12,1315309322,KO,Coca-Cola Company (The)
2025-12-12,1315309322,LIN,Linde plc
2025-12-12,1315309322,LLY,Eli Lilly and Company
2025-12-12,1315309322,LMT,Lockheed Martin
2025-12-12,1315309322,LOW,Lowe's
2025-12-12,1315309322,MA,Mastercard
2025-12-12,1315309322,MCD,McDonald's
2025-12-12,1315309322,MDLZ,Mondelēz International
2025-12-12,1315309322,MDT,Medtronic
2025-12-12,1315309322,MET,MetLife
2025-12-12,1315309322,META,Meta Platforms
2025-12-12,1315309322,MMM,3M
2025-12-12,1315309322,MO,Altria
2025-12-12,1315309322,MRK,Merck & Co.
2025-12-12,1315309322,MS,Morgan Stanley
2025-12-12,1315309322,MSFT,Microsoft
2025-12-12,1315309322,NEE,NextEra Energy
2025-12-12,1315309322,NFLX,"Netflix, Inc."
2025-12-12,1315309322,NKE,"Nike, Inc."
2025-12-12,1315309322,NOW,ServiceNow
2025-12-12,1315309322,NVDA,Nvidia
2025-12-12,1315309322,ORCL,Oracle Corporation
2025-12-12,1315309322,PEP,PepsiCo
2025-12-12,1315309322,PFE,Pfizer
2025-12-12,1315309322,PG,Procter & Gamble
2025-12-12,1315309322,PLTR,Palantir Technologies
2025-12-12,1315309322,PM,Philip Morris International
2025-12-12,1315309322,PYPL,PayPal
2025-12-12,1315309322,QCOM,Qualcomm
2025-12-12,1315309322,RTX,RTX Corporation
2025-12-12,1315309322,SBUX,Starbucks
2025-12-12,1315309322,SCHW,Charles Schwab Corporation
2025-12-12,1315309322,SO,Southern Company
2025-12-12,1315309322,SPG,Simon Property Group
2025-12-12,1315309322,T,AT&T
2025-12-12,1315309322,TGT,Target Corporation
2025-12-12,1315309322,TMO,Thermo Fisher Scientific
2025-12-12,1315309322,TMUS,T-Mobile US
2025-12-12,1315309322,TSLA,"Tesla, Inc."
2025-12-12,1315309322,TXN,Texas Instruments
2025-12-12,1315309322,UBER,Uber
2025-12-12,1315309322,UNH,UnitedHealth Group
2025-12-12,1315309322,UNP,Union Pacific Corporation
2025-12-12,1315309322,UPS,United Parcel Service
2025-12-12,1315309322,USB,U.S. Bancorp
2025-12-12,1315309322,V,Visa Inc.
2025-12-12,1315309322,VZ,Verizon
2025-12-12,1315309322,WFC,Wells Fargo
2025-12-12,1315309322,WMT,Walmart
2025-12-12,1315309322,XOM,ExxonMobil
2025-12-19,1315309322,AAPL,Apple Inc.
2025-12-19,1315309322,ABBV,AbbVie
2025-12-19,1315309322,ABT,Abbott Laboratories
2025-12-19,1315309322,ACN,Accenture
2025-12-19,1315309322,ADBE,Adobe Inc.
2025-12-19,1315309322,AIG,American International Group
2025-12-19,1315309322,AMD,Advanced Micro Devices
2025-12-19,1315309322,AMGN,Amgen
2025-12-19,1315309322,AMT,American Tower
2025-12-19,1315309322,AMZN,Amazon
2025-12-19,1315309322,AVGO,Broadcom
2025-12-19,1315309322,AXP,American Express
2025-12-19,1315309322,BA,Boeing
2025-12-19,1315309322,BAC,Bank of America
2025-12-19,1315309322,BK,BNY Mellon
2025-12-19,1315309322,BKNG,Booking Holdings
2025-12-19,1315309322,BLK,BlackRock
2025-12-19,1315309322,BMY,Bristol Myers Squibb
2025-12-19,1315309322,C,Citigroup
2025-12-19,1315309322,CAT,Caterpillar Inc.
2025-12-19,1315309322,CL,Colgate-Palmolive
2025-12-19,1315309322,CMCSA,Comcast
2025-12-19,1315309322,COF,Capital One
2025-12-19,1315309322,COP,ConocoPhillips
2025-12-19,1315309322,COST,Costco
2025-12-19,1315309322,CRM,Salesforce
2025-12-19,1315309322,CSCO,Cisco
2025-12-19,1315309322,CVS,CVS Health
2025-12-19,1315309322,CVX,Chevron Corporation
2025-12-19,1315309322,DE,Deere & Company
2025-12-19,1315309322,DHR,Danaher Corporation
2025-12-19,1315309322,DIS,Walt Disney Company (The)
2025-12-19,1315309322,DUK,Duke Energy
2025-12-19,1315309322,EMR,Emerson Electric
2025-12-19,1315309322,FDX,FedEx
2025-12-19,1315309322,GD,General Dynamics
2025-12-19,1315309322,GE,GE Aerospace
2025-12-19,1315309322,GILD,Gilead Sciences
2025-12-19,1315309322,GM,General Motors
2025-12-19,1315309322,GOOG,Alphabet Inc.(Class C)
2025-12-19,1315309322,GOOGL,Alphabet Inc. (Class A)
2025-12-19,1315309322,GS,Goldman Sachs
2025-12-19,1315309322,HD,Home Depot
2025-12-19,1315309322,HON,Honeywell
2025-12-19,1315309322,IBM,IBM
2025-12-19,1315309322,INTC,Intel
2025-12-19,1315309322,INTU,Intuit
2025-12-19,1315309322,ISRG,Intuitive Surgical
2025-12-19,1315309322,JNJ,Johnson & Johnson
2025-12-19,1315309322,JPM,JPMorgan Chase
2025-12-19,1315309322,KO,Coca-Cola Company (The)
2025-12-19,1315309322,LIN,Linde plc
2025-12-19,1315309322,LLY,Eli Lilly and Company
2025-12-19,1315309322,LMT,Lockheed Martin
2025-12-19,1315309322,LOW,Lowe's
2025-12-19,1315309322,MA,Mastercard
2025-12-19,1315309322,MCD,McDonald's
2025-12-19,1315309322,MDLZ,Mondelēz International
2025-12-19,1315309322,MDT,Medtronic
2025-12-19,1315309322,MET,MetLife
2025-12-19,1315309322,META,Meta Platforms
2025-12-19,1315309322,MMM,3M
2025-12-19,1315309322,MO,Altria
2025-12-19,1315309322,MRK,Merck & Co.
2025-12-19,1315309322,MS,Morgan Stanley
2025-12-19,1315309322,MSFT,Microsoft
2025-12-19,1315309322,NEE,NextEra Energy
2025-12-19,1315309322,NFLX,"Netflix, Inc."
2025-12-19,1315309322,NKE,"Nike, Inc."
2025-12-19,1315309322,NOW,ServiceNow
2025-12-19,1315309322,NVDA,Nvidia
2025-12-19,1315309322,ORCL,Oracle Corporation
2025-12-19,1315309322,PEP,PepsiCo
2025-12-19,1315309322,PFE,Pfizer
2025-12-19,1315309322,PG,Procter & Gamble
2025-12-19,1315309322,PLTR,Palantir Technologies
2025-12-19,1315309322,PM,Philip Morris International
2025-12-19,1315309322,PYPL,PayPal
2025-12-19,1315309322,QCOM,Qualcomm
2025-12-19,1315309322,RTX,RTX Corporation
2025-12-19,1315309322,SBUX,Starbucks
2025-12-19,1315309322,SCHW,Charles Schwab Corporation
2025-12-19,1315309322,SO,Southern Company
2025-12-19,1315309322,SPG,Simon Property Group
2025-12-19,1315309322,T,AT&T
2025-12-19,1315309322,TGT,Target Corporation
2025-12-19,1315309322,TMO,Thermo Fisher Scientific
2025-12-19,1315309322,TMUS,T-Mobile US
2025-12-19,1315309322,TSLA,"Tesla, Inc."
2025-12-19,1315309322,TXN,Texas Instruments
2025-12-19,1315309322,UBER,Uber
2025-12-19,1315309322,UNH,UnitedHealth Group
2025-12-19,1315309322,UNP,Union Pacific Corporation
2025-12-19,1315309322,UPS,United Parcel Service
2025-12-19,1315309322,USB,U.S. Bancorp
2025-12-19,1315309322,V,Visa Inc.
2025-12-19,1315309322,VZ,Verizon
2025-12-19,1315309322,WFC,Wells Fargo
2025-12-19,1315309322,WMT,Walmart
2025-12-19,1315309322,XOM,ExxonMobil
2025-12-26,1315309322,AAPL,Apple Inc.
2025-12-26,1315309322,ABBV,AbbVie
2025-12-26,1315309322,ABT,Abbott Laboratories
2025-12-26,1315309322,ACN,Accenture
2025-12-26,1315309322,ADBE,Adobe Inc.
2025-12-26,1315309322,AIG,American International Group
2025-12-26,1315309322,AMD,Advanced Micro Devices
2025-12-26,1315309322,AMGN,Amgen
2025-12-26,1315309322,AMT,American Tower
2025-12-26,1315309322,AMZN,Amazon
2025-12-26,1315309322,AVGO,Broadcom
2025-12-26,1315309322,AXP,American Express
2025-12-26,1315309322,BA,Boeing
2025-12-26,1315309322,BAC,Bank of America
2025-12-26,1315309322,BK,BNY Mellon
2025-12-26,1315309322,BKNG,Booking Holdings
2025-12-26,1315309322,BLK,BlackRock
2025-12-26,1315309322,BMY,Bristol Myers Squibb
2025-12-26,1315309322,C,Citigroup
2025-12-26,1315309322,CAT,Caterpillar Inc.
2025-12-26,1315309322,CL,Colgate-Palmolive
2025-12-26,1315309322,CMCSA,Comcast
2025-12-26,1315309322,COF,Capital One
2025-12-26,1315309322,COP,ConocoPhillips
2025-12-26,1315309322,COST,Costco
2025-12-26,1315309322,CRM,Salesforce
2025-12-26,1315309322,CSCO,Cisco
2025-12-26,1315309322,CVS,CVS Health
2025-12-26,1315309322,CVX,Chevron Corporation
2025-12-26,1315309322,DE,Deere & Company
2025-12-26,1315309322,DHR,Danaher Corporation
2025-12-26,1315309322,DIS,Walt Disney Company (The)
2025-12-26,1315309322,DUK,Duke Energy
2025-12-26,1315309322,EMR,Emerson Electric
2025-12-26,1315309322,FDX,FedEx
2025-12-26,1315309322,GD,General Dynamics
2025-12-26,1315309322,GE,GE Aerospace
2025-12-26,1315309322,GILD,Gilead Sciences
2025-12-26,1315309322,GM,General Motors
2025-12-26,1315309322,GOOG,Alphabet Inc.(Class C)
2025-12-26,1315309322,GOOGL,Alphabet Inc. (Class A)
2025-12-26,1315309322,GS,Goldman Sachs
2025-12-26,1315309322,HD,Home Depot
2025-12-26,1315309322,HON,Honeywell
2025-12-26,1315309322,IBM,IBM
2025-12-26,1315309322,INTC,Intel
2025-12-26,1315309322,INTU,Intuit
2025-12-26,1315309322,ISRG,Intuitive Surgical
2025-12-26,1315309322,JNJ,Johnson & Johnson
2025-12-26,1315309322,JPM,JPMorgan Chase
2025-12-26,1315309322,KO,Coca-Cola Company (The)
2025-12-26,1315309322,LIN,Linde plc
2025-12-26,1315309322,LLY,Eli Lilly and Company
2025-12-26,1315309322,LMT,Lockheed Martin
2025-12-26,1315309322,LOW,Lowe's
2025-12-26,1315309322,MA,Mastercard
2025-12-26,1315309322,MCD,McDonald's
2025-12-26,1315309322,MDLZ,Mondelēz International
2025-12-26,1315309322,MDT,Medtronic
2025-12-26,1315309322,MET,MetLife
2025-12-26,1315309322,META,Meta Platforms
2025-12-26,1315309322,MMM,3M
2025-12-26,1315309322,MO,Altria
2025-12-26,1315309322,MRK,Merck & Co.
2025-12-26,1315309322,MS,Morgan Stanley
2025-12-26,1315309322,MSFT,Microsoft
2025-12-26,1315309322,NEE,NextEra Energy
2025-12-26,1315309322,NFLX,"Netflix, Inc."
2025-12-26,1315309322,NKE,"Nike, Inc."
2025-12-26,1315309322,NOW,ServiceNow
2025-12-26,1315309322,NVDA,Nvidia
2025-12-26,1315309322,ORCL,Oracle Corporation
2025-12-26,1315309322,PEP,PepsiCo
2025-12-26,1315309322,PFE,Pfizer
2025-12-26,1315309322,PG,Procter & Gamble
2025-12-26,1315309322,PLTR,Palantir Technologies
2025-12-26,1315309322,PM,Philip Morris International
2025-12-26,1315309322,PYPL,PayPal
2025-12-26,1315309322,QCOM,Qualcomm
2025-12-26,1315309322,RTX,RTX Corporation
2025-12-26,1315309322,SBUX,Starbucks
2025-12-26,1315309322,SCHW,Charles Schwab Corporation
2025-12-26,1315309322,SO,Southern Company
2025-12-26,1315309322,SPG,Simon Property Group
2025-12-26,1315309322,T,AT&T
2025-12-26,1315309322,TGT,Target Corporation
2025-12-26,1315309322,TMO,Thermo Fisher Scientific
2025-12-26,1315309322,TMUS,T-Mobile US
2025-12-26,1315309322,TSLA,"Tesla, Inc."
2025-12-26,1315309322,TXN,Texas Instruments
2025-12-26,1315309322,UBER,Uber
2025-12-26,1315309322,UNH,UnitedHealth Group
2025-12-26,1315309322,UNP,Union Pacific Corporation
2025-12-26,1315309322,UPS,United Parcel Service
2025-12-26,1315309322,USB,U.S. Bancorp
2025-12-26,1315309322,V,Visa Inc.
2025-12-26,1315309322,VZ,Verizon
2025-12-26,1315309322,WFC,Wells Fargo
2025-12-26,1315309322,WMT,Walmart
2025-12-26,1315309322,XOM,ExxonMobil
